Year,Entidad federativa,GeoCode,Value
2018,Estados Unidos Mexicanos,0,88.88438
2017,Estados Unidos Mexicanos,0,83.40752
2016,Estados Unidos Mexicanos,0,89.51966
2015,Estados Unidos Mexicanos,0,96.6876
2014,Estados Unidos Mexicanos,0,91.79974
2013,Estados Unidos Mexicanos,0,85.29816
2012,Estados Unidos Mexicanos,0,86.45053
2011,Estados Unidos Mexicanos,0,82.06595
2010,Estados Unidos Mexicanos,0,80.6929
2009,Estados Unidos Mexicanos,0,77.80058
2008,Estados Unidos Mexicanos,0,71.29333
2007,Estados Unidos Mexicanos,0,69.94972
2006,Estados Unidos Mexicanos,0,71.12259
2005,Estados Unidos Mexicanos,0,73.34591
2004,Estados Unidos Mexicanos,0,75.66416
2003,Estados Unidos Mexicanos,0,73.46896
2002,Estados Unidos Mexicanos,0,74.89982
2001,Estados Unidos Mexicanos,0,78.46708
2000,Estados Unidos Mexicanos,0,75.31462
1999,Estados Unidos Mexicanos,0,73.57674
1998,Estados Unidos Mexicanos,0,73.86309
1997,Estados Unidos Mexicanos,0,89.28458
1996,Estados Unidos Mexicanos,0,91.20177
1995,Estados Unidos Mexicanos,0,86.98034
1994,Estados Unidos Mexicanos,0,86.99914
1993,Estados Unidos Mexicanos,0,69.20091
2018,Aguascalientes,1,101.8963
2017,Aguascalientes,1,95.5999
2016,Aguascalientes,1,98.88382
2015,Aguascalientes,1,113.60814
2014,Aguascalientes,1,94.36365
2013,Aguascalientes,1,98.36006
2012,Aguascalientes,1,90.42238
2011,Aguascalientes,1,82.38427
2010,Aguascalientes,1,83.27198
2009,Aguascalientes,1,94.9491
2008,Aguascalientes,1,97.9205
2007,Aguascalientes,1,96.12364
2006,Aguascalientes,1,81.67617
2005,Aguascalientes,1,81.56225
2004,Aguascalientes,1,91.80403
2003,Aguascalientes,1,91.8447
2002,Aguascalientes,1,90.69982
2001,Aguascalientes,1,77.26591
2000,Aguascalientes,1,81.94108
1999,Aguascalientes,1,86.05633
1998,Aguascalientes,1,81.79758
1997,Aguascalientes,1,94.73441
1996,Aguascalientes,1,97.86938
1995,Aguascalientes,1,92.84048
1994,Aguascalientes,1,91.33945
1993,Aguascalientes,1,89.8646
2018,Baja California,2,75.01832
2017,Baja California,2,68.85064
2016,Baja California,2,80.91775
2015,Baja California,2,93.95725
2014,Baja California,2,87.1284
2013,Baja California,2,72.58904
2012,Baja California,2,94.66542
2011,Baja California,2,92.65599
2010,Baja California,2,81.83941
2009,Baja California,2,86.48893
2008,Baja California,2,74.02691
2007,Baja California,2,73.07706
2006,Baja California,2,77.50035
2005,Baja California,2,77.49024
2004,Baja California,2,82.10818
2003,Baja California,2,90.5211
2002,Baja California,2,85.82417
2001,Baja California,2,94.55118
2000,Baja California,2,80.01521
1999,Baja California,2,71.09833
1998,Baja California,2,73.93482
1997,Baja California,2,73.93227
1996,Baja California,2,84.27536
1995,Baja California,2,91.14796
1994,Baja California,2,87.4167
1993,Baja California,2,84.16912
2018,Baja California Sur,3,93.96985
2017,Baja California Sur,3,86.29591
2016,Baja California Sur,3,94.18591
2015,Baja California Sur,3,95.21762
2014,Baja California Sur,3,90.57121
2013,Baja California Sur,3,97.35169
2012,Baja California Sur,3,82.02458
2011,Baja California Sur,3,69.09163
2010,Baja California Sur,3,68.61962
2009,Baja California Sur,3,75.84448
2008,Baja California Sur,3,71.05556
2007,Baja California Sur,3,72.13273
2006,Baja California Sur,3,74.7788
2005,Baja California Sur,3,78.07895
2004,Baja California Sur,3,78.95127
2003,Baja California Sur,3,76.21974
2002,Baja California Sur,3,69.10561
2001,Baja California Sur,3,74.29213
2000,Baja California Sur,3,75.80757
1999,Baja California Sur,3,77.74898
1998,Baja California Sur,3,87.10749
1997,Baja California Sur,3,80.78723
1996,Baja California Sur,3,90.94382
1995,Baja California Sur,3,90.82713
1994,Baja California Sur,3,91.66579
1993,Baja California Sur,3,82.62264
2018,Campeche,4,89.64817
2017,Campeche,4,86.34719
2016,Campeche,4,96.43332
2015,Campeche,4,104.05193
2014,Campeche,4,95.48605
2013,Campeche,4,98.95298
2012,Campeche,4,86.32073
2011,Campeche,4,82.42476
2010,Campeche,4,77.73559
2009,Campeche,4,68.71401
2008,Campeche,4,86.87071
2007,Campeche,4,88.85883
2006,Campeche,4,92.08779
2005,Campeche,4,94.37952
2004,Campeche,4,91.23288
2003,Campeche,4,89.65341
2002,Campeche,4,86.69649
2001,Campeche,4,90.30528
2000,Campeche,4,82.49067
1999,Campeche,4,84.89518
1998,Campeche,4,89.03839
1997,Campeche,4,99.65144
1996,Campeche,4,99.70808
1995,Campeche,4,99.60561
1994,Campeche,4,99.22283
1993,Campeche,4,85.67847
2018,Coahuila de Zaragoza,5,96.21375
2017,Coahuila de Zaragoza,5,102.68775
2016,Coahuila de Zaragoza,5,103.59009
2015,Coahuila de Zaragoza,5,111.64883
2014,Coahuila de Zaragoza,5,95.26757
2013,Coahuila de Zaragoza,5,84.31649
2012,Coahuila de Zaragoza,5,86.14872
2011,Coahuila de Zaragoza,5,82.0853
2010,Coahuila de Zaragoza,5,81.62389
2009,Coahuila de Zaragoza,5,85.01239
2008,Coahuila de Zaragoza,5,71.64776
2007,Coahuila de Zaragoza,5,62.48211
2006,Coahuila de Zaragoza,5,62.3471
2005,Coahuila de Zaragoza,5,62.14342
2004,Coahuila de Zaragoza,5,65.86973
2003,Coahuila de Zaragoza,5,67.14779
2002,Coahuila de Zaragoza,5,73.59555
2001,Coahuila de Zaragoza,5,75.26241
2000,Coahuila de Zaragoza,5,73.2584
1999,Coahuila de Zaragoza,5,72.97341
1998,Coahuila de Zaragoza,5,71.345
1997,Coahuila de Zaragoza,5,92.99337
1996,Coahuila de Zaragoza,5,93.08611
1995,Coahuila de Zaragoza,5,78.68144
1994,Coahuila de Zaragoza,5,74.83726
1993,Coahuila de Zaragoza,5,60.58258
2018,Colima,6,74.38507
2017,Colima,6,78.90042
2016,Colima,6,82.68219
2015,Colima,6,86.46341
2014,Colima,6,90.52703
2013,Colima,6,99.25908
2012,Colima,6,84.52632
2011,Colima,6,77.64811
2010,Colima,6,67.63436
2009,Colima,6,75.94582
2008,Colima,6,112.32143
2007,Colima,6,72.49055
2006,Colima,6,74.35197
2005,Colima,6,77.31331
2004,Colima,6,78.12816
2003,Colima,6,76.81159
2002,Colima,6,73.16341
2001,Colima,6,82.95152
2000,Colima,6,80.08384
1999,Colima,6,81.94397
1998,Colima,6,69.05478
1997,Colima,6,93.93319
1996,Colima,6,94.90415
1995,Colima,6,96.67953
1994,Colima,6,98.38105
1993,Colima,6,91.08911
2018,Chiapas,7,76.9442
2017,Chiapas,7,65.64138
2016,Chiapas,7,73.98032
2015,Chiapas,7,82.23152
2014,Chiapas,7,89.2244
2013,Chiapas,7,86.73868
2012,Chiapas,7,85.37451
2011,Chiapas,7,80.36402
2010,Chiapas,7,78.94895
2009,Chiapas,7,72.83569
2008,Chiapas,7,68.66806
2007,Chiapas,7,66.74701
2006,Chiapas,7,60.395
2005,Chiapas,7,66.09784
2004,Chiapas,7,63.35335
2003,Chiapas,7,65.52703
2002,Chiapas,7,67.75407
2001,Chiapas,7,73.09603
2000,Chiapas,7,62.16743
1999,Chiapas,7,59.70545
1998,Chiapas,7,60.8457
1997,Chiapas,7,82.05128
1996,Chiapas,7,76.14803
1995,Chiapas,7,71.43537
1994,Chiapas,7,71.19181
1993,Chiapas,7,69.24907
2018,Chihuahua,8,76.06704
2017,Chihuahua,8,80.65426
2016,Chihuahua,8,86.46303
2015,Chihuahua,8,96.5247
2014,Chihuahua,8,91.41114
2013,Chihuahua,8,76.09591
2012,Chihuahua,8,83.20114
2011,Chihuahua,8,81.75263
2010,Chihuahua,8,80.45087
2009,Chihuahua,8,77.46138
2008,Chihuahua,8,88.18958
2007,Chihuahua,8,40.13808
2006,Chihuahua,8,72.02456
2005,Chihuahua,8,73.03124
2004,Chihuahua,8,74.15586
2003,Chihuahua,8,68.14447
2002,Chihuahua,8,64.37166
2001,Chihuahua,8,70.1946
2000,Chihuahua,8,62.28491
1999,Chihuahua,8,67.41626
1998,Chihuahua,8,70.92054
1997,Chihuahua,8,85.89932
1996,Chihuahua,8,88.91094
1995,Chihuahua,8,91.6681
1994,Chihuahua,8,89.25034
1993,Chihuahua,8,81.05746
2018,Ciudad de México,9,84.27567
2017,Ciudad de México,9,90.65672
2016,Ciudad de México,9,95.26186
2015,Ciudad de México,9,101.47066
2014,Ciudad de México,9,95.99706
2013,Ciudad de México,9,99.47688
2012,Ciudad de México,9,94.88267
2011,Ciudad de México,9,93.373
2010,Ciudad de México,9,90.84615
2009,Ciudad de México,9,79.41817
2008,Ciudad de México,9,53.69824
2007,Ciudad de México,9,59.98612
2006,Ciudad de México,9,61.30726
2005,Ciudad de México,9,59.94026
2004,Ciudad de México,9,50.02627
2003,Ciudad de México,9,47.38444
2002,Ciudad de México,9,35.01232
2001,Ciudad de México,9,42.74217
2000,Ciudad de México,9,49.82213
1999,Ciudad de México,9,47.05762
1998,Ciudad de México,9,35.63261
1997,Ciudad de México,9,76.21126
1996,Ciudad de México,9,78.29691
1995,Ciudad de México,9,56.2026
1994,Ciudad de México,9,76.95773
1993,Ciudad de México,9,
2018,Durango,10,90.44958
2017,Durango,10,87.7211
2016,Durango,10,92.89816
2015,Durango,10,105.96426
2014,Durango,10,93.71412
2013,Durango,10,91.58313
2012,Durango,10,84.16301
2011,Durango,10,80.3572
2010,Durango,10,79.94605
2009,Durango,10,79.57463
2008,Durango,10,75.07889
2007,Durango,10,73.59679
2006,Durango,10,77.37778
2005,Durango,10,80.23808
2004,Durango,10,79.86985
2003,Durango,10,75.76428
2002,Durango,10,80.54186
2001,Durango,10,82.68375
2000,Durango,10,76.10636
1999,Durango,10,81.93901
1998,Durango,10,77.92918
1997,Durango,10,89.79204
1996,Durango,10,91.37636
1995,Durango,10,92.54121
1994,Durango,10,88.6421
1993,Durango,10,75.7531
2018,Guanajuato,11,103.26793
2017,Guanajuato,11,95.91344
2016,Guanajuato,11,95.13447
2015,Guanajuato,11,113.56234
2014,Guanajuato,11,99.3092
2013,Guanajuato,11,95.30698
2012,Guanajuato,11,88.35755
2011,Guanajuato,11,80.86278
2010,Guanajuato,11,79.32496
2009,Guanajuato,11,82.81504
2008,Guanajuato,11,93.11314
2007,Guanajuato,11,90.14697
2006,Guanajuato,11,88.76752
2005,Guanajuato,11,95.22319
2004,Guanajuato,11,93.31989
2003,Guanajuato,11,92.26627
2002,Guanajuato,11,90.56169
2001,Guanajuato,11,92.85229
2000,Guanajuato,11,86.95205
1999,Guanajuato,11,78.85344
1998,Guanajuato,11,77.12949
1997,Guanajuato,11,87.85325
1996,Guanajuato,11,87.33611
1995,Guanajuato,11,82.1361
1994,Guanajuato,11,84.76837
1993,Guanajuato,11,80.73577
2018,Guerrero,12,120.15835
2017,Guerrero,12,71.53806
2016,Guerrero,12,75.25538
2015,Guerrero,12,100.60419
2014,Guerrero,12,94.38677
2013,Guerrero,12,63.47434
2012,Guerrero,12,84.73354
2011,Guerrero,12,76.05967
2010,Guerrero,12,70.65951
2009,Guerrero,12,66.91871
2008,Guerrero,12,82.1652
2007,Guerrero,12,89.66958
2006,Guerrero,12,87.17452
2005,Guerrero,12,92.15377
2004,Guerrero,12,93.43242
2003,Guerrero,12,91.12471
2002,Guerrero,12,89.51714
2001,Guerrero,12,96.29183
2000,Guerrero,12,84.93742
1999,Guerrero,12,77.11625
1998,Guerrero,12,81.31539
1997,Guerrero,12,95.79604
1996,Guerrero,12,96.59594
1995,Guerrero,12,93.94788
1994,Guerrero,12,93.32907
1993,Guerrero,12,83.56276
2018,Hidalgo,13,95.00024
2017,Hidalgo,13,90.85572
2016,Hidalgo,13,90.49904
2015,Hidalgo,13,109.40184
2014,Hidalgo,13,90.02642
2013,Hidalgo,13,74.2424
2012,Hidalgo,13,84.50339
2011,Hidalgo,13,77.08637
2010,Hidalgo,13,76.9146
2009,Hidalgo,13,70.95004
2008,Hidalgo,13,78.37009
2007,Hidalgo,13,83.257
2006,Hidalgo,13,77.47366
2005,Hidalgo,13,79.77487
2004,Hidalgo,13,79.28299
2003,Hidalgo,13,81.54539
2002,Hidalgo,13,79.97706
2001,Hidalgo,13,82.71166
2000,Hidalgo,13,78.0757
1999,Hidalgo,13,75.15722
1998,Hidalgo,13,76.60322
1997,Hidalgo,13,97.42259
1996,Hidalgo,13,98.55837
1995,Hidalgo,13,96.88682
1994,Hidalgo,13,92.55021
1993,Hidalgo,13,81.14893
2018,Jalisco,14,75.82275
2017,Jalisco,14,84.11256
2016,Jalisco,14,85.61242
2015,Jalisco,14,95.86855
2014,Jalisco,14,89.3291
2013,Jalisco,14,81.56272
2012,Jalisco,14,85.39376
2011,Jalisco,14,79.90558
2010,Jalisco,14,80.05209
2009,Jalisco,14,76.20469
2008,Jalisco,14,80.61226
2007,Jalisco,14,71.40685
2006,Jalisco,14,68.5514
2005,Jalisco,14,79.84505
2004,Jalisco,14,79.14203
2003,Jalisco,14,86.39943
2002,Jalisco,14,76.68818
2001,Jalisco,14,88.03662
2000,Jalisco,14,96.77383
1999,Jalisco,14,95.0082
1998,Jalisco,14,98.86046
1997,Jalisco,14,91.39097
1996,Jalisco,14,91.82396
1995,Jalisco,14,84.30872
1994,Jalisco,14,87.64798
1993,Jalisco,14,64.0134
2018,México,15,88.15085
2017,México,15,71.43673
2016,México,15,88.09251
2015,México,15,86.75127
2014,México,15,84.26188
2013,México,15,73.16159
2012,México,15,84.01432
2011,México,15,84.53744
2010,México,15,84.02522
2009,México,15,76.12485
2008,México,15,52.34508
2007,México,15,53.58828
2006,México,15,53.88231
2005,México,15,59.08396
2004,México,15,74.2767
2003,México,15,57.19768
2002,México,15,78.04123
2001,México,15,81.53972
2000,México,15,75.80877
1999,México,15,71.02132
1998,México,15,77.4286
1997,México,15,86.3037
1996,México,15,88.01844
1995,México,15,86.37849
1994,México,15,86.19371
1993,México,15,69.6998
2018,Michoacán de Ocampo,16,95.64385
2017,Michoacán de Ocampo,16,79.47215
2016,Michoacán de Ocampo,16,92.46304
2015,Michoacán de Ocampo,16,101.31449
2014,Michoacán de Ocampo,16,98.35264
2013,Michoacán de Ocampo,16,96.50625
2012,Michoacán de Ocampo,16,84.14235
2011,Michoacán de Ocampo,16,75.04651
2010,Michoacán de Ocampo,16,75.41277
2009,Michoacán de Ocampo,16,80.50981
2008,Michoacán de Ocampo,16,79.87328
2007,Michoacán de Ocampo,16,80.03274
2006,Michoacán de Ocampo,16,79.09449
2005,Michoacán de Ocampo,16,67.81755
2004,Michoacán de Ocampo,16,81.70542
2003,Michoacán de Ocampo,16,87.5853
2002,Michoacán de Ocampo,16,86.94289
2001,Michoacán de Ocampo,16,82.55101
2000,Michoacán de Ocampo,16,80.4164
1999,Michoacán de Ocampo,16,79.53485
1998,Michoacán de Ocampo,16,64.16229
1997,Michoacán de Ocampo,16,91.78086
1996,Michoacán de Ocampo,16,93.05758
1995,Michoacán de Ocampo,16,92.24288
1994,Michoacán de Ocampo,16,89.88732
1993,Michoacán de Ocampo,16,71.79066
2018,Morelos,17,91.81724
2017,Morelos,17,83.3473
2016,Morelos,17,98.15067
2015,Morelos,17,103.30611
2014,Morelos,17,92.42123
2013,Morelos,17,97.01286
2012,Morelos,17,84.94713
2011,Morelos,17,79.96285
2010,Morelos,17,80.66063
2009,Morelos,17,83.53075
2008,Morelos,17,77.51889
2007,Morelos,17,78.52516
2006,Morelos,17,75.8598
2005,Morelos,17,77.87348
2004,Morelos,17,82.72374
2003,Morelos,17,77.25724
2002,Morelos,17,79.30745
2001,Morelos,17,85.52382
2000,Morelos,17,74.23657
1999,Morelos,17,77.20908
1998,Morelos,17,83.14314
1997,Morelos,17,91.34021
1996,Morelos,17,95.61461
1995,Morelos,17,88.74966
1994,Morelos,17,89.31204
1993,Morelos,17,90.08132
2018,Nayarit,18,75.14866
2017,Nayarit,18,72.99946
2016,Nayarit,18,86.77205
2015,Nayarit,18,93.01106
2014,Nayarit,18,91.54821
2013,Nayarit,18,85.2008
2012,Nayarit,18,78.93805
2011,Nayarit,18,71.3411
2010,Nayarit,18,67.9866
2009,Nayarit,18,78.61232
2008,Nayarit,18,78.33734
2007,Nayarit,18,80.91001
2006,Nayarit,18,78.92859
2005,Nayarit,18,80.88069
2004,Nayarit,18,76.03078
2003,Nayarit,18,78.61039
2002,Nayarit,18,76.89935
2001,Nayarit,18,76.89524
2000,Nayarit,18,89.16203
1999,Nayarit,18,79.24078
1998,Nayarit,18,79.02652
1997,Nayarit,18,97.32257
1996,Nayarit,18,99.09637
1995,Nayarit,18,99.36958
1994,Nayarit,18,95.62111
1993,Nayarit,18,90.99546
2018,Nuevo León,19,99.39036
2017,Nuevo León,19,104.26766
2016,Nuevo León,19,99.1759
2015,Nuevo León,19,114.0645
2014,Nuevo León,19,98.85921
2013,Nuevo León,19,89.89846
2012,Nuevo León,19,87.12778
2011,Nuevo León,19,82.77174
2010,Nuevo León,19,83.45506
2009,Nuevo León,19,66.92704
2008,Nuevo León,19,64.67903
2007,Nuevo León,19,66.35558
2006,Nuevo León,19,74.46188
2005,Nuevo León,19,73.60103
2004,Nuevo León,19,73.19358
2003,Nuevo León,19,72.39673
2002,Nuevo León,19,71.95046
2001,Nuevo León,19,69.0858
2000,Nuevo León,19,66.20399
1999,Nuevo León,19,66.68549
1998,Nuevo León,19,66.43138
1997,Nuevo León,19,96.30631
1996,Nuevo León,19,96.70273
1995,Nuevo León,19,95.24574
1994,Nuevo León,19,85.93084
1993,Nuevo León,19,82.02531
2018,Oaxaca,20,81.08848
2017,Oaxaca,20,79.4872
2016,Oaxaca,20,89.0262
2015,Oaxaca,20,89.28619
2014,Oaxaca,20,87.68279
2013,Oaxaca,20,75.28864
2012,Oaxaca,20,83.478
2011,Oaxaca,20,71.9343
2010,Oaxaca,20,71.84091
2009,Oaxaca,20,69.03735
2008,Oaxaca,20,72.50907
2007,Oaxaca,20,75.07148
2006,Oaxaca,20,72.72782
2005,Oaxaca,20,77.49178
2004,Oaxaca,20,72.99125
2003,Oaxaca,20,74.01251
2002,Oaxaca,20,73.85844
2001,Oaxaca,20,77.63142
2000,Oaxaca,20,76.81142
1999,Oaxaca,20,70.94584
1998,Oaxaca,20,73.98407
1997,Oaxaca,20,88.15224
1996,Oaxaca,20,91.6107
1995,Oaxaca,20,89.16279
1994,Oaxaca,20,82.05243
1993,Oaxaca,20,65.90513
2018,Puebla,21,90.15354
2017,Puebla,21,93.69439
2016,Puebla,21,85.36928
2015,Puebla,21,97.12524
2014,Puebla,21,92.63095
2013,Puebla,21,91.48025
2012,Puebla,21,85.93998
2011,Puebla,21,83.97834
2010,Puebla,21,82.92887
2009,Puebla,21,80.96249
2008,Puebla,21,73.31044
2007,Puebla,21,73.26694
2006,Puebla,21,75.59662
2005,Puebla,21,71.63588
2004,Puebla,21,71.31324
2003,Puebla,21,75.76007
2002,Puebla,21,74.25219
2001,Puebla,21,74.42416
2000,Puebla,21,69.80511
1999,Puebla,21,62.87746
1998,Puebla,21,61.95819
1997,Puebla,21,90.47855
1996,Puebla,21,90.64475
1995,Puebla,21,88.48469
1994,Puebla,21,88.88414
1993,Puebla,21,67.23104
2018,Querétaro,22,93.50778
2017,Querétaro,22,96.41714
2016,Querétaro,22,101.95243
2015,Querétaro,22,114.24748
2014,Querétaro,22,96.5161
2013,Querétaro,22,98.8682
2012,Querétaro,22,89.5386
2011,Querétaro,22,84.23628
2010,Querétaro,22,81.76129
2009,Querétaro,22,75.03288
2008,Querétaro,22,74.51797
2007,Querétaro,22,71.22687
2006,Querétaro,22,74.30315
2005,Querétaro,22,75.66682
2004,Querétaro,22,94.03821
2003,Querétaro,22,91.83395
2002,Querétaro,22,94.21119
2001,Querétaro,22,89.04019
2000,Querétaro,22,85.15776
1999,Querétaro,22,90.39434
1998,Querétaro,22,91.87764
1997,Querétaro,22,85.40037
1996,Querétaro,22,93.30368
1995,Querétaro,22,88.14712
1994,Querétaro,22,87.16463
1993,Querétaro,22,76.73528
2018,Quintana Roo,23,84.47601
2017,Quintana Roo,23,80.41229
2016,Quintana Roo,23,84.71473
2015,Quintana Roo,23,96.30821
2014,Quintana Roo,23,84.05784
2013,Quintana Roo,23,81.66439
2012,Quintana Roo,23,90.22446
2011,Quintana Roo,23,90.31002
2010,Quintana Roo,23,78.43516
2009,Quintana Roo,23,78.39617
2008,Quintana Roo,23,62.30755
2007,Quintana Roo,23,47.77169
2006,Quintana Roo,23,50.65909
2005,Quintana Roo,23,60.02571
2004,Quintana Roo,23,60.59915
2003,Quintana Roo,23,72.62885
2002,Quintana Roo,23,80.95043
2001,Quintana Roo,23,84.86083
2000,Quintana Roo,23,84.80008
1999,Quintana Roo,23,81.23185
1998,Quintana Roo,23,74.59751
1997,Quintana Roo,23,95.96574
1996,Quintana Roo,23,98.77349
1995,Quintana Roo,23,95.9677
1994,Quintana Roo,23,94.53683
1993,Quintana Roo,23,78.91761
2018,San Luis Potosí,24,98.03282
2017,San Luis Potosí,24,95.77759
2016,San Luis Potosí,24,99.6128
2015,San Luis Potosí,24,112.88316
2014,San Luis Potosí,24,99.50996
2013,San Luis Potosí,24,92.79178
2012,San Luis Potosí,24,87.26488
2011,San Luis Potosí,24,81.08465
2010,San Luis Potosí,24,80.31079
2009,San Luis Potosí,24,71.22216
2008,San Luis Potosí,24,82.19651
2007,San Luis Potosí,24,76.51348
2006,San Luis Potosí,24,79.7142
2005,San Luis Potosí,24,78.74824
2004,San Luis Potosí,24,74.96075
2003,San Luis Potosí,24,74.64733
2002,San Luis Potosí,24,67.21657
2001,San Luis Potosí,24,75.51801
2000,San Luis Potosí,24,71.88114
1999,San Luis Potosí,24,69.62369
1998,San Luis Potosí,24,72.21892
1997,San Luis Potosí,24,87.79534
1996,San Luis Potosí,24,94.00655
1995,San Luis Potosí,24,89.85265
1994,San Luis Potosí,24,86.85742
1993,San Luis Potosí,24,75.80022
2018,Sinaloa,25,89.81013
2017,Sinaloa,25,81.95138
2016,Sinaloa,25,95.00095
2015,Sinaloa,25,106.81284
2014,Sinaloa,25,95.44266
2013,Sinaloa,25,88.68162
2012,Sinaloa,25,82.20727
2011,Sinaloa,25,77.10052
2010,Sinaloa,25,78.22314
2009,Sinaloa,25,75.07961
2008,Sinaloa,25,82.95423
2007,Sinaloa,25,88.12961
2006,Sinaloa,25,88.4419
2005,Sinaloa,25,89.54253
2004,Sinaloa,25,90.75262
2003,Sinaloa,25,84.97423
2002,Sinaloa,25,83.21541
2001,Sinaloa,25,84.71006
2000,Sinaloa,25,86.05445
1999,Sinaloa,25,92.33433
1998,Sinaloa,25,95.50613
1997,Sinaloa,25,94.80682
1996,Sinaloa,25,98.87398
1995,Sinaloa,25,99.12059
1994,Sinaloa,25,97.5788
1993,Sinaloa,25,86.2405
2018,Sonora,26,86.80422
2017,Sonora,26,85.87442
2016,Sonora,26,90.11226
2015,Sonora,26,104.83143
2014,Sonora,26,94.64509
2013,Sonora,26,72.06849
2012,Sonora,26,84.11127
2011,Sonora,26,77.4304
2010,Sonora,26,78.89845
2009,Sonora,26,78.49227
2008,Sonora,26,88.60325
2007,Sonora,26,86.86985
2006,Sonora,26,82.37605
2005,Sonora,26,89.20352
2004,Sonora,26,92.62292
2003,Sonora,26,88.51916
2002,Sonora,26,85.75922
2001,Sonora,26,84.67326
2000,Sonora,26,80.5279
1999,Sonora,26,87.24721
1998,Sonora,26,88.60653
1997,Sonora,26,88.40928
1996,Sonora,26,96.91681
1995,Sonora,26,96.26994
1994,Sonora,26,92.53013
1993,Sonora,26,78.32175
2018,Tabasco,27,89.96391
2017,Tabasco,27,90.42564
2016,Tabasco,27,99.47579
2015,Tabasco,27,109.6135
2014,Tabasco,27,100.42002
2013,Tabasco,27,111.58453
2012,Tabasco,27,85.4303
2011,Tabasco,27,77.27591
2010,Tabasco,27,79.39001
2009,Tabasco,27,87.09126
2008,Tabasco,27,83.01715
2007,Tabasco,27,83.62588
2006,Tabasco,27,85.86727
2005,Tabasco,27,85.79913
2004,Tabasco,27,93.33742
2003,Tabasco,27,89.28571
2002,Tabasco,27,88.10804
2001,Tabasco,27,90.60657
2000,Tabasco,27,88.79627
1999,Tabasco,27,86.04472
1998,Tabasco,27,84.22398
1997,Tabasco,27,97.56608
1996,Tabasco,27,99.48552
1995,Tabasco,27,99.73099
1994,Tabasco,27,98.61534
1993,Tabasco,27,88.75251
2018,Tamaulipas,28,84.20953
2017,Tamaulipas,28,86.83049
2016,Tamaulipas,28,95.24961
2015,Tamaulipas,28,108.43887
2014,Tamaulipas,28,90.64974
2013,Tamaulipas,28,92.05076
2012,Tamaulipas,28,87.40094
2011,Tamaulipas,28,85.31084
2010,Tamaulipas,28,80.75109
2009,Tamaulipas,28,76.83151
2008,Tamaulipas,28,67.37602
2007,Tamaulipas,28,71.41172
2006,Tamaulipas,28,72.43595
2005,Tamaulipas,28,74.19432
2004,Tamaulipas,28,60.93022
2003,Tamaulipas,28,63.38472
2002,Tamaulipas,28,70.80228
2001,Tamaulipas,28,69.47084
2000,Tamaulipas,28,65.48528
1999,Tamaulipas,28,68.65957
1998,Tamaulipas,28,76.43946
1997,Tamaulipas,28,92.81323
1996,Tamaulipas,28,96.77298
1995,Tamaulipas,28,89.45496
1994,Tamaulipas,28,87.98759
1993,Tamaulipas,28,72.1745
2018,Tlaxcala,29,93.31409
2017,Tlaxcala,29,93.07394
2016,Tlaxcala,29,93.84673
2015,Tlaxcala,29,111.98246
2014,Tlaxcala,29,93.95518
2013,Tlaxcala,29,95.55828
2012,Tlaxcala,29,86.36967
2011,Tlaxcala,29,85.58287
2010,Tlaxcala,29,81.98129
2009,Tlaxcala,29,84.81526
2008,Tlaxcala,29,82.65347
2007,Tlaxcala,29,84.13234
2006,Tlaxcala,29,84.00957
2005,Tlaxcala,29,78.31822
2004,Tlaxcala,29,78.48257
2003,Tlaxcala,29,45.00894
2002,Tlaxcala,29,83.77165
2001,Tlaxcala,29,86.70293
2000,Tlaxcala,29,81.24826
1999,Tlaxcala,29,81.46598
1998,Tlaxcala,29,88.54383
1997,Tlaxcala,29,96.15
1996,Tlaxcala,29,98.49262
1995,Tlaxcala,29,95.09262
1994,Tlaxcala,29,82.85225
1993,Tlaxcala,29,73.54118
2018,Veracruz de Ignacio de la Llave,30,85.30781
2017,Veracruz de Ignacio de la Llave,30,80.43805
2016,Veracruz de Ignacio de la Llave,30,82.69374
2015,Veracruz de Ignacio de la Llave,30,61.32803
2014,Veracruz de Ignacio de la Llave,30,87.57228
2013,Veracruz de Ignacio de la Llave,30,83.04592
2012,Veracruz de Ignacio de la Llave,30,90.55745
2011,Veracruz de Ignacio de la Llave,30,85.78187
2010,Veracruz de Ignacio de la Llave,30,84.85285
2009,Veracruz de Ignacio de la Llave,30,83.5867
2008,Veracruz de Ignacio de la Llave,30,53.04571
2007,Veracruz de Ignacio de la Llave,30,60.50741
2006,Veracruz de Ignacio de la Llave,30,64.95545
2005,Veracruz de Ignacio de la Llave,30,65.82388
2004,Veracruz de Ignacio de la Llave,30,70.71224
2003,Veracruz de Ignacio de la Llave,30,69.65938
2002,Veracruz de Ignacio de la Llave,30,68.68103
2001,Veracruz de Ignacio de la Llave,30,75.51433
2000,Veracruz de Ignacio de la Llave,30,72.29522
1999,Veracruz de Ignacio de la Llave,30,75.97263
1998,Veracruz de Ignacio de la Llave,30,76.38325
1997,Veracruz de Ignacio de la Llave,30,93.17251
1996,Veracruz de Ignacio de la Llave,30,96.4337
1995,Veracruz de Ignacio de la Llave,30,92.65073
1994,Veracruz de Ignacio de la Llave,30,89.74697
1993,Veracruz de Ignacio de la Llave,30,68.60122
2018,Yucatán,31,86.75157
2017,Yucatán,31,68.78893
2016,Yucatán,31,84.6088
2015,Yucatán,31,70.64475
2014,Yucatán,31,86.24543
2013,Yucatán,31,74.87421
2012,Yucatán,31,86.61196
2011,Yucatán,31,83.92284
2010,Yucatán,31,83.11178
2009,Yucatán,31,86.19539
2008,Yucatán,31,58.78
2007,Yucatán,31,56.20183
2006,Yucatán,31,61.22803
2005,Yucatán,31,64.59418
2004,Yucatán,31,68.61644
2003,Yucatán,31,66.59193
2002,Yucatán,31,66.35037
2001,Yucatán,31,73.02318
2000,Yucatán,31,69.16913
1999,Yucatán,31,74.08033
1998,Yucatán,31,62.78439
1997,Yucatán,31,93.94986
1996,Yucatán,31,96.79138
1995,Yucatán,31,93.74178
1994,Yucatán,31,95.01953
1993,Yucatán,31,87.89053
2018,Zacatecas,32,102.2065
2017,Zacatecas,32,90.42032
2016,Zacatecas,32,95.75685
2015,Zacatecas,32,105.38333
2014,Zacatecas,32,98.83557
2013,Zacatecas,32,101.1959
2012,Zacatecas,32,83.28909
2011,Zacatecas,32,75.96383
2010,Zacatecas,32,75.12422
2009,Zacatecas,32,84.38641
2008,Zacatecas,32,73.80875
2007,Zacatecas,32,76.74336
2006,Zacatecas,32,77.38551
2005,Zacatecas,32,76.46872
2004,Zacatecas,32,73.39595
2003,Zacatecas,32,72.80075
2002,Zacatecas,32,74.55329
2001,Zacatecas,32,74.54618
2000,Zacatecas,32,72.62531
1999,Zacatecas,32,75.01945
1998,Zacatecas,32,81.77086
1997,Zacatecas,32,98.33357
1996,Zacatecas,32,99.3772
1995,Zacatecas,32,99.14424
1994,Zacatecas,32,96.66453
1993,Zacatecas,32,86.82486
