Year,Entidad federativa,Unidades económicas víctimas,GeoCode,Value
2021,Estados Unidos Mexicanos,Total,0,24.62980168
2019,Estados Unidos Mexicanos,Total,0,30.462028264702905
2017,Estados Unidos Mexicanos,Total,0,33.7328872235682
2015,Estados Unidos Mexicanos,Total,0,35.484960079226
2013,Estados Unidos Mexicanos,Total,0,33.6342429825453
2011,Estados Unidos Mexicanos,Total,0,37.3659531684157
2021,Estados Unidos Mexicanos,Tamaño Micro,0,23.7292222
2019,Estados Unidos Mexicanos,Tamaño Micro,0,29.592689942302
2017,Estados Unidos Mexicanos,Tamaño Micro,0,32.8815539470325
2015,Estados Unidos Mexicanos,Tamaño Micro,0,34.7010627334214
2013,Estados Unidos Mexicanos,Tamaño Micro,0,32.8428419173126
2011,Estados Unidos Mexicanos,Tamaño Micro,0,36.2639067030643
2021,Estados Unidos Mexicanos,Tamaño Pequeña,0,38.15783834
2019,Estados Unidos Mexicanos,Tamaño Pequeña,0,48.2701787984588
2017,Estados Unidos Mexicanos,Tamaño Pequeña,0,51.37321983123061
2015,Estados Unidos Mexicanos,Tamaño Pequeña,0,49.9225339092917
2013,Estados Unidos Mexicanos,Tamaño Pequeña,0,46.6298722012608
2011,Estados Unidos Mexicanos,Tamaño Pequeña,0,57.7631425457754
2021,Estados Unidos Mexicanos,Tamaño Mediana,0,46.93694672
2019,Estados Unidos Mexicanos,Tamaño Mediana,0,56.4319413547721
2017,Estados Unidos Mexicanos,Tamaño Mediana,0,61.50854343792239
2015,Estados Unidos Mexicanos,Tamaño Mediana,0,59.9248713479768
2013,Estados Unidos Mexicanos,Tamaño Mediana,0,56.4120852029644
2011,Estados Unidos Mexicanos,Tamaño Mediana,0,62.45385878528069
2021,Estados Unidos Mexicanos,Tamaño Grande,0,45.85142596
2019,Estados Unidos Mexicanos,Tamaño Grande,0,51.5480271753812
2017,Estados Unidos Mexicanos,Tamaño Grande,0,59.2694443684697
2015,Estados Unidos Mexicanos,Tamaño Grande,0,60.9909318661504
2013,Estados Unidos Mexicanos,Tamaño Grande,0,58.258309015902704
2011,Estados Unidos Mexicanos,Tamaño Grande,0,63.1082258124896
2021,Estados Unidos Mexicanos,Sector económico Comercio,0,27.79510335
2019,Estados Unidos Mexicanos,Sector económico Comercio,0,34.1518123853101
2017,Estados Unidos Mexicanos,Sector económico Comercio,0,38.3958805619733
2015,Estados Unidos Mexicanos,Sector económico Comercio,0,40.6748601329819
2013,Estados Unidos Mexicanos,Sector económico Comercio,0,37.5330137275994
2011,Estados Unidos Mexicanos,Sector económico Comercio,0,41.551766599384
2021,Estados Unidos Mexicanos,Sector económico Industria,0,19.44421631
2019,Estados Unidos Mexicanos,Sector económico Industria,0,25.4326849311343
2017,Estados Unidos Mexicanos,Sector económico Industria,0,30.612586305506
2015,Estados Unidos Mexicanos,Sector económico Industria,0,31.7300727436767
2013,Estados Unidos Mexicanos,Sector económico Industria,0,33.877273406518
2011,Estados Unidos Mexicanos,Sector económico Industria,0,36.6142095519061
2021,Estados Unidos Mexicanos,Sector económico Servicios,0,22.66667099
2019,Estados Unidos Mexicanos,Sector económico Servicios,0,27.83541000364569
2017,Estados Unidos Mexicanos,Sector económico Servicios,0,29.3056446527594
2015,Estados Unidos Mexicanos,Sector económico Servicios,0,30.423437888309294
2013,Estados Unidos Mexicanos,Sector económico Servicios,0,28.9073041955597
2011,Estados Unidos Mexicanos,Sector económico Servicios,0,32.674027304853
2021,Aguascalientes,Total,1,28.26948075
2019,Aguascalientes,Total,1,48.33066933520329
2017,Aguascalientes,Total,1,44.1889642671525
2015,Aguascalientes,Total,1,42.4008378995681
2013,Aguascalientes,Total,1,35.2168009159393
2011,Aguascalientes,Total,1,39.9078487789507
2021,Aguascalientes,Tamaño Micro,1,27.10555295
2019,Aguascalientes,Tamaño Micro,1,47.4378179036938
2017,Aguascalientes,Tamaño Micro,1,43.62606232294619
2015,Aguascalientes,Tamaño Micro,1,41.5349887133183
2013,Aguascalientes,Tamaño Micro,1,34.5132743362832
2011,Aguascalientes,Tamaño Micro,1,39.1061452513967
2021,Aguascalientes,Tamaño Pequeña,1,40.30004747
2019,Aguascalientes,Tamaño Pequeña,1,62.9172149168943
2017,Aguascalientes,Tamaño Pequeña,1,51.04166666666671
2015,Aguascalientes,Tamaño Pequeña,1,56.9620253164557
2013,Aguascalientes,Tamaño Pequeña,1,44.6700507614213
2011,Aguascalientes,Tamaño Pequeña,1,47.7810780359119
2021,Aguascalientes,Tamaño Mediana,1,53.55042278
2019,Aguascalientes,Tamaño Mediana,1,58.547439520189606
2017,Aguascalientes,Tamaño Mediana,1,63.0
2015,Aguascalientes,Tamaño Mediana,1,58.0952380952381
2013,Aguascalientes,Tamaño Mediana,1,50.6849315068493
2011,Aguascalientes,Tamaño Mediana,1,70.3125
2021,Aguascalientes,Tamaño Grande,1,52.89537109
2019,Aguascalientes,Tamaño Grande,1,63.61044222757331
2017,Aguascalientes,Tamaño Grande,1,75.3424657534246
2015,Aguascalientes,Tamaño Grande,1,63.51351351351351
2013,Aguascalientes,Tamaño Grande,1,62.7118644067797
2011,Aguascalientes,Tamaño Grande,1,71.9101123595506
2021,Aguascalientes,Sector económico Comercio,1,36.81058334
2019,Aguascalientes,Sector económico Comercio,1,55.7022283873784
2017,Aguascalientes,Sector económico Comercio,1,49.8244532227614
2015,Aguascalientes,Sector económico Comercio,1,48.9234989308007
2013,Aguascalientes,Sector económico Comercio,1,44.2949028164908
2011,Aguascalientes,Sector económico Comercio,1,46.6334347706977
2021,Aguascalientes,Sector económico Industria,1,24.05407722
2019,Aguascalientes,Sector económico Industria,1,41.5892319378848
2017,Aguascalientes,Sector económico Industria,1,51.18953081686211
2015,Aguascalientes,Sector económico Industria,1,32.936121936125
2013,Aguascalientes,Sector económico Industria,1,33.9497378605099
2011,Aguascalientes,Sector económico Industria,1,53.7233699429799
2021,Aguascalientes,Sector económico Servicios,1,21.18196136
2019,Aguascalientes,Sector económico Servicios,1,43.0762860928231
2017,Aguascalientes,Sector económico Servicios,1,36.0944172483467
2015,Aguascalientes,Sector económico Servicios,1,38.061454908534
2013,Aguascalientes,Sector económico Servicios,1,26.0558066075081
2011,Aguascalientes,Sector económico Servicios,1,28.728193940421203
2021,Baja California,Total,2,30.75788838
2019,Baja California,Total,2,29.8335561343594
2017,Baja California,Total,2,41.0210501863156
2015,Baja California,Total,2,48.3661444589087
2013,Baja California,Total,2,44.8563859621998
2011,Baja California,Total,2,45.03888733892959
2021,Baja California,Tamaño Micro,2,28.91292106
2019,Baja California,Tamaño Micro,2,28.4453005201533
2017,Baja California,Tamaño Micro,2,39.8406374501992
2015,Baja California,Tamaño Micro,2,47.8260869565217
2013,Baja California,Tamaño Micro,2,43.33333333333329
2011,Baja California,Tamaño Micro,2,43.2748538011696
2021,Baja California,Tamaño Pequeña,2,44.14281502
2019,Baja California,Tamaño Pequeña,2,42.5809792688673
2017,Baja California,Tamaño Pequeña,2,53.37837837837841
2015,Baja California,Tamaño Pequeña,2,50.9433962264151
2013,Baja California,Tamaño Pequeña,2,61.788617886178905
2011,Baja California,Tamaño Pequeña,2,64.4736842105263
2021,Baja California,Tamaño Mediana,2,55.91473557
2019,Baja California,Tamaño Mediana,2,52.7355180280712
2017,Baja California,Tamaño Mediana,2,69.2307692307692
2015,Baja California,Tamaño Mediana,2,64.7619047619048
2013,Baja California,Tamaño Mediana,2,65.9340659340659
2011,Baja California,Tamaño Mediana,2,66.304347826087
2021,Baja California,Tamaño Grande,2,52.42628563
2019,Baja California,Tamaño Grande,2,49.6381279560766
2017,Baja California,Tamaño Grande,2,56.25
2015,Baja California,Tamaño Grande,2,67.5438596491228
2013,Baja California,Tamaño Grande,2,61.4457831325301
2011,Baja California,Tamaño Grande,2,66.6666666666667
2021,Baja California,Sector económico Comercio,2,35.21736406
2019,Baja California,Sector económico Comercio,2,36.9076760435052
2017,Baja California,Sector económico Comercio,2,49.9301006043985
2015,Baja California,Sector económico Comercio,2,57.9236152017713
2013,Baja California,Sector económico Comercio,2,53.1816959061234
2011,Baja California,Sector económico Comercio,2,54.0751483389438
2021,Baja California,Sector económico Industria,2,22.73565521
2019,Baja California,Sector económico Industria,2,28.253137964243496
2017,Baja California,Sector económico Industria,2,42.246115892095
2015,Baja California,Sector económico Industria,2,53.0218104923039
2013,Baja California,Sector económico Industria,2,32.2745862891539
2011,Baja California,Sector económico Industria,2,38.3310049466101
2021,Baja California,Sector económico Servicios,2,28.5492674
2019,Baja California,Sector económico Servicios,2,24.4264159255298
2017,Baja California,Sector económico Servicios,2,33.0738318382047
2015,Baja California,Sector económico Servicios,2,38.7948387740822
2013,Baja California,Sector económico Servicios,2,40.828906946166
2011,Baja California,Sector económico Servicios,2,38.3173272716893
2021,Baja California Sur,Total,3,25.994338710000005
2019,Baja California Sur,Total,3,31.325231952722092
2017,Baja California Sur,Total,3,36.7047431612447
2015,Baja California Sur,Total,3,33.0545261605022
2013,Baja California Sur,Total,3,33.7414679810034
2011,Baja California Sur,Total,3,39.4000469680641
2021,Baja California Sur,Tamaño Micro,3,24.897181150000005
2019,Baja California Sur,Tamaño Micro,3,30.4176363691604
2017,Baja California Sur,Tamaño Micro,3,35.9036144578313
2015,Baja California Sur,Tamaño Micro,3,31.9474835886214
2013,Baja California Sur,Tamaño Micro,3,33.2631578947368
2011,Baja California Sur,Tamaño Micro,3,38.4196185286103
2021,Baja California Sur,Tamaño Pequeña,3,35.00770661
2019,Baja California Sur,Tamaño Pequeña,3,43.706527277068
2017,Baja California Sur,Tamaño Pequeña,3,49.0740740740741
2015,Baja California Sur,Tamaño Pequeña,3,45.4918032786885
2013,Baja California Sur,Tamaño Pequeña,3,37.2881355932203
2011,Baja California Sur,Tamaño Pequeña,3,51.2396694214876
2021,Baja California Sur,Tamaño Mediana,3,45.91988679
2019,Baja California Sur,Tamaño Mediana,3,46.8233224688031
2017,Baja California Sur,Tamaño Mediana,3,48.6486486486487
2015,Baja California Sur,Tamaño Mediana,3,60.7142857142857
2013,Baja California Sur,Tamaño Mediana,3,53.7313432835821
2011,Baja California Sur,Tamaño Mediana,3,56.97683246030099
2021,Baja California Sur,Tamaño Grande,3,40.32665688
2019,Baja California Sur,Tamaño Grande,3,27.5412745191241
2017,Baja California Sur,Tamaño Grande,3,47.8260869565217
2015,Baja California Sur,Tamaño Grande,3,62.3529411764706
2013,Baja California Sur,Tamaño Grande,3,47.6190476190476
2011,Baja California Sur,Tamaño Grande,3,61.33333333333329
2021,Baja California Sur,Sector económico Comercio,3,25.66390763
2019,Baja California Sur,Sector económico Comercio,3,33.8539834012481
2017,Baja California Sur,Sector económico Comercio,3,43.1375042190892
2015,Baja California Sur,Sector económico Comercio,3,35.7895184774405
2013,Baja California Sur,Sector económico Comercio,3,38.6719819982376
2011,Baja California Sur,Sector económico Comercio,3,45.88287104714001
2021,Baja California Sur,Sector económico Industria,3,26.27044361
2019,Baja California Sur,Sector económico Industria,3,18.2067671073366
2017,Baja California Sur,Sector económico Industria,3,35.8299358733118
2015,Baja California Sur,Sector económico Industria,3,27.2768893131633
2013,Baja California Sur,Sector económico Industria,3,37.5836768880948
2011,Baja California Sur,Sector económico Industria,3,50.3546158574155
2021,Baja California Sur,Sector económico Servicios,3,26.19158157
2019,Baja California Sur,Sector económico Servicios,3,32.2078698080118
2017,Baja California Sur,Sector económico Servicios,3,31.662330489164003
2015,Baja California Sur,Sector económico Servicios,3,32.1377641140803
2013,Baja California Sur,Sector económico Servicios,3,27.843679076133
2011,Baja California Sur,Sector económico Servicios,3,29.496421947066903
2021,Campeche,Total,4,24.80462753
2019,Campeche,Total,4,30.0255523959652
2017,Campeche,Total,4,46.1311288459693
2015,Campeche,Total,4,38.9102656019628
2013,Campeche,Total,4,37.6222447373613
2011,Campeche,Total,4,30.2459915604214
2021,Campeche,Tamaño Micro,4,23.62371774
2019,Campeche,Tamaño Micro,4,28.9265828821987
2017,Campeche,Tamaño Micro,4,45.6331877729258
2015,Campeche,Tamaño Micro,4,37.7570093457944
2013,Campeche,Tamaño Micro,4,36.6894197952218
2011,Campeche,Tamaño Micro,4,29.3577981651376
2021,Campeche,Tamaño Pequeña,4,43.73873851
2019,Campeche,Tamaño Pequeña,4,55.049298753323306
2017,Campeche,Tamaño Pequeña,4,52.5974025974026
2015,Campeche,Tamaño Pequeña,4,60.10638297872341
2013,Campeche,Tamaño Pequeña,4,54.1871921182266
2011,Campeche,Tamaño Pequeña,4,45.73170731707321
2021,Campeche,Tamaño Mediana,4,51.57746548
2019,Campeche,Tamaño Mediana,4,60.8749272174419
2017,Campeche,Tamaño Mediana,4,72.8395061728395
2015,Campeche,Tamaño Mediana,4,68.75
2013,Campeche,Tamaño Mediana,4,55.5555555555556
2011,Campeche,Tamaño Mediana,4,56.1797752808989
2021,Campeche,Tamaño Grande,4,43.218786740000006
2019,Campeche,Tamaño Grande,4,44.7272821228328
2017,Campeche,Tamaño Grande,4,72.7272727272727
2015,Campeche,Tamaño Grande,4,68.8524590163934
2013,Campeche,Tamaño Grande,4,60.2739726027397
2011,Campeche,Tamaño Grande,4,55.384615384615394
2021,Campeche,Sector económico Comercio,4,30.52201928
2019,Campeche,Sector económico Comercio,4,33.9622357430095
2017,Campeche,Sector económico Comercio,4,53.4611435859976
2015,Campeche,Sector económico Comercio,4,47.305658570592605
2013,Campeche,Sector económico Comercio,4,39.1474635918477
2011,Campeche,Sector económico Comercio,4,28.941616388972005
2021,Campeche,Sector económico Industria,4,15.748501080000002
2019,Campeche,Sector económico Industria,4,21.3784808690947
2017,Campeche,Sector económico Industria,4,49.5240620210437
2015,Campeche,Sector económico Industria,4,32.0372879154504
2013,Campeche,Sector económico Industria,4,32.486491119538
2011,Campeche,Sector económico Industria,4,36.0381212513661
2021,Campeche,Sector económico Servicios,4,21.35394055
2019,Campeche,Sector económico Servicios,4,28.3230992062678
2017,Campeche,Sector económico Servicios,4,36.6294015334432
2015,Campeche,Sector económico Servicios,4,30.7648030033188
2013,Campeche,Sector económico Servicios,4,37.4108399631393
2011,Campeche,Sector económico Servicios,4,29.732502924343702
2021,Coahuila de Zaragoza,Total,5,19.92307461
2019,Coahuila de Zaragoza,Total,5,19.4254781092294
2017,Coahuila de Zaragoza,Total,5,21.9040278758876
2015,Coahuila de Zaragoza,Total,5,36.3719471341656
2013,Coahuila de Zaragoza,Total,5,28.374635597189705
2011,Coahuila de Zaragoza,Total,5,38.638846944391
2021,Coahuila de Zaragoza,Tamaño Micro,5,19.50546986
2019,Coahuila de Zaragoza,Tamaño Micro,5,18.2502027535491
2017,Coahuila de Zaragoza,Tamaño Micro,5,20.9302325581395
2015,Coahuila de Zaragoza,Tamaño Micro,5,35.0378787878788
2013,Coahuila de Zaragoza,Tamaño Micro,5,27.176220806794092
2011,Coahuila de Zaragoza,Tamaño Micro,5,36.9458128078818
2021,Coahuila de Zaragoza,Tamaño Pequeña,5,24.92062553
2019,Coahuila de Zaragoza,Tamaño Pequeña,5,33.8163132066826
2017,Coahuila de Zaragoza,Tamaño Pequeña,5,31.2138728323699
2015,Coahuila de Zaragoza,Tamaño Pequeña,5,54.625550660793
2013,Coahuila de Zaragoza,Tamaño Pequeña,5,41.40625
2011,Coahuila de Zaragoza,Tamaño Pequeña,5,59.7938144329897
2021,Coahuila de Zaragoza,Tamaño Mediana,5,21.30874813
2019,Coahuila de Zaragoza,Tamaño Mediana,5,41.4270265456327
2017,Coahuila de Zaragoza,Tamaño Mediana,5,47.8260869565217
2015,Coahuila de Zaragoza,Tamaño Mediana,5,53.6363636363636
2013,Coahuila de Zaragoza,Tamaño Mediana,5,58.1081081081081
2011,Coahuila de Zaragoza,Tamaño Mediana,5,70.0
2021,Coahuila de Zaragoza,Tamaño Grande,5,25.37919508
2019,Coahuila de Zaragoza,Tamaño Grande,5,43.529660882602094
2017,Coahuila de Zaragoza,Tamaño Grande,5,50.9677419354839
2015,Coahuila de Zaragoza,Tamaño Grande,5,54.8872180451128
2013,Coahuila de Zaragoza,Tamaño Grande,5,52.5773195876289
2011,Coahuila de Zaragoza,Tamaño Grande,5,57.9831932773109
2021,Coahuila de Zaragoza,Sector económico Comercio,5,22.10251329
2019,Coahuila de Zaragoza,Sector económico Comercio,5,23.3275434905331
2017,Coahuila de Zaragoza,Sector económico Comercio,5,25.0095318097981
2015,Coahuila de Zaragoza,Sector económico Comercio,5,41.1941482914933
2013,Coahuila de Zaragoza,Sector económico Comercio,5,29.7442324514449
2011,Coahuila de Zaragoza,Sector económico Comercio,5,42.3681938411223
2021,Coahuila de Zaragoza,Sector económico Industria,5,15.39080319
2019,Coahuila de Zaragoza,Sector económico Industria,5,13.0447290715792
2017,Coahuila de Zaragoza,Sector económico Industria,5,18.3954372833847
2015,Coahuila de Zaragoza,Sector económico Industria,5,33.9983676912081
2013,Coahuila de Zaragoza,Sector económico Industria,5,27.8308811835568
2011,Coahuila de Zaragoza,Sector económico Industria,5,47.94773039595359
2021,Coahuila de Zaragoza,Sector económico Servicios,5,18.89224831
2019,Coahuila de Zaragoza,Sector económico Servicios,5,17.1782136672175
2017,Coahuila de Zaragoza,Sector económico Servicios,5,19.4066071776466
2015,Coahuila de Zaragoza,Sector económico Servicios,5,31.044446834309
2013,Coahuila de Zaragoza,Sector económico Servicios,5,27.0161178110161
2011,Coahuila de Zaragoza,Sector económico Servicios,5,32.4579673124658
2021,Colima,Total,6,33.15767887
2019,Colima,Total,6,32.7744654581125
2017,Colima,Total,6,32.2288091990163
2015,Colima,Total,6,35.2865804051798
2013,Colima,Total,6,26.3232056981341
2011,Colima,Total,6,32.017224078329
2021,Colima,Tamaño Micro,6,31.74146052
2019,Colima,Tamaño Micro,6,31.2884194550839
2017,Colima,Tamaño Micro,6,31.0699588477366
2015,Colima,Tamaño Micro,6,34.4551282051282
2013,Colima,Tamaño Micro,6,25.0
2011,Colima,Tamaño Micro,6,30.7568438003221
2021,Colima,Tamaño Pequeña,6,51.2149513
2019,Colima,Tamaño Pequeña,6,58.4127908424584
2017,Colima,Tamaño Pequeña,6,52.9411764705882
2015,Colima,Tamaño Pequeña,6,46.6367713004484
2013,Colima,Tamaño Pequeña,6,46.7948717948718
2011,Colima,Tamaño Pequeña,6,50.0
2021,Colima,Tamaño Mediana,6,59.55035673
2019,Colima,Tamaño Mediana,6,61.7812051649928
2017,Colima,Tamaño Mediana,6,53.9473684210526
2015,Colima,Tamaño Mediana,6,65.7894736842105
2013,Colima,Tamaño Mediana,6,56.5217391304348
2011,Colima,Tamaño Mediana,6,66.0011915950771
2021,Colima,Tamaño Grande,6,58.77557595
2019,Colima,Tamaño Grande,6,55.2592298180534
2017,Colima,Tamaño Grande,6,67.2413793103448
2015,Colima,Tamaño Grande,6,65.0
2013,Colima,Tamaño Grande,6,48.0
2011,Colima,Tamaño Grande,6,62.0689655172414
2021,Colima,Sector económico Comercio,6,33.16486426
2019,Colima,Sector económico Comercio,6,39.114302660655
2017,Colima,Sector económico Comercio,6,40.314977501977
2015,Colima,Sector económico Comercio,6,38.2386189151587
2013,Colima,Sector económico Comercio,6,30.0720536262162
2011,Colima,Sector económico Comercio,6,35.0460621795886
2021,Colima,Sector económico Industria,6,38.83221985
2019,Colima,Sector económico Industria,6,22.1513224454401
2017,Colima,Sector económico Industria,6,32.5496637682108
2015,Colima,Sector económico Industria,6,40.9384831706293
2013,Colima,Sector económico Industria,6,27.767597499739896
2011,Colima,Sector económico Industria,6,36.5397045781858
2021,Colima,Sector económico Servicios,6,32.03473364
2019,Colima,Sector económico Servicios,6,29.983471671018595
2017,Colima,Sector económico Servicios,6,25.1096080047264
2015,Colima,Sector económico Servicios,6,31.408572483613
2013,Colima,Sector económico Servicios,6,22.52330802783389
2011,Colima,Sector económico Servicios,6,27.77379496850689
2021,Chiapas,Total,7,16.57097977
2019,Chiapas,Total,7,16.7819095174354
2017,Chiapas,Total,7,30.4652307901259
2015,Chiapas,Total,7,25.8999239514777
2013,Chiapas,Total,7,26.070436905935
2011,Chiapas,Total,7,26.647714650944504
2021,Chiapas,Tamaño Micro,7,16.06552853
2019,Chiapas,Tamaño Micro,7,16.1754522628164
2017,Chiapas,Tamaño Micro,7,30.057803468208096
2015,Chiapas,Tamaño Micro,7,25.2777777777778
2013,Chiapas,Tamaño Micro,7,25.4612546125461
2011,Chiapas,Tamaño Micro,7,26.1880687563195
2021,Chiapas,Tamaño Pequeña,7,29.03454292
2019,Chiapas,Tamaño Pequeña,7,39.3292503801897
2017,Chiapas,Tamaño Pequeña,7,45.41666666666671
2015,Chiapas,Tamaño Pequeña,7,48.1099656357388
2013,Chiapas,Tamaño Pequeña,7,45.0381679389313
2011,Chiapas,Tamaño Pequeña,7,40.1806405686497
2021,Chiapas,Tamaño Mediana,7,44.15989051
2019,Chiapas,Tamaño Mediana,7,54.0788739246668
2017,Chiapas,Tamaño Mediana,7,63.1578947368421
2015,Chiapas,Tamaño Mediana,7,64.7540983606557
2013,Chiapas,Tamaño Mediana,7,58.8785046728972
2011,Chiapas,Tamaño Mediana,7,52.7777777777778
2021,Chiapas,Tamaño Grande,7,43.17869142
2019,Chiapas,Tamaño Grande,7,60.05681818181821
2017,Chiapas,Tamaño Grande,7,65.5172413793103
2015,Chiapas,Tamaño Grande,7,73.2558139534884
2013,Chiapas,Tamaño Grande,7,58.7301587301587
2011,Chiapas,Tamaño Grande,7,64.4230769230769
2021,Chiapas,Sector económico Comercio,7,19.2695535
2019,Chiapas,Sector económico Comercio,7,16.9067150009957
2017,Chiapas,Sector económico Comercio,7,34.4801056012551
2015,Chiapas,Sector económico Comercio,7,26.7216440028088
2013,Chiapas,Sector económico Comercio,7,29.2351554267108
2011,Chiapas,Sector económico Comercio,7,27.7926595557374
2021,Chiapas,Sector económico Industria,7,8.913377924
2019,Chiapas,Sector económico Industria,7,13.6217165043728
2017,Chiapas,Sector económico Industria,7,29.3208072987488
2015,Chiapas,Sector económico Industria,7,19.1951061315783
2013,Chiapas,Sector económico Industria,7,29.5615948169504
2011,Chiapas,Sector económico Industria,7,22.7522915135626
2021,Chiapas,Sector económico Servicios,7,15.57926665
2019,Chiapas,Sector económico Servicios,7,17.6663101052962
2017,Chiapas,Sector económico Servicios,7,25.4798873018962
2015,Chiapas,Sector económico Servicios,7,27.2980623331095
2013,Chiapas,Sector económico Servicios,7,20.1433832881699
2011,Chiapas,Sector económico Servicios,7,26.0602485446648
2021,Chihuahua,Total,8,21.49108692
2019,Chihuahua,Total,8,23.0373848375207
2017,Chihuahua,Total,8,31.9589985632205
2015,Chihuahua,Total,8,34.5900933926584
2013,Chihuahua,Total,8,28.66449555198089
2011,Chihuahua,Total,8,38.1198681961439
2021,Chihuahua,Tamaño Micro,8,19.94470395
2019,Chihuahua,Tamaño Micro,8,22.0584481225236
2017,Chihuahua,Tamaño Micro,8,30.7692307692308
2015,Chihuahua,Tamaño Micro,8,33.7638376383764
2013,Chihuahua,Tamaño Micro,8,27.6521739130435
2011,Chihuahua,Tamaño Micro,8,36.9369369369369
2021,Chihuahua,Tamaño Pequeña,8,37.36030416
2019,Chihuahua,Tamaño Pequeña,8,34.3810546237487
2017,Chihuahua,Tamaño Pequeña,8,47.7178423236514
2015,Chihuahua,Tamaño Pequeña,8,44.1605839416058
2013,Chihuahua,Tamaño Pequeña,8,41.1764705882353
2011,Chihuahua,Tamaño Pequeña,8,50.0
2021,Chihuahua,Tamaño Mediana,8,40.6899723
2019,Chihuahua,Tamaño Mediana,8,42.94566954665479
2017,Chihuahua,Tamaño Mediana,8,57.4850299401198
2015,Chihuahua,Tamaño Mediana,8,47.0198675496689
2013,Chihuahua,Tamaño Mediana,8,42.0454545454545
2011,Chihuahua,Tamaño Mediana,8,67.2413793103448
2021,Chihuahua,Tamaño Grande,8,40.75826018
2019,Chihuahua,Tamaño Grande,8,43.5708966788554
2017,Chihuahua,Tamaño Grande,8,55.17241379310351
2015,Chihuahua,Tamaño Grande,8,59.4594594594595
2013,Chihuahua,Tamaño Grande,8,52.1367521367521
2011,Chihuahua,Tamaño Grande,8,60.1190476190476
2021,Chihuahua,Sector económico Comercio,8,25.6104421
2019,Chihuahua,Sector económico Comercio,8,24.1478867701752
2017,Chihuahua,Sector económico Comercio,8,34.5227393280391
2015,Chihuahua,Sector económico Comercio,8,40.8451767720087
2013,Chihuahua,Sector económico Comercio,8,33.883273173673
2011,Chihuahua,Sector económico Comercio,8,43.5985217073929
2021,Chihuahua,Sector económico Industria,8,26.33243035
2019,Chihuahua,Sector económico Industria,8,23.613103825585
2017,Chihuahua,Sector económico Industria,8,37.3786033301038
2015,Chihuahua,Sector económico Industria,8,29.7742134959931
2013,Chihuahua,Sector económico Industria,8,32.5913982965861
2011,Chihuahua,Sector económico Industria,8,37.8190735422894
2021,Chihuahua,Sector económico Servicios,8,16.46417043
2019,Chihuahua,Sector económico Servicios,8,21.8167325787196
2017,Chihuahua,Sector económico Servicios,8,27.7056800238763
2015,Chihuahua,Sector económico Servicios,8,29.1054367028507
2013,Chihuahua,Sector económico Servicios,8,22.9700505638981
2011,Chihuahua,Sector económico Servicios,8,34.1932762005914
2021,Ciudad de México,Total,9,36.1751597
2019,Ciudad de México,Total,9,30.390471287038803
2017,Ciudad de México,Total,9,40.0416515557878
2015,Ciudad de México,Total,9,38.7525265048809
2013,Ciudad de México,Total,9,28.4399135488102
2011,Ciudad de México,Total,9,41.5160995600957
2021,Ciudad de México,Tamaño Micro,9,35.59276126
2019,Ciudad de México,Tamaño Micro,9,29.4882593718808
2017,Ciudad de México,Tamaño Micro,9,39.5089285714286
2015,Ciudad de México,Tamaño Micro,9,38.3141762452107
2013,Ciudad de México,Tamaño Micro,9,27.5609756097561
2011,Ciudad de México,Tamaño Micro,9,40.1639344262295
2021,Ciudad de México,Tamaño Pequeña,9,42.39025634
2019,Ciudad de México,Tamaño Pequeña,9,42.8793652033056
2017,Ciudad de México,Tamaño Pequeña,9,45.4887218045113
2015,Ciudad de México,Tamaño Pequeña,9,41.2639405204461
2013,Ciudad de México,Tamaño Pequeña,9,37.1428571428571
2011,Ciudad de México,Tamaño Pequeña,9,60.9375
2021,Ciudad de México,Tamaño Mediana,9,44.90303912
2019,Ciudad de México,Tamaño Mediana,9,48.6301466033243
2017,Ciudad de México,Tamaño Mediana,9,58.88888888888889
2015,Ciudad de México,Tamaño Mediana,9,57.0754716981132
2013,Ciudad de México,Tamaño Mediana,9,48.92086330935249
2011,Ciudad de México,Tamaño Mediana,9,55.384615384615394
2021,Ciudad de México,Tamaño Grande,9,42.704539540000006
2019,Ciudad de México,Tamaño Grande,9,39.6343565153227
2017,Ciudad de México,Tamaño Grande,9,49.729729729729705
2015,Ciudad de México,Tamaño Grande,9,50.0
2013,Ciudad de México,Tamaño Grande,9,47.1204188481675
2011,Ciudad de México,Tamaño Grande,9,55.494505494505496
2021,Ciudad de México,Sector económico Comercio,9,41.91041931
2019,Ciudad de México,Sector económico Comercio,9,33.690765866533
2017,Ciudad de México,Sector económico Comercio,9,42.5099233637768
2015,Ciudad de México,Sector económico Comercio,9,42.9800746446712
2013,Ciudad de México,Sector económico Comercio,9,31.3094848654962
2011,Ciudad de México,Sector económico Comercio,9,46.5938354818886
2021,Ciudad de México,Sector económico Industria,9,31.058043530000003
2019,Ciudad de México,Sector económico Industria,9,34.8673254520581
2017,Ciudad de México,Sector económico Industria,9,35.6561332968926
2015,Ciudad de México,Sector económico Industria,9,38.3048861094867
2013,Ciudad de México,Sector económico Industria,9,25.3949971212224
2011,Ciudad de México,Sector económico Industria,9,50.1617461060435
2021,Ciudad de México,Sector económico Servicios,9,30.58121298
2019,Ciudad de México,Sector económico Servicios,9,25.718661655033
2017,Ciudad de México,Sector económico Servicios,9,37.9896457986681
2015,Ciudad de México,Sector económico Servicios,9,33.7867575818772
2013,Ciudad de México,Sector económico Servicios,9,25.7306399663219
2011,Ciudad de México,Sector económico Servicios,9,35.1540116445356
2021,Durango,Total,10,34.75888538
2019,Durango,Total,10,27.7257486388329
2017,Durango,Total,10,28.6408232056183
2015,Durango,Total,10,22.0964936918746
2013,Durango,Total,10,24.7485498550934
2011,Durango,Total,10,43.3284259408857
2021,Durango,Tamaño Micro,10,33.79422497
2019,Durango,Tamaño Micro,10,26.7761090476675
2017,Durango,Tamaño Micro,10,27.6635514018692
2015,Durango,Tamaño Micro,10,21.010101010101
2013,Durango,Tamaño Micro,10,23.2352941176471
2011,Durango,Tamaño Micro,10,42.512077294686
2021,Durango,Tamaño Pequeña,10,49.55998216999999
2019,Durango,Tamaño Pequeña,10,43.7276792848624
2017,Durango,Tamaño Pequeña,10,47.8260869565217
2015,Durango,Tamaño Pequeña,10,40.1913875598086
2013,Durango,Tamaño Pequeña,10,49.7206703910615
2011,Durango,Tamaño Pequeña,10,55.6451612903226
2021,Durango,Tamaño Mediana,10,51.21552214
2019,Durango,Tamaño Mediana,10,58.46947033416691
2017,Durango,Tamaño Mediana,10,52.2727272727273
2015,Durango,Tamaño Mediana,10,52.1008403361345
2013,Durango,Tamaño Mediana,10,52.12765957446809
2011,Durango,Tamaño Mediana,10,64.7540983606557
2021,Durango,Tamaño Grande,10,53.71344134
2019,Durango,Tamaño Grande,10,56.50973633284949
2017,Durango,Tamaño Grande,10,62.1951219512195
2015,Durango,Tamaño Grande,10,60.4651162790698
2013,Durango,Tamaño Grande,10,61.5384615384615
2011,Durango,Tamaño Grande,10,62.5
2021,Durango,Sector económico Comercio,10,41.33098923
2019,Durango,Sector económico Comercio,10,35.4745157071261
2017,Durango,Sector económico Comercio,10,34.1176381549008
2015,Durango,Sector económico Comercio,10,26.4402553284694
2013,Durango,Sector económico Comercio,10,31.2469574133286
2011,Durango,Sector económico Comercio,10,50.4435959426938
2021,Durango,Sector económico Industria,10,34.06995258
2019,Durango,Sector económico Industria,10,22.909131532807702
2017,Durango,Sector económico Industria,10,36.1947976436689
2015,Durango,Sector económico Industria,10,16.6440326435428
2013,Durango,Sector económico Industria,10,30.131529681151097
2011,Durango,Sector económico Industria,10,47.4195646799922
2021,Durango,Sector económico Servicios,10,28.06328323
2019,Durango,Sector económico Servicios,10,20.8232307497978
2017,Durango,Sector económico Servicios,10,20.1076860438112
2015,Durango,Sector económico Servicios,10,18.4302667130081
2013,Durango,Sector económico Servicios,10,15.0590584347206
2011,Durango,Sector económico Servicios,10,33.0677357435869
2021,Guanajuato,Total,11,26.49716265
2019,Guanajuato,Total,11,36.3957587566464
2017,Guanajuato,Total,11,33.4696875829252
2015,Guanajuato,Total,11,42.2889013090188
2013,Guanajuato,Total,11,42.471827842319
2011,Guanajuato,Total,11,46.39758798098111
2021,Guanajuato,Tamaño Micro,11,25.220199840000003
2019,Guanajuato,Tamaño Micro,11,35.4288171922363
2017,Guanajuato,Tamaño Micro,11,31.962025316455694
2015,Guanajuato,Tamaño Micro,11,41.4925373134328
2013,Guanajuato,Tamaño Micro,11,41.2140575079872
2011,Guanajuato,Tamaño Micro,11,45.49763033175359
2021,Guanajuato,Tamaño Pequeña,11,46.52895837
2019,Guanajuato,Tamaño Pequeña,11,53.86843942107961
2017,Guanajuato,Tamaño Pequeña,11,68.1159420289855
2015,Guanajuato,Tamaño Pequeña,11,57.33333333333329
2013,Guanajuato,Tamaño Pequeña,11,64.3939393939394
2011,Guanajuato,Tamaño Pequeña,11,60.655737704918
2021,Guanajuato,Tamaño Mediana,11,56.7314649
2019,Guanajuato,Tamaño Mediana,11,65.0367392113581
2017,Guanajuato,Tamaño Mediana,11,69.7916666666667
2015,Guanajuato,Tamaño Mediana,11,63.1578947368421
2013,Guanajuato,Tamaño Mediana,11,70.9090909090909
2011,Guanajuato,Tamaño Mediana,11,74.7663551401869
2021,Guanajuato,Tamaño Grande,11,52.75586213
2019,Guanajuato,Tamaño Grande,11,67.2777828455263
2017,Guanajuato,Tamaño Grande,11,57.7464788732394
2015,Guanajuato,Tamaño Grande,11,72.5806451612903
2013,Guanajuato,Tamaño Grande,11,70.5882352941176
2011,Guanajuato,Tamaño Grande,11,78.5310734463277
2021,Guanajuato,Sector económico Comercio,11,25.256695770000004
2019,Guanajuato,Sector económico Comercio,11,44.3937946602715
2017,Guanajuato,Sector económico Comercio,11,39.8830627517279
2015,Guanajuato,Sector económico Comercio,11,51.2042358549942
2013,Guanajuato,Sector económico Comercio,11,42.0536929856461
2011,Guanajuato,Sector económico Comercio,11,49.04950495054769
2021,Guanajuato,Sector económico Industria,11,28.78301267
2019,Guanajuato,Sector económico Industria,11,34.2707714835652
2017,Guanajuato,Sector económico Industria,11,42.324557386604
2015,Guanajuato,Sector económico Industria,11,40.7427024115351
2013,Guanajuato,Sector económico Industria,11,52.0473364298301
2011,Guanajuato,Sector económico Industria,11,45.893234898295
2021,Guanajuato,Sector económico Servicios,11,27.22777336
2019,Guanajuato,Sector económico Servicios,11,27.1513270550669
2017,Guanajuato,Sector económico Servicios,11,21.525612662413703
2015,Guanajuato,Sector económico Servicios,11,31.1873575324172
2013,Guanajuato,Sector económico Servicios,11,39.3935607525272
2011,Guanajuato,Sector económico Servicios,11,43.3847838061169
2021,Guerrero,Total,12,19.77685263
2019,Guerrero,Total,12,22.062998946601898
2017,Guerrero,Total,12,35.3583201262424
2015,Guerrero,Total,12,35.0272032563887
2013,Guerrero,Total,12,39.2901631809324
2011,Guerrero,Total,12,29.94595116093
2021,Guerrero,Tamaño Micro,12,19.27058472
2019,Guerrero,Tamaño Micro,12,21.703653917654105
2017,Guerrero,Tamaño Micro,12,34.8557692307692
2015,Guerrero,Tamaño Micro,12,34.468085106383
2013,Guerrero,Tamaño Micro,12,38.7944358578053
2011,Guerrero,Tamaño Micro,12,28.9617486338798
2021,Guerrero,Tamaño Pequeña,12,33.81295451
2019,Guerrero,Tamaño Pequeña,12,38.2200321802092
2017,Guerrero,Tamaño Pequeña,12,61.0687022900764
2015,Guerrero,Tamaño Pequeña,12,60.0
2013,Guerrero,Tamaño Pequeña,12,55.0
2011,Guerrero,Tamaño Pequeña,12,64.1304347826087
2021,Guerrero,Tamaño Mediana,12,67.81779933
2019,Guerrero,Tamaño Mediana,12,47.7281438891346
2017,Guerrero,Tamaño Mediana,12,70.7865168539326
2015,Guerrero,Tamaño Mediana,12,64.367816091954
2013,Guerrero,Tamaño Mediana,12,65.0
2011,Guerrero,Tamaño Mediana,12,66.0
2021,Guerrero,Tamaño Grande,12,52.64250138
2019,Guerrero,Tamaño Grande,12,53.0905077262693
2017,Guerrero,Tamaño Grande,12,67.2727272727273
2015,Guerrero,Tamaño Grande,12,75.4098360655738
2013,Guerrero,Tamaño Grande,12,68.5185185185185
2011,Guerrero,Tamaño Grande,12,76.530612244898
2021,Guerrero,Sector económico Comercio,12,20.39887479
2019,Guerrero,Sector económico Comercio,12,22.9407332533346
2017,Guerrero,Sector económico Comercio,12,47.01078023969959
2015,Guerrero,Sector económico Comercio,12,36.0284664561494
2013,Guerrero,Sector económico Comercio,12,43.7530749687366
2011,Guerrero,Sector económico Comercio,12,28.1243238890746
2021,Guerrero,Sector económico Industria,12,9.540402472
2019,Guerrero,Sector económico Industria,12,15.5606839600177
2017,Guerrero,Sector económico Industria,12,17.7989200445843
2015,Guerrero,Sector económico Industria,12,26.358612923073498
2013,Guerrero,Sector económico Industria,12,31.8057776814052
2011,Guerrero,Sector económico Industria,12,27.5328335838057
2021,Guerrero,Sector económico Servicios,12,25.83549493
2019,Guerrero,Sector económico Servicios,12,25.3097518272359
2017,Guerrero,Sector económico Servicios,12,32.4464018940819
2015,Guerrero,Sector económico Servicios,12,39.6041835620582
2013,Guerrero,Sector económico Servicios,12,35.7338513817104
2011,Guerrero,Sector económico Servicios,12,33.3203266659688
2021,Hidalgo,Total,13,27.37215195
2019,Hidalgo,Total,13,27.2371518834704
2017,Hidalgo,Total,13,27.0526875566708
2015,Hidalgo,Total,13,34.5276432652434
2013,Hidalgo,Total,13,24.635421618531904
2011,Hidalgo,Total,13,33.3823754032614
2021,Hidalgo,Tamaño Micro,13,26.661466650000005
2019,Hidalgo,Tamaño Micro,13,26.6237702221888
2017,Hidalgo,Tamaño Micro,13,26.2729124236253
2015,Hidalgo,Tamaño Micro,13,33.9344262295082
2013,Hidalgo,Tamaño Micro,13,24.2160278745645
2011,Hidalgo,Tamaño Micro,13,32.3467230443975
2021,Hidalgo,Tamaño Pequeña,13,44.6205836
2019,Hidalgo,Tamaño Pequeña,13,46.6365293236609
2017,Hidalgo,Tamaño Pequeña,13,56.9892473118279
2015,Hidalgo,Tamaño Pequeña,13,52.4229074889868
2013,Hidalgo,Tamaño Pequeña,13,33.3333333333333
2011,Hidalgo,Tamaño Pequeña,13,63.9175257731959
2021,Hidalgo,Tamaño Mediana,13,54.76917251
2019,Hidalgo,Tamaño Mediana,13,65.1074596929723
2017,Hidalgo,Tamaño Mediana,13,58.252427184466
2015,Hidalgo,Tamaño Mediana,13,66.6666666666667
2013,Hidalgo,Tamaño Mediana,13,51.2820512820513
2011,Hidalgo,Tamaño Mediana,13,65.3061224489796
2021,Hidalgo,Tamaño Grande,13,68.26222089
2019,Hidalgo,Tamaño Grande,13,57.830615942029
2017,Hidalgo,Tamaño Grande,13,57.1428571428571
2015,Hidalgo,Tamaño Grande,13,69.4444444444444
2013,Hidalgo,Tamaño Grande,13,58.974358974359
2011,Hidalgo,Tamaño Grande,13,80.1724137931034
2021,Hidalgo,Sector económico Comercio,13,30.8416712
2019,Hidalgo,Sector económico Comercio,13,27.452540663317404
2017,Hidalgo,Sector económico Comercio,13,27.542435317139
2015,Hidalgo,Sector económico Comercio,13,38.5431882123416
2013,Hidalgo,Sector económico Comercio,13,27.4925480299888
2011,Hidalgo,Sector económico Comercio,13,36.9674147500206
2021,Hidalgo,Sector económico Industria,13,12.60310672
2019,Hidalgo,Sector económico Industria,13,19.9941102110162
2017,Hidalgo,Sector económico Industria,13,25.91233070697909
2015,Hidalgo,Sector económico Industria,13,29.128275463587
2013,Hidalgo,Sector económico Industria,13,15.557899229204102
2011,Hidalgo,Sector económico Industria,13,33.6100338630973
2021,Hidalgo,Sector económico Servicios,13,28.03625744
2019,Hidalgo,Sector económico Servicios,13,29.416372914900297
2017,Hidalgo,Sector económico Servicios,13,26.9011470126672
2015,Hidalgo,Sector económico Servicios,13,31.318605569060896
2013,Hidalgo,Sector económico Servicios,13,23.6590520967312
2011,Hidalgo,Sector económico Servicios,13,28.5491922703783
2021,Jalisco,Total,14,15.7044491
2019,Jalisco,Total,14,30.5077750416869
2017,Jalisco,Total,14,32.0439625241045
2015,Jalisco,Total,14,37.1481550661079
2013,Jalisco,Total,14,38.6693693344538
2011,Jalisco,Total,14,36.1794070977952
2021,Jalisco,Tamaño Micro,14,14.337082970000004
2019,Jalisco,Tamaño Micro,14,28.874947960148106
2017,Jalisco,Tamaño Micro,14,30.939226519337
2015,Jalisco,Tamaño Micro,14,36.3849765258216
2013,Jalisco,Tamaño Micro,14,37.7777777777778
2011,Jalisco,Tamaño Micro,14,34.6385542168675
2021,Jalisco,Tamaño Pequeña,14,32.82923682
2019,Jalisco,Tamaño Pequeña,14,58.860286968008005
2017,Jalisco,Tamaño Pequeña,14,52.6829268292683
2015,Jalisco,Tamaño Pequeña,14,47.6635514018692
2013,Jalisco,Tamaño Pequeña,14,50.0
2011,Jalisco,Tamaño Pequeña,14,60.83333333333329
2021,Jalisco,Tamaño Mediana,14,42.95115715
2019,Jalisco,Tamaño Mediana,14,62.2756848432383
2017,Jalisco,Tamaño Mediana,14,55.6701030927835
2015,Jalisco,Tamaño Mediana,14,64.0350877192982
2013,Jalisco,Tamaño Mediana,14,67.0454545454545
2011,Jalisco,Tamaño Mediana,14,68.0
2021,Jalisco,Tamaño Grande,14,48.72497251000001
2019,Jalisco,Tamaño Grande,14,54.46831148289309
2017,Jalisco,Tamaño Grande,14,66.6666666666667
2015,Jalisco,Tamaño Grande,14,64.8351648351648
2013,Jalisco,Tamaño Grande,14,63.3802816901408
2011,Jalisco,Tamaño Grande,14,67.6470588235294
2021,Jalisco,Sector económico Comercio,14,17.82174242
2019,Jalisco,Sector económico Comercio,14,30.4238894449448
2017,Jalisco,Sector económico Comercio,14,41.7520249946145
2015,Jalisco,Sector económico Comercio,14,48.0959105441257
2013,Jalisco,Sector económico Comercio,14,44.1762924566859
2011,Jalisco,Sector económico Comercio,14,40.8791194745392
2021,Jalisco,Sector económico Industria,14,16.9356596
2019,Jalisco,Sector económico Industria,14,25.2208249780729
2017,Jalisco,Sector económico Industria,14,23.1275159179619
2015,Jalisco,Sector económico Industria,14,41.3067514690368
2013,Jalisco,Sector económico Industria,14,35.7489633866942
2011,Jalisco,Sector económico Industria,14,43.52561880770511
2021,Jalisco,Sector económico Servicios,14,12.91939398
2019,Jalisco,Sector económico Servicios,14,32.0434773526954
2017,Jalisco,Sector económico Servicios,14,23.6841488906107
2015,Jalisco,Sector económico Servicios,14,21.920176010696498
2013,Jalisco,Sector económico Servicios,14,32.3276429868778
2011,Jalisco,Sector económico Servicios,14,27.7853903826869
2021,México,Total,15,24.29018163
2019,México,Total,15,39.1911552205529
2017,México,Total,15,36.2091823578386
2015,México,Total,15,37.0189526343712
2013,México,Total,15,41.0153086131632
2011,México,Total,15,47.80837156567819
2021,México,Tamaño Micro,15,23.62370534
2019,México,Tamaño Micro,15,38.7646751568573
2017,México,Tamaño Micro,15,35.5345911949686
2015,México,Tamaño Micro,15,36.3914373088685
2013,México,Tamaño Micro,15,40.453074433657
2011,México,Tamaño Micro,15,47.1947194719472
2021,México,Tamaño Pequeña,15,39.91360954
2019,México,Tamaño Pequeña,15,51.5135155542132
2017,México,Tamaño Pequeña,15,58.7096774193548
2015,México,Tamaño Pequeña,15,57.4074074074074
2013,México,Tamaño Pequeña,15,54.8387096774193
2011,México,Tamaño Pequeña,15,69.6969696969697
2021,México,Tamaño Mediana,15,49.38715512000001
2019,México,Tamaño Mediana,15,62.9937053659472
2017,México,Tamaño Mediana,15,73.109243697479
2015,México,Tamaño Mediana,15,64.0287769784173
2013,México,Tamaño Mediana,15,63.5658914728682
2011,México,Tamaño Mediana,15,57.1428571428571
2021,México,Tamaño Grande,15,53.56752669
2019,México,Tamaño Grande,15,65.3941993464052
2017,México,Tamaño Grande,15,68.2926829268293
2015,México,Tamaño Grande,15,67.1052631578947
2013,México,Tamaño Grande,15,79.3814432989691
2011,México,Tamaño Grande,15,68.0327868852459
2021,México,Sector económico Comercio,15,24.03107794
2019,México,Sector económico Comercio,15,41.605247976541
2017,México,Sector económico Comercio,15,37.5106378348811
2015,México,Sector económico Comercio,15,38.1194541114113
2013,México,Sector económico Comercio,15,43.2984491269897
2011,México,Sector económico Comercio,15,53.4782513718034
2021,México,Sector económico Industria,15,21.50256554
2019,México,Sector económico Industria,15,32.2166723349521
2017,México,Sector económico Industria,15,44.9586880034683
2015,México,Sector económico Industria,15,46.3676849784709
2013,México,Sector económico Industria,15,45.3324508688217
2011,México,Sector económico Industria,15,34.5822842407355
2021,México,Sector económico Servicios,15,25.44176939
2019,México,Sector económico Servicios,15,37.6785521344928
2017,México,Sector económico Servicios,15,31.7946239263554
2015,México,Sector económico Servicios,15,32.6765532890496
2013,México,Sector económico Servicios,15,36.6360502332937
2011,México,Sector económico Servicios,15,43.937438802623
2021,Michoacán de Ocampo,Total,16,20.93985082
2019,Michoacán de Ocampo,Total,16,31.1822981768051
2017,Michoacán de Ocampo,Total,16,41.4747324448106
2015,Michoacán de Ocampo,Total,16,44.9523957656011
2013,Michoacán de Ocampo,Total,16,38.6542004794627
2011,Michoacán de Ocampo,Total,16,29.355743270032395
2021,Michoacán de Ocampo,Tamaño Micro,16,20.17822258
2019,Michoacán de Ocampo,Tamaño Micro,16,30.4150996600422
2017,Michoacán de Ocampo,Tamaño Micro,16,40.8268733850129
2015,Michoacán de Ocampo,Tamaño Micro,16,44.53125
2013,Michoacán de Ocampo,Tamaño Micro,16,38.0597014925373
2011,Michoacán de Ocampo,Tamaño Micro,16,28.3208020050125
2021,Michoacán de Ocampo,Tamaño Pequeña,16,40.33122178
2019,Michoacán de Ocampo,Tamaño Pequeña,16,55.6866596475098
2017,Michoacán de Ocampo,Tamaño Pequeña,16,64.7887323943662
2015,Michoacán de Ocampo,Tamaño Pequeña,16,58.2857142857143
2013,Michoacán de Ocampo,Tamaño Pequeña,16,54.2857142857143
2011,Michoacán de Ocampo,Tamaño Pequeña,16,60.759493670886094
2021,Michoacán de Ocampo,Tamaño Mediana,16,62.37339276
2019,Michoacán de Ocampo,Tamaño Mediana,16,73.5740845075425
2017,Michoacán de Ocampo,Tamaño Mediana,16,78.7234042553192
2015,Michoacán de Ocampo,Tamaño Mediana,16,68.6274509803922
2013,Michoacán de Ocampo,Tamaño Mediana,16,69.047619047619
2011,Michoacán de Ocampo,Tamaño Mediana,16,69.3069306930693
2021,Michoacán de Ocampo,Tamaño Grande,16,50.00586957
2019,Michoacán de Ocampo,Tamaño Grande,16,62.7299001576458
2017,Michoacán de Ocampo,Tamaño Grande,16,73.2394366197183
2015,Michoacán de Ocampo,Tamaño Grande,16,74.2424242424242
2013,Michoacán de Ocampo,Tamaño Grande,16,72.289156626506
2011,Michoacán de Ocampo,Tamaño Grande,16,59.829059829059794
2021,Michoacán de Ocampo,Sector económico Comercio,16,25.05788543
2019,Michoacán de Ocampo,Sector económico Comercio,16,37.1920432699722
2017,Michoacán de Ocampo,Sector económico Comercio,16,42.1294554355179
2015,Michoacán de Ocampo,Sector económico Comercio,16,51.7301994592932
2013,Michoacán de Ocampo,Sector económico Comercio,16,45.16030695507461
2011,Michoacán de Ocampo,Sector económico Comercio,16,32.0725620249085
2021,Michoacán de Ocampo,Sector económico Industria,16,19.88265019
2019,Michoacán de Ocampo,Sector económico Industria,16,31.6860575156092
2017,Michoacán de Ocampo,Sector económico Industria,16,41.4558035164436
2015,Michoacán de Ocampo,Sector económico Industria,16,38.0995280390287
2013,Michoacán de Ocampo,Sector económico Industria,16,29.3182467894179
2011,Michoacán de Ocampo,Sector económico Industria,16,24.832957747645494
2021,Michoacán de Ocampo,Sector económico Servicios,16,16.59165866
2019,Michoacán de Ocampo,Sector económico Servicios,16,23.9270174421689
2017,Michoacán de Ocampo,Sector económico Servicios,16,40.7755197494917
2015,Michoacán de Ocampo,Sector económico Servicios,16,39.6767204132212
2013,Michoacán de Ocampo,Sector económico Servicios,16,32.9268061497709
2011,Michoacán de Ocampo,Sector económico Servicios,16,27.728741313248
2021,Morelos,Total,17,24.76067446
2019,Morelos,Total,17,24.5276100469395
2017,Morelos,Total,17,32.5639705297124
2015,Morelos,Total,17,33.1731030577519
2013,Morelos,Total,17,37.7140075991483
2011,Morelos,Total,17,39.9210956242341
2021,Morelos,Tamaño Micro,17,24.11555182
2019,Morelos,Tamaño Micro,17,23.8572558119382
2017,Morelos,Tamaño Micro,17,31.767955801105
2015,Morelos,Tamaño Micro,17,32.2335025380711
2013,Morelos,Tamaño Micro,17,36.7396593673966
2011,Morelos,Tamaño Micro,17,39.1208791208791
2021,Morelos,Tamaño Pequeña,17,38.62759953
2019,Morelos,Tamaño Pequeña,17,44.362106283653
2017,Morelos,Tamaño Pequeña,17,58.620689655172406
2015,Morelos,Tamaño Pequeña,17,65.4411764705882
2013,Morelos,Tamaño Pequeña,17,64.1509433962264
2011,Morelos,Tamaño Pequeña,17,61.3207547169811
2021,Morelos,Tamaño Mediana,17,54.00921025
2019,Morelos,Tamaño Mediana,17,57.03173018124
2017,Morelos,Tamaño Mediana,17,68.9655172413793
2015,Morelos,Tamaño Mediana,17,63.33333333333329
2013,Morelos,Tamaño Mediana,17,67.1232876712329
2011,Morelos,Tamaño Mediana,17,63.41463414634151
2021,Morelos,Tamaño Grande,17,46.96243812
2019,Morelos,Tamaño Grande,17,58.7126623376623
2017,Morelos,Tamaño Grande,17,78.0
2015,Morelos,Tamaño Grande,17,72.7272727272727
2013,Morelos,Tamaño Grande,17,70.6896551724138
2011,Morelos,Tamaño Grande,17,78.0952380952381
2021,Morelos,Sector económico Comercio,17,30.13950345
2019,Morelos,Sector económico Comercio,17,24.178712228664903
2017,Morelos,Sector económico Comercio,17,33.5576827969852
2015,Morelos,Sector económico Comercio,17,37.4167742964073
2013,Morelos,Sector económico Comercio,17,38.4725898883458
2011,Morelos,Sector económico Comercio,17,41.638122547017
2021,Morelos,Sector económico Industria,17,14.77170295
2019,Morelos,Sector económico Industria,17,17.1831044307044
2017,Morelos,Sector económico Industria,17,35.5300593630042
2015,Morelos,Sector económico Industria,17,20.7781729877147
2013,Morelos,Sector económico Industria,17,40.9964024616096
2011,Morelos,Sector económico Industria,17,47.61616432711511
2021,Morelos,Sector económico Servicios,17,21.2051983
2019,Morelos,Sector económico Servicios,17,26.869753499228903
2017,Morelos,Sector económico Servicios,17,30.5092458053461
2015,Morelos,Sector económico Servicios,17,31.380968864920003
2013,Morelos,Sector económico Servicios,17,35.9280321990148
2011,Morelos,Sector económico Servicios,17,36.1109926603462
2021,Nayarit,Total,18,20.96303631
2019,Nayarit,Total,18,24.895583101519303
2017,Nayarit,Total,18,29.7123063121083
2015,Nayarit,Total,18,23.9840200990014
2013,Nayarit,Total,18,24.8548838358121
2011,Nayarit,Total,18,38.9967638413199
2021,Nayarit,Tamaño Micro,18,20.31797231
2019,Nayarit,Tamaño Micro,18,24.2028678123552
2017,Nayarit,Tamaño Micro,18,29.084380610412904
2015,Nayarit,Tamaño Micro,18,23.2600732600733
2013,Nayarit,Tamaño Micro,18,24.0694789081886
2011,Nayarit,Tamaño Micro,18,38.2892057026477
2021,Nayarit,Tamaño Pequeña,18,33.32382462
2019,Nayarit,Tamaño Pequeña,18,41.2257036341387
2017,Nayarit,Tamaño Pequeña,18,47.29064039408869
2015,Nayarit,Tamaño Pequeña,18,40.2714932126697
2013,Nayarit,Tamaño Pequeña,18,43.0555555555556
2011,Nayarit,Tamaño Pequeña,18,54.368932038834906
2021,Nayarit,Tamaño Mediana,18,44.63373214999999
2019,Nayarit,Tamaño Mediana,18,58.8054052090427
2017,Nayarit,Tamaño Mediana,18,52.74725274725281
2015,Nayarit,Tamaño Mediana,18,61.9565217391304
2013,Nayarit,Tamaño Mediana,18,46.4788732394366
2011,Nayarit,Tamaño Mediana,18,65.3846153846154
2021,Nayarit,Tamaño Grande,18,37.71718162
2019,Nayarit,Tamaño Grande,18,51.5646258503401
2017,Nayarit,Tamaño Grande,18,62.7118644067797
2015,Nayarit,Tamaño Grande,18,56.8965517241379
2013,Nayarit,Tamaño Grande,18,52.1739130434783
2011,Nayarit,Tamaño Grande,18,70.6896551724138
2021,Nayarit,Sector económico Comercio,18,23.41763815
2019,Nayarit,Sector económico Comercio,18,29.991976547581
2017,Nayarit,Sector económico Comercio,18,36.7151440387866
2015,Nayarit,Sector económico Comercio,18,29.368634239386903
2013,Nayarit,Sector económico Comercio,18,28.5239266351574
2011,Nayarit,Sector económico Comercio,18,41.6881874658152
2021,Nayarit,Sector económico Industria,18,17.96132227
2019,Nayarit,Sector económico Industria,18,12.9833102160871
2017,Nayarit,Sector económico Industria,18,28.018297032156894
2015,Nayarit,Sector económico Industria,18,20.6218532251266
2013,Nayarit,Sector económico Industria,18,28.5313592312806
2011,Nayarit,Sector económico Industria,18,33.5495823405496
2021,Nayarit,Sector económico Servicios,18,19.56313377
2019,Nayarit,Sector económico Servicios,18,23.2737388435652
2017,Nayarit,Sector económico Servicios,18,23.32143514784549
2015,Nayarit,Sector económico Servicios,18,19.4278108846781
2013,Nayarit,Sector económico Servicios,18,20.423445451586
2011,Nayarit,Sector económico Servicios,18,37.1859917288795
2021,Nuevo León,Total,19,24.49793754
2019,Nuevo León,Total,19,32.4335193183905
2017,Nuevo León,Total,19,29.171730752977805
2015,Nuevo León,Total,19,33.6859007492962
2013,Nuevo León,Total,19,25.5659763661408
2011,Nuevo León,Total,19,48.6981662601847
2021,Nuevo León,Tamaño Micro,19,23.589293439999995
2019,Nuevo León,Tamaño Micro,19,31.2194590897663
2017,Nuevo León,Tamaño Micro,19,27.882599580712803
2015,Nuevo León,Tamaño Micro,19,31.8458417849899
2013,Nuevo León,Tamaño Micro,19,24.216524216524203
2011,Nuevo León,Tamaño Micro,19,48.1012658227848
2021,Nuevo León,Tamaño Pequeña,19,30.6258495
2019,Nuevo León,Tamaño Pequeña,19,43.4947900832613
2017,Nuevo León,Tamaño Pequeña,19,38.3064516129032
2015,Nuevo León,Tamaño Pequeña,19,49.6478873239437
2013,Nuevo León,Tamaño Pequeña,19,36.9942196531792
2011,Nuevo León,Tamaño Pequeña,19,53.4653465346535
2021,Nuevo León,Tamaño Mediana,19,33.73132556
2019,Nuevo León,Tamaño Mediana,19,47.9226769826523
2017,Nuevo León,Tamaño Mediana,19,49.26829268292679
2015,Nuevo León,Tamaño Mediana,19,52.3316062176166
2013,Nuevo León,Tamaño Mediana,19,44.4444444444444
2011,Nuevo León,Tamaño Mediana,19,58.92857142857141
2021,Nuevo León,Tamaño Grande,19,32.46756941
2019,Nuevo León,Tamaño Grande,19,48.1202836895923
2017,Nuevo León,Tamaño Grande,19,54.2713567839196
2015,Nuevo León,Tamaño Grande,19,56.0185185185185
2013,Nuevo León,Tamaño Grande,19,41.6149068322981
2011,Nuevo León,Tamaño Grande,19,53.381195627095
2021,Nuevo León,Sector económico Comercio,19,32.81215414
2019,Nuevo León,Sector económico Comercio,19,40.238436078301
2017,Nuevo León,Sector económico Comercio,19,35.672002184421
2015,Nuevo León,Sector económico Comercio,19,36.5204202118683
2013,Nuevo León,Sector económico Comercio,19,29.8853376218114
2011,Nuevo León,Sector económico Comercio,19,56.8011473270015
2021,Nuevo León,Sector económico Industria,19,25.104414110000004
2019,Nuevo León,Sector económico Industria,19,36.8699313899666
2017,Nuevo León,Sector económico Industria,19,33.9173423711361
2015,Nuevo León,Sector económico Industria,19,37.7567657162229
2013,Nuevo León,Sector económico Industria,19,27.4020616284589
2011,Nuevo León,Sector económico Industria,19,49.49119854036061
2021,Nuevo León,Sector económico Servicios,19,17.05408923
2019,Nuevo León,Sector económico Servicios,19,24.665689435221804
2017,Nuevo León,Sector económico Servicios,19,21.5519739795724
2015,Nuevo León,Sector económico Servicios,19,29.6659859563091
2013,Nuevo León,Sector económico Servicios,19,20.5547676736201
2011,Nuevo León,Sector económico Servicios,19,38.7374122020855
2021,Oaxaca,Total,20,21.25467515
2019,Oaxaca,Total,20,25.3401403288741
2017,Oaxaca,Total,20,28.7220358312361
2015,Oaxaca,Total,20,25.336008908412
2013,Oaxaca,Total,20,34.5409768306918
2011,Oaxaca,Total,20,33.4684813732149
2021,Oaxaca,Tamaño Micro,20,20.74267725
2019,Oaxaca,Tamaño Micro,20,24.799930680311103
2017,Oaxaca,Tamaño Micro,20,28.171641791044795
2015,Oaxaca,Tamaño Micro,20,24.8971193415638
2013,Oaxaca,Tamaño Micro,20,34.1592920353982
2011,Oaxaca,Tamaño Micro,20,32.9268292682927
2021,Oaxaca,Tamaño Pequeña,20,39.34192432
2019,Oaxaca,Tamaño Pequeña,20,51.6308046976388
2017,Oaxaca,Tamaño Pequeña,20,56.25
2015,Oaxaca,Tamaño Pequeña,20,45.57522123893799
2013,Oaxaca,Tamaño Pequeña,20,46.9945355191257
2011,Oaxaca,Tamaño Pequeña,20,53.448275862069
2021,Oaxaca,Tamaño Mediana,20,55.9464768
2019,Oaxaca,Tamaño Mediana,20,59.5693367786391
2017,Oaxaca,Tamaño Mediana,20,67.4418604651163
2015,Oaxaca,Tamaño Mediana,20,51.8072289156627
2013,Oaxaca,Tamaño Mediana,20,68.6567164179104
2011,Oaxaca,Tamaño Mediana,20,72.4137931034483
2021,Oaxaca,Tamaño Grande,20,54.59047846000001
2019,Oaxaca,Tamaño Grande,20,70.0
2017,Oaxaca,Tamaño Grande,20,70.9677419354839
2015,Oaxaca,Tamaño Grande,20,52.7027027027027
2013,Oaxaca,Tamaño Grande,20,67.2727272727273
2011,Oaxaca,Tamaño Grande,20,65.2777777777778
2021,Oaxaca,Sector económico Comercio,20,26.43851608
2019,Oaxaca,Sector económico Comercio,20,29.2481575912081
2017,Oaxaca,Sector económico Comercio,20,34.2226733973645
2015,Oaxaca,Sector económico Comercio,20,29.6119886176099
2013,Oaxaca,Sector económico Comercio,20,40.1629262754163
2011,Oaxaca,Sector económico Comercio,20,34.2050762386752
2021,Oaxaca,Sector económico Industria,20,14.2444834
2019,Oaxaca,Sector económico Industria,20,15.3399195213612
2017,Oaxaca,Sector económico Industria,20,16.4781756334762
2015,Oaxaca,Sector económico Industria,20,17.2736828376741
2013,Oaxaca,Sector económico Industria,20,30.8763257734837
2011,Oaxaca,Sector económico Industria,20,32.6011608176334
2021,Oaxaca,Sector económico Servicios,20,20.15522757
2019,Oaxaca,Sector económico Servicios,20,27.7806497026116
2017,Oaxaca,Sector económico Servicios,20,30.6253052833026
2015,Oaxaca,Sector económico Servicios,20,25.345801216958296
2013,Oaxaca,Sector económico Servicios,20,29.0805688877669
2011,Oaxaca,Sector económico Servicios,20,32.731396888869
2021,Puebla,Total,21,26.013100770000005
2019,Puebla,Total,21,34.4692037380473
2017,Puebla,Total,21,38.0793107434612
2015,Puebla,Total,21,36.0295149179619
2013,Puebla,Total,21,42.8598156677652
2011,Puebla,Total,21,30.8313605998108
2021,Puebla,Tamaño Micro,21,25.3498074
2019,Puebla,Tamaño Micro,21,33.7589700241283
2017,Puebla,Tamaño Micro,21,37.4371859296482
2015,Puebla,Tamaño Micro,21,35.4347826086957
2013,Puebla,Tamaño Micro,21,42.3785594639866
2011,Puebla,Tamaño Micro,21,29.910714285714292
2021,Puebla,Tamaño Pequeña,21,40.41292048
2019,Puebla,Tamaño Pequeña,21,56.1356979955142
2017,Puebla,Tamaño Pequeña,21,60.3658536585366
2015,Puebla,Tamaño Pequeña,21,55.0
2013,Puebla,Tamaño Pequeña,21,55.6962025316456
2011,Puebla,Tamaño Pequeña,21,58.4269662921348
2021,Puebla,Tamaño Mediana,21,55.75830335999999
2019,Puebla,Tamaño Mediana,21,69.2431085627199
2017,Puebla,Tamaño Mediana,21,65.8914728682171
2015,Puebla,Tamaño Mediana,21,61.2903225806452
2013,Puebla,Tamaño Mediana,21,62.3853211009174
2011,Puebla,Tamaño Mediana,21,59.3023255813953
2021,Puebla,Tamaño Grande,21,57.04073829
2019,Puebla,Tamaño Grande,21,65.1686030284
2017,Puebla,Tamaño Grande,21,70.0
2015,Puebla,Tamaño Grande,21,62.5
2013,Puebla,Tamaño Grande,21,68.1318681318681
2011,Puebla,Tamaño Grande,21,64.7540983606557
2021,Puebla,Sector económico Comercio,21,30.91472315
2019,Puebla,Sector económico Comercio,21,36.1345681770256
2017,Puebla,Sector económico Comercio,21,41.0315294294738
2015,Puebla,Sector económico Comercio,21,44.7697174590271
2013,Puebla,Sector económico Comercio,21,43.5943006159219
2011,Puebla,Sector económico Comercio,21,36.1711378718664
2021,Puebla,Sector económico Industria,21,20.88280849
2019,Puebla,Sector económico Industria,21,29.3235471625141
2017,Puebla,Sector económico Industria,21,31.6265410196864
2015,Puebla,Sector económico Industria,21,21.5485089796698
2013,Puebla,Sector económico Industria,21,48.6106953339664
2011,Puebla,Sector económico Industria,21,31.9746442752333
2021,Puebla,Sector económico Servicios,21,21.94480478
2019,Puebla,Sector económico Servicios,21,34.7548718979617
2017,Puebla,Sector económico Servicios,21,37.6916733818024
2015,Puebla,Sector económico Servicios,21,31.5477521052831
2013,Puebla,Sector económico Servicios,21,39.4007824470376
2011,Puebla,Sector económico Servicios,21,23.6314624776206
2021,Querétaro,Total,22,32.20472421
2019,Querétaro,Total,22,29.7283047478254
2017,Querétaro,Total,22,34.0751010671139
2015,Querétaro,Total,22,38.353923288886
2013,Querétaro,Total,22,34.051681163772
2011,Querétaro,Total,22,36.0787628997592
2021,Querétaro,Tamaño Micro,22,30.4447199
2019,Querétaro,Tamaño Micro,22,28.1521644124004
2017,Querétaro,Tamaño Micro,22,33.3333333333333
2015,Querétaro,Tamaño Micro,22,37.4493927125506
2013,Querétaro,Tamaño Micro,22,33.3333333333333
2011,Querétaro,Tamaño Micro,22,34.9854227405248
2021,Querétaro,Tamaño Pequeña,22,50.71221392
2019,Querétaro,Tamaño Pequeña,22,53.0836327024385
2017,Querétaro,Tamaño Pequeña,22,43.6363636363636
2015,Querétaro,Tamaño Pequeña,22,48.0
2013,Querétaro,Tamaño Pequeña,22,41.6666666666667
2011,Querétaro,Tamaño Pequeña,22,47.9520769696936
2021,Querétaro,Tamaño Mediana,22,54.31832025
2019,Querétaro,Tamaño Mediana,22,57.1623127830024
2017,Querétaro,Tamaño Mediana,22,49.2753623188406
2015,Querétaro,Tamaño Mediana,22,58.9041095890411
2013,Querétaro,Tamaño Mediana,22,53.0
2011,Querétaro,Tamaño Mediana,22,62.6865671641791
2021,Querétaro,Tamaño Grande,22,52.68521506
2019,Querétaro,Tamaño Grande,22,42.89233003611239
2017,Querétaro,Tamaño Grande,22,58.119658119658105
2015,Querétaro,Tamaño Grande,22,71.1711711711712
2013,Querétaro,Tamaño Grande,22,52.9411764705882
2011,Querétaro,Tamaño Grande,22,65.8536585365854
2021,Querétaro,Sector económico Comercio,22,31.43784275
2019,Querétaro,Sector económico Comercio,22,36.5399992978752
2017,Querétaro,Sector económico Comercio,22,41.0103001117036
2015,Querétaro,Sector económico Comercio,22,44.4386799804146
2013,Querétaro,Sector económico Comercio,22,39.3785394738773
2011,Querétaro,Sector económico Comercio,22,40.1732551986651
2021,Querétaro,Sector económico Industria,22,31.01043695
2019,Querétaro,Sector económico Industria,22,23.2898359178744
2017,Querétaro,Sector económico Industria,22,32.1768393117231
2015,Querétaro,Sector económico Industria,22,30.5846564249026
2013,Querétaro,Sector económico Industria,22,28.7428724488072
2011,Querétaro,Sector económico Industria,22,48.0153070776297
2021,Querétaro,Sector económico Servicios,22,33.28762882
2019,Querétaro,Sector económico Servicios,22,24.1981108094416
2017,Querétaro,Sector económico Servicios,22,26.8474803840073
2015,Querétaro,Sector económico Servicios,22,33.3416777715173
2013,Querétaro,Sector económico Servicios,22,29.7927843594822
2011,Querétaro,Sector económico Servicios,22,28.0291460938699
2021,Quintana Roo,Total,23,23.43404051
2019,Quintana Roo,Total,23,27.146347860894
2017,Quintana Roo,Total,23,38.8861832175836
2015,Quintana Roo,Total,23,35.6921876919199
2013,Quintana Roo,Total,23,35.2038516256887
2011,Quintana Roo,Total,23,39.9844491423772
2021,Quintana Roo,Tamaño Micro,23,22.40843937
2019,Quintana Roo,Tamaño Micro,23,25.942238166784204
2017,Quintana Roo,Tamaño Micro,23,37.5959079283887
2015,Quintana Roo,Tamaño Micro,23,34.4978165938865
2013,Quintana Roo,Tamaño Micro,23,34.5372460496614
2011,Quintana Roo,Tamaño Micro,23,38.421052631579
2021,Quintana Roo,Tamaño Pequeña,23,30.98453428
2019,Quintana Roo,Tamaño Pequeña,23,40.8817772177516
2017,Quintana Roo,Tamaño Pequeña,23,56.3981042654028
2015,Quintana Roo,Tamaño Pequeña,23,48.5232067510548
2013,Quintana Roo,Tamaño Pequeña,23,38.6503067484663
2011,Quintana Roo,Tamaño Pequeña,23,58.2278481012658
2021,Quintana Roo,Tamaño Mediana,23,36.90067325
2019,Quintana Roo,Tamaño Mediana,23,50.5290377305341
2017,Quintana Roo,Tamaño Mediana,23,61.7647058823529
2015,Quintana Roo,Tamaño Mediana,23,59.8360655737705
2013,Quintana Roo,Tamaño Mediana,23,56.81818181818179
2011,Quintana Roo,Tamaño Mediana,23,57.1428571428571
2021,Quintana Roo,Tamaño Grande,23,39.34962502
2019,Quintana Roo,Tamaño Grande,23,46.8196841648854
2017,Quintana Roo,Tamaño Grande,23,55.8823529411765
2015,Quintana Roo,Tamaño Grande,23,57.0175438596491
2013,Quintana Roo,Tamaño Grande,23,58.8235294117647
2011,Quintana Roo,Tamaño Grande,23,57.3770491803279
2021,Quintana Roo,Sector económico Comercio,23,25.367891870000005
2019,Quintana Roo,Sector económico Comercio,23,31.174345151149804
2017,Quintana Roo,Sector económico Comercio,23,46.6445833045744
2015,Quintana Roo,Sector económico Comercio,23,41.765670354027
2013,Quintana Roo,Sector económico Comercio,23,42.4427006754898
2011,Quintana Roo,Sector económico Comercio,23,43.7615245509622
2021,Quintana Roo,Sector económico Industria,23,20.36746347
2019,Quintana Roo,Sector económico Industria,23,36.1758044073756
2017,Quintana Roo,Sector económico Industria,23,33.0845039145541
2015,Quintana Roo,Sector económico Industria,23,22.5802708697563
2013,Quintana Roo,Sector económico Industria,23,33.6554026165418
2011,Quintana Roo,Sector económico Industria,23,56.76547482055761
2021,Quintana Roo,Sector económico Servicios,23,22.07012367
2019,Quintana Roo,Sector económico Servicios,23,22.3394825274072
2017,Quintana Roo,Sector económico Servicios,23,32.3816204168744
2015,Quintana Roo,Sector económico Servicios,23,32.4333509962599
2013,Quintana Roo,Sector económico Servicios,23,28.388504098887704
2011,Quintana Roo,Sector económico Servicios,23,32.4934049591088
2021,San Luis Potosí,Total,24,33.02977099
2019,San Luis Potosí,Total,24,36.1744792839816
2017,San Luis Potosí,Total,24,37.2479602880994
2015,San Luis Potosí,Total,24,30.4285839363522
2013,San Luis Potosí,Total,24,21.1140949553972
2011,San Luis Potosí,Total,24,31.3479930734959
2021,San Luis Potosí,Tamaño Micro,24,31.943758490000004
2019,San Luis Potosí,Tamaño Micro,24,35.1848003060641
2017,San Luis Potosí,Tamaño Micro,24,36.4842454394693
2015,San Luis Potosí,Tamaño Micro,24,29.3882978723404
2013,San Luis Potosí,Tamaño Micro,24,20.3361344537815
2011,San Luis Potosí,Tamaño Micro,24,30.2777777777778
2021,San Luis Potosí,Tamaño Pequeña,24,49.3912268
2019,San Luis Potosí,Tamaño Pequeña,24,55.1581600284104
2017,San Luis Potosí,Tamaño Pequeña,24,53.2258064516129
2015,San Luis Potosí,Tamaño Pequeña,24,51.505016722408
2013,San Luis Potosí,Tamaño Pequeña,24,34.5744680851064
2011,San Luis Potosí,Tamaño Pequeña,24,51.8518518518518
2021,San Luis Potosí,Tamaño Mediana,24,59.82774043
2019,San Luis Potosí,Tamaño Mediana,24,63.7838351269202
2017,San Luis Potosí,Tamaño Mediana,24,59.7222222222222
2015,San Luis Potosí,Tamaño Mediana,24,56.551724137931
2013,San Luis Potosí,Tamaño Mediana,24,46.0869565217391
2011,San Luis Potosí,Tamaño Mediana,24,57.3301098405639
2021,San Luis Potosí,Tamaño Grande,24,57.30929298
2019,San Luis Potosí,Tamaño Grande,24,64.708669308162
2017,San Luis Potosí,Tamaño Grande,24,58.974358974359
2015,San Luis Potosí,Tamaño Grande,24,63.20000000000001
2013,San Luis Potosí,Tamaño Grande,24,51.2820512820513
2011,San Luis Potosí,Tamaño Grande,24,66.8639053254438
2021,San Luis Potosí,Sector económico Comercio,24,35.24063682
2019,San Luis Potosí,Sector económico Comercio,24,42.4276992299699
2017,San Luis Potosí,Sector económico Comercio,24,44.6985129964985
2015,San Luis Potosí,Sector económico Comercio,24,35.2566038034848
2013,San Luis Potosí,Sector económico Comercio,24,25.5891086167653
2011,San Luis Potosí,Sector económico Comercio,24,34.7805080102118
2021,San Luis Potosí,Sector económico Industria,24,33.62077924
2019,San Luis Potosí,Sector económico Industria,24,34.4247340522835
2017,San Luis Potosí,Sector económico Industria,24,33.6282072977559
2015,San Luis Potosí,Sector económico Industria,24,22.1737374843605
2013,San Luis Potosí,Sector económico Industria,24,20.7000315170795
2011,San Luis Potosí,Sector económico Industria,24,41.6660631293023
2021,San Luis Potosí,Sector económico Servicios,24,30.55365304
2019,San Luis Potosí,Sector económico Servicios,24,30.0512322710274
2017,San Luis Potosí,Sector económico Servicios,24,30.119921468175004
2015,San Luis Potosí,Sector económico Servicios,24,27.068120857150102
2013,San Luis Potosí,Sector económico Servicios,24,15.532517139498202
2011,San Luis Potosí,Sector económico Servicios,24,24.1732060758812
2021,Sinaloa,Total,25,26.73915772
2019,Sinaloa,Total,25,27.7070834886192
2017,Sinaloa,Total,25,24.184208604216696
2015,Sinaloa,Total,25,37.9451712852511
2013,Sinaloa,Total,25,31.9815513866574
2011,Sinaloa,Total,25,38.4048372822682
2021,Sinaloa,Tamaño Micro,25,25.5921361
2019,Sinaloa,Tamaño Micro,25,26.1862932192409
2017,Sinaloa,Tamaño Micro,25,22.522522522522497
2015,Sinaloa,Tamaño Micro,25,37.4291115311909
2013,Sinaloa,Tamaño Micro,25,30.622009569378
2011,Sinaloa,Tamaño Micro,25,37.1527777777778
2021,Sinaloa,Tamaño Pequeña,25,37.87679819
2019,Sinaloa,Tamaño Pequeña,25,49.9845685264969
2017,Sinaloa,Tamaño Pequeña,25,49.7797356828194
2015,Sinaloa,Tamaño Pequeña,25,42.654028436019
2013,Sinaloa,Tamaño Pequeña,25,49.4186046511628
2011,Sinaloa,Tamaño Pequeña,25,52.57764483527169
2021,Sinaloa,Tamaño Mediana,25,54.0367486
2019,Sinaloa,Tamaño Mediana,25,64.3476234855545
2017,Sinaloa,Tamaño Mediana,25,63.20000000000001
2015,Sinaloa,Tamaño Mediana,25,56.4814814814815
2013,Sinaloa,Tamaño Mediana,25,64.7058823529412
2011,Sinaloa,Tamaño Mediana,25,70.6521739130435
2021,Sinaloa,Tamaño Grande,25,50.69399442
2019,Sinaloa,Tamaño Grande,25,47.583255933814
2017,Sinaloa,Tamaño Grande,25,58.2417582417582
2015,Sinaloa,Tamaño Grande,25,56.5789473684211
2013,Sinaloa,Tamaño Grande,25,52.1739130434783
2011,Sinaloa,Tamaño Grande,25,78.1021897810219
2021,Sinaloa,Sector económico Comercio,25,29.60445122
2019,Sinaloa,Sector económico Comercio,25,33.8371641915584
2017,Sinaloa,Sector económico Comercio,25,28.851329483499
2015,Sinaloa,Sector económico Comercio,25,44.3479917532269
2013,Sinaloa,Sector económico Comercio,25,39.4673331242181
2011,Sinaloa,Sector económico Comercio,25,44.823998226897096
2021,Sinaloa,Sector económico Industria,25,23.68084918
2019,Sinaloa,Sector económico Industria,25,23.1405535034213
2017,Sinaloa,Sector económico Industria,25,20.829968320265
2015,Sinaloa,Sector económico Industria,25,33.7514839564921
2013,Sinaloa,Sector económico Industria,25,22.329543271826804
2011,Sinaloa,Sector económico Industria,25,39.5371737307912
2021,Sinaloa,Sector económico Servicios,25,24.880511800000004
2019,Sinaloa,Sector económico Servicios,25,23.4662821459578
2017,Sinaloa,Sector económico Servicios,25,20.4025766699717
2015,Sinaloa,Sector económico Servicios,25,32.3188045611108
2013,Sinaloa,Sector económico Servicios,25,25.8944855270805
2011,Sinaloa,Sector económico Servicios,25,31.251942412343
2021,Sonora,Total,26,36.86581628
2019,Sonora,Total,26,34.9162719126364
2017,Sonora,Total,26,43.1791249940425
2015,Sonora,Total,26,46.3551651578399
2013,Sonora,Total,26,29.1760129079109
2011,Sonora,Total,26,44.03041622303001
2021,Sonora,Tamaño Micro,26,36.08320989
2019,Sonora,Tamaño Micro,26,33.4457132203225
2017,Sonora,Tamaño Micro,26,41.8666666666667
2015,Sonora,Tamaño Micro,26,45.2586206896552
2013,Sonora,Tamaño Micro,26,28.176795580110497
2011,Sonora,Tamaño Micro,26,42.2018348623853
2021,Sonora,Tamaño Pequeña,26,45.27905556
2019,Sonora,Tamaño Pequeña,26,53.4142142078016
2017,Sonora,Tamaño Pequeña,26,61.878453038674
2015,Sonora,Tamaño Pequeña,26,61.8421052631579
2013,Sonora,Tamaño Pequeña,26,40.3225806451613
2011,Sonora,Tamaño Pequeña,26,63.615745282160994
2021,Sonora,Tamaño Mediana,26,41.16583667
2019,Sonora,Tamaño Mediana,26,58.4200779727096
2017,Sonora,Tamaño Mediana,26,63.7037037037037
2015,Sonora,Tamaño Mediana,26,61.3138686131387
2013,Sonora,Tamaño Mediana,26,45.33333333333329
2011,Sonora,Tamaño Mediana,26,73.9893142863145
2021,Sonora,Tamaño Grande,26,49.46919331
2019,Sonora,Tamaño Grande,26,54.202518376028
2017,Sonora,Tamaño Grande,26,60.377358490566
2015,Sonora,Tamaño Grande,26,53.9130434782609
2013,Sonora,Tamaño Grande,26,55.4054054054054
2011,Sonora,Tamaño Grande,26,67.6258992805755
2021,Sonora,Sector económico Comercio,26,44.18724471
2019,Sonora,Sector económico Comercio,26,40.7582520176329
2017,Sonora,Sector económico Comercio,26,56.8569391882783
2015,Sonora,Sector económico Comercio,26,59.8816969209754
2013,Sonora,Sector económico Comercio,26,34.4166071444483
2011,Sonora,Sector económico Comercio,26,51.31263377125341
2021,Sonora,Sector económico Industria,26,20.40203272
2019,Sonora,Sector económico Industria,26,33.3254741462758
2017,Sonora,Sector económico Industria,26,30.9834015682987
2015,Sonora,Sector económico Industria,26,44.7040244342975
2013,Sonora,Sector económico Industria,26,35.3854239399224
2011,Sonora,Sector económico Industria,26,39.5390943366392
2021,Sonora,Sector económico Servicios,26,35.20440151
2019,Sonora,Sector económico Servicios,26,30.5502290169466
2017,Sonora,Sector económico Servicios,26,34.6406182716718
2015,Sonora,Sector económico Servicios,26,33.2834745008621
2013,Sonora,Sector económico Servicios,26,21.9762123090959
2011,Sonora,Sector económico Servicios,26,40.1278090830391
2021,Tabasco,Total,27,21.58917781
2019,Tabasco,Total,27,32.8450921593739
2017,Tabasco,Total,27,32.9064762728089
2015,Tabasco,Total,27,31.5376301874758
2013,Tabasco,Total,27,25.3548933389828
2011,Tabasco,Total,27,32.8109114568508
2021,Tabasco,Tamaño Micro,27,20.21744157
2019,Tabasco,Tamaño Micro,27,32.183593991468
2017,Tabasco,Tamaño Micro,27,31.8864774624374
2015,Tabasco,Tamaño Micro,27,30.1109350237718
2013,Tabasco,Tamaño Micro,27,24.7391952309985
2011,Tabasco,Tamaño Micro,27,31.103678929765906
2021,Tabasco,Tamaño Pequeña,27,41.21762182
2019,Tabasco,Tamaño Pequeña,27,47.7564280492246
2017,Tabasco,Tamaño Pequeña,27,49.4252873563218
2015,Tabasco,Tamaño Pequeña,27,56.459330143540704
2013,Tabasco,Tamaño Pequeña,27,32.3741007194245
2011,Tabasco,Tamaño Pequeña,27,64.1304347826087
2021,Tabasco,Tamaño Mediana,27,62.71642817
2019,Tabasco,Tamaño Mediana,27,61.780075778191794
2017,Tabasco,Tamaño Mediana,27,73.4939759036145
2015,Tabasco,Tamaño Mediana,27,75.8241758241758
2013,Tabasco,Tamaño Mediana,27,54.1176470588235
2011,Tabasco,Tamaño Mediana,27,64.5743701221621
2021,Tabasco,Tamaño Grande,27,54.56406718
2019,Tabasco,Tamaño Grande,27,66.2352941176471
2017,Tabasco,Tamaño Grande,27,71.0144927536232
2015,Tabasco,Tamaño Grande,27,64.2857142857143
2013,Tabasco,Tamaño Grande,27,45.7627118644068
2011,Tabasco,Tamaño Grande,27,73.2758620689655
2021,Tabasco,Sector económico Comercio,27,26.7691679
2019,Tabasco,Sector económico Comercio,27,36.5538081776783
2017,Tabasco,Sector económico Comercio,27,40.6166077633519
2015,Tabasco,Sector económico Comercio,27,37.0963933316089
2013,Tabasco,Sector económico Comercio,27,31.2950263568877
2011,Tabasco,Sector económico Comercio,27,37.1893989442585
2021,Tabasco,Sector económico Industria,27,17.43221459
2019,Tabasco,Sector económico Industria,27,29.6398874964346
2017,Tabasco,Sector económico Industria,27,25.7950623175349
2015,Tabasco,Sector económico Industria,27,26.2433416430579
2013,Tabasco,Sector económico Industria,27,17.3505759791705
2011,Tabasco,Sector económico Industria,27,17.3033939044291
2021,Tabasco,Sector económico Servicios,27,17.58498118
2019,Tabasco,Sector económico Servicios,27,30.008948237036503
2017,Tabasco,Sector económico Servicios,27,25.8004235249762
2015,Tabasco,Sector económico Servicios,27,26.8517550606764
2013,Tabasco,Sector económico Servicios,27,20.1303314959708
2011,Tabasco,Sector económico Servicios,27,32.5648979129751
2021,Tamaulipas,Total,28,16.4181968
2019,Tamaulipas,Total,28,21.2101541380525
2017,Tamaulipas,Total,28,23.8571240679327
2015,Tamaulipas,Total,28,31.4044623867982
2013,Tamaulipas,Total,28,27.9660100993419
2011,Tamaulipas,Total,28,29.41854146456309
2021,Tamaulipas,Tamaño Micro,28,15.73803331
2019,Tamaulipas,Tamaño Micro,28,20.4417436158636
2017,Tamaulipas,Tamaño Micro,28,22.8174603174603
2015,Tamaulipas,Tamaño Micro,28,30.4347826086957
2013,Tamaulipas,Tamaño Micro,28,26.8129770992366
2011,Tamaulipas,Tamaño Micro,28,28.2608695652174
2021,Tamaulipas,Tamaño Pequeña,28,23.94526086
2019,Tamaulipas,Tamaño Pequeña,28,33.6628067027538
2017,Tamaulipas,Tamaño Pequeña,28,41.3793103448276
2015,Tamaulipas,Tamaño Pequeña,28,45.41666666666671
2013,Tamaulipas,Tamaño Pequeña,28,46.120689655172406
2011,Tamaulipas,Tamaño Pequeña,28,47.5247524752475
2021,Tamaulipas,Tamaño Mediana,28,30.94499548
2019,Tamaulipas,Tamaño Mediana,28,38.9147021412262
2017,Tamaulipas,Tamaño Mediana,28,46.4052287581699
2015,Tamaulipas,Tamaño Mediana,28,56.3218390804598
2013,Tamaulipas,Tamaño Mediana,28,51.82926829268289
2011,Tamaulipas,Tamaño Mediana,28,48.95833333333329
2021,Tamaulipas,Tamaño Grande,28,31.6883832
2019,Tamaulipas,Tamaño Grande,28,36.6400406316373
2017,Tamaulipas,Tamaño Grande,28,52.054794520548
2015,Tamaulipas,Tamaño Grande,28,55.1020408163265
2013,Tamaulipas,Tamaño Grande,28,48.8262910798122
2011,Tamaulipas,Tamaño Grande,28,56.4766839378238
2021,Tamaulipas,Sector económico Comercio,28,17.88591687
2019,Tamaulipas,Sector económico Comercio,28,23.260249064236103
2017,Tamaulipas,Sector económico Comercio,28,25.6962341666497
2015,Tamaulipas,Sector económico Comercio,28,37.1645034523228
2013,Tamaulipas,Sector económico Comercio,28,30.4003181943899
2011,Tamaulipas,Sector económico Comercio,28,33.6248560990165
2021,Tamaulipas,Sector económico Industria,28,17.79387931
2019,Tamaulipas,Sector económico Industria,28,17.1861037097766
2017,Tamaulipas,Sector económico Industria,28,14.9969145002891
2015,Tamaulipas,Sector económico Industria,28,35.6569735327324
2013,Tamaulipas,Sector económico Industria,28,29.5955074120328
2011,Tamaulipas,Sector económico Industria,28,25.13497656308469
2021,Tamaulipas,Sector económico Servicios,28,14.87514237
2019,Tamaulipas,Sector económico Servicios,28,20.0609883576552
2017,Tamaulipas,Sector económico Servicios,28,24.0609602178509
2015,Tamaulipas,Sector económico Servicios,28,24.2676070713886
2013,Tamaulipas,Sector económico Servicios,28,24.9646636556752
2011,Tamaulipas,Sector económico Servicios,28,26.8390227887583
2021,Tlaxcala,Total,29,32.86854839
2019,Tlaxcala,Total,29,35.71349114701
2017,Tlaxcala,Total,29,32.3989691405376
2015,Tlaxcala,Total,29,36.4719146637572
2013,Tlaxcala,Total,29,34.7631161042801
2011,Tlaxcala,Total,29,34.3216080289061
2021,Tlaxcala,Tamaño Micro,29,32.36411116
2019,Tlaxcala,Tamaño Micro,29,35.2051908950122
2017,Tlaxcala,Tamaño Micro,29,32.0209973753281
2015,Tlaxcala,Tamaño Micro,29,36.1396303901437
2013,Tlaxcala,Tamaño Micro,29,34.3205574912892
2011,Tlaxcala,Tamaño Micro,29,33.9857651245552
2021,Tlaxcala,Tamaño Pequeña,29,49.6533732
2019,Tlaxcala,Tamaño Pequeña,29,61.1274775905922
2017,Tlaxcala,Tamaño Pequeña,29,51.7006802721088
2015,Tlaxcala,Tamaño Pequeña,29,49.729729729729705
2013,Tlaxcala,Tamaño Pequeña,29,54.3352601156069
2011,Tlaxcala,Tamaño Pequeña,29,47.6190476190476
2021,Tlaxcala,Tamaño Mediana,29,62.60635965
2019,Tlaxcala,Tamaño Mediana,29,65.7981925483294
2017,Tlaxcala,Tamaño Mediana,29,65.1162790697674
2015,Tlaxcala,Tamaño Mediana,29,66.6666666666667
2013,Tlaxcala,Tamaño Mediana,29,58.88888888888889
2011,Tlaxcala,Tamaño Mediana,29,55.1724137931034
2021,Tlaxcala,Tamaño Grande,29,70.64241101
2019,Tlaxcala,Tamaño Grande,29,61.6600790513834
2017,Tlaxcala,Tamaño Grande,29,68.9655172413793
2015,Tlaxcala,Tamaño Grande,29,84.6153846153846
2013,Tlaxcala,Tamaño Grande,29,58.695652173913
2011,Tlaxcala,Tamaño Grande,29,65.4545454545454
2021,Tlaxcala,Sector económico Comercio,29,38.01896283
2019,Tlaxcala,Sector económico Comercio,29,39.4317764490674
2017,Tlaxcala,Sector económico Comercio,29,30.4122190062313
2015,Tlaxcala,Sector económico Comercio,29,40.8203312103727
2013,Tlaxcala,Sector económico Comercio,29,37.1680469685882
2011,Tlaxcala,Sector económico Comercio,29,35.0397838093376
2021,Tlaxcala,Sector económico Industria,29,22.29410347
2019,Tlaxcala,Sector económico Industria,29,28.3308317672701
2017,Tlaxcala,Sector económico Industria,29,26.5080207379555
2015,Tlaxcala,Sector económico Industria,29,31.290446537498
2013,Tlaxcala,Sector económico Industria,29,30.0823738321248
2011,Tlaxcala,Sector económico Industria,29,34.6424697822332
2021,Tlaxcala,Sector económico Servicios,29,30.48699057
2019,Tlaxcala,Sector económico Servicios,29,33.873208460792
2017,Tlaxcala,Sector económico Servicios,29,38.9339228746554
2015,Tlaxcala,Sector económico Servicios,29,32.4093563484148
2013,Tlaxcala,Sector económico Servicios,29,33.6501467445253
2011,Tlaxcala,Sector económico Servicios,29,32.9239230763709
2021,Veracruz de Ignacio de la Llave,Total,30,20.99820455
2019,Veracruz de Ignacio de la Llave,Total,30,30.214311778694
2017,Veracruz de Ignacio de la Llave,Total,30,26.7769657437146
2015,Veracruz de Ignacio de la Llave,Total,30,28.9947617839882
2013,Veracruz de Ignacio de la Llave,Total,30,25.8036313413682
2011,Veracruz de Ignacio de la Llave,Total,30,26.5409528846466
2021,Veracruz de Ignacio de la Llave,Tamaño Micro,30,20.27263049
2019,Veracruz de Ignacio de la Llave,Tamaño Micro,30,29.3839804099473
2017,Veracruz de Ignacio de la Llave,Tamaño Micro,30,25.7530120481928
2015,Veracruz de Ignacio de la Llave,Tamaño Micro,30,28.086838534599696
2013,Veracruz de Ignacio de la Llave,Tamaño Micro,30,24.6969696969697
2011,Veracruz de Ignacio de la Llave,Tamaño Micro,30,25.3709198813056
2021,Veracruz de Ignacio de la Llave,Tamaño Pequeña,30,34.81958722
2019,Veracruz de Ignacio de la Llave,Tamaño Pequeña,30,55.3424597852388
2017,Veracruz de Ignacio de la Llave,Tamaño Pequeña,30,54.9707602339181
2015,Veracruz de Ignacio de la Llave,Tamaño Pequeña,30,51.47679324894509
2013,Veracruz de Ignacio de la Llave,Tamaño Pequeña,30,50.531914893617
2011,Veracruz de Ignacio de la Llave,Tamaño Pequeña,30,53.71900826446281
2021,Veracruz de Ignacio de la Llave,Tamaño Mediana,30,46.6496513
2019,Veracruz de Ignacio de la Llave,Tamaño Mediana,30,63.8195816864295
2017,Veracruz de Ignacio de la Llave,Tamaño Mediana,30,74.3589743589744
2015,Veracruz de Ignacio de la Llave,Tamaño Mediana,30,66.3716814159292
2013,Veracruz de Ignacio de la Llave,Tamaño Mediana,30,60.5504587155963
2011,Veracruz de Ignacio de la Llave,Tamaño Mediana,30,62.8318584070797
2021,Veracruz de Ignacio de la Llave,Tamaño Grande,30,51.99990792
2019,Veracruz de Ignacio de la Llave,Tamaño Grande,30,67.1288005629565
2017,Veracruz de Ignacio de la Llave,Tamaño Grande,30,65.2777777777778
2015,Veracruz de Ignacio de la Llave,Tamaño Grande,30,69.4117647058824
2013,Veracruz de Ignacio de la Llave,Tamaño Grande,30,68.8172043010753
2011,Veracruz de Ignacio de la Llave,Tamaño Grande,30,68.7898089171974
2021,Veracruz de Ignacio de la Llave,Sector económico Comercio,30,24.89387892
2019,Veracruz de Ignacio de la Llave,Sector económico Comercio,30,34.3401400591375
2017,Veracruz de Ignacio de la Llave,Sector económico Comercio,30,29.7458428304864
2015,Veracruz de Ignacio de la Llave,Sector económico Comercio,30,29.8307806145871
2013,Veracruz de Ignacio de la Llave,Sector económico Comercio,30,31.124194715419502
2011,Veracruz de Ignacio de la Llave,Sector económico Comercio,30,29.6273389885034
2021,Veracruz de Ignacio de la Llave,Sector económico Industria,30,13.99025192
2019,Veracruz de Ignacio de la Llave,Sector económico Industria,30,26.266240807555096
2017,Veracruz de Ignacio de la Llave,Sector económico Industria,30,24.284781472759292
2015,Veracruz de Ignacio de la Llave,Sector económico Industria,30,27.6717104969794
2013,Veracruz de Ignacio de la Llave,Sector económico Industria,30,29.5529790618666
2011,Veracruz de Ignacio de la Llave,Sector económico Industria,30,23.1760373327111
2021,Veracruz de Ignacio de la Llave,Sector económico Servicios,30,18.63417772
2019,Veracruz de Ignacio de la Llave,Sector económico Servicios,30,26.7463260450847
2017,Veracruz de Ignacio de la Llave,Sector económico Servicios,30,23.983991039392304
2015,Veracruz de Ignacio de la Llave,Sector económico Servicios,30,28.420964370726995
2013,Veracruz de Ignacio de la Llave,Sector económico Servicios,30,19.1486920363734
2011,Veracruz de Ignacio de la Llave,Sector económico Servicios,30,23.8610592723969
2021,Yucatán,Total,31,12.875281879999998
2019,Yucatán,Total,31,21.0274990806275
2017,Yucatán,Total,31,22.4269014117161
2015,Yucatán,Total,31,23.8880984206414
2013,Yucatán,Total,31,28.9617967049202
2011,Yucatán,Total,31,27.5028216031518
2021,Yucatán,Tamaño Micro,31,12.17013037
2019,Yucatán,Tamaño Micro,31,19.9717088095084
2017,Yucatán,Tamaño Micro,31,21.6374269005848
2015,Yucatán,Tamaño Micro,31,23.1098430813124
2013,Yucatán,Tamaño Micro,31,28.2245827010622
2011,Yucatán,Tamaño Micro,31,26.275992438563303
2021,Yucatán,Tamaño Pequeña,31,22.11553961
2019,Yucatán,Tamaño Pequeña,31,43.5521243180229
2017,Yucatán,Tamaño Pequeña,31,40.3225806451613
2015,Yucatán,Tamaño Pequeña,31,39.4160583941606
2013,Yucatán,Tamaño Pequeña,31,38.6934673366834
2011,Yucatán,Tamaño Pequeña,31,47.413381948102106
2021,Yucatán,Tamaño Mediana,31,41.28772456
2019,Yucatán,Tamaño Mediana,31,48.63303742599269
2017,Yucatán,Tamaño Mediana,31,54.375
2015,Yucatán,Tamaño Mediana,31,49.2957746478873
2013,Yucatán,Tamaño Mediana,31,48.0
2011,Yucatán,Tamaño Mediana,31,55.8823529411765
2021,Yucatán,Tamaño Grande,31,37.10382514
2019,Yucatán,Tamaño Grande,31,50.5143566111308
2017,Yucatán,Tamaño Grande,31,48.0
2015,Yucatán,Tamaño Grande,31,60.0
2013,Yucatán,Tamaño Grande,31,61.11111111111111
2011,Yucatán,Tamaño Grande,31,58.02469135802469
2021,Yucatán,Sector económico Comercio,31,17.41187685
2019,Yucatán,Sector económico Comercio,31,27.9203855694165
2017,Yucatán,Sector económico Comercio,31,35.07680169565
2015,Yucatán,Sector económico Comercio,31,31.6200924104589
2013,Yucatán,Sector económico Comercio,31,35.3263494390185
2011,Yucatán,Sector económico Comercio,31,31.5460135065147
2021,Yucatán,Sector económico Industria,31,6.991649015
2019,Yucatán,Sector económico Industria,31,10.4730186910076
2017,Yucatán,Sector económico Industria,31,11.308899957238102
2015,Yucatán,Sector económico Industria,31,17.1042585198884
2013,Yucatán,Sector económico Industria,31,26.4101449253842
2011,Yucatán,Sector económico Industria,31,22.294281318107704
2021,Yucatán,Sector económico Servicios,31,12.32751563
2019,Yucatán,Sector económico Servicios,31,21.2118389420171
2017,Yucatán,Sector económico Servicios,31,17.260750977755
2015,Yucatán,Sector económico Servicios,31,20.8642142239029
2013,Yucatán,Sector económico Servicios,31,22.7798042371589
2011,Yucatán,Sector económico Servicios,31,24.8869536435253
2021,Zacatecas,Total,32,29.92048859
2019,Zacatecas,Total,32,26.3001750748894
2017,Zacatecas,Total,32,35.1908725638441
2015,Zacatecas,Total,32,28.3527032367307
2013,Zacatecas,Total,32,25.553409225326003
2011,Zacatecas,Total,32,23.0897414259499
2021,Zacatecas,Tamaño Micro,32,29.33459177
2019,Zacatecas,Tamaño Micro,32,25.588208520784395
2017,Zacatecas,Tamaño Micro,32,34.5403899721448
2015,Zacatecas,Tamaño Micro,32,27.6363636363636
2013,Zacatecas,Tamaño Micro,32,24.8081841432225
2011,Zacatecas,Tamaño Micro,32,21.939953810623603
2021,Zacatecas,Tamaño Pequeña,32,42.74838135000001
2019,Zacatecas,Tamaño Pequeña,32,46.6013127420128
2017,Zacatecas,Tamaño Pequeña,32,55.8823529411765
2015,Zacatecas,Tamaño Pequeña,32,49.2307692307692
2013,Zacatecas,Tamaño Pequeña,32,47.23926380368099
2011,Zacatecas,Tamaño Pequeña,32,57.42574257425739
2021,Zacatecas,Tamaño Mediana,32,57.21100576
2019,Zacatecas,Tamaño Mediana,32,65.6875996557499
2017,Zacatecas,Tamaño Mediana,32,71.264367816092
2015,Zacatecas,Tamaño Mediana,32,67.0454545454545
2013,Zacatecas,Tamaño Mediana,32,55.4054054054054
2011,Zacatecas,Tamaño Mediana,32,65.9574468085106
2021,Zacatecas,Tamaño Grande,32,53.82647959
2019,Zacatecas,Tamaño Grande,32,49.4358974358974
2017,Zacatecas,Tamaño Grande,32,74.2424242424242
2015,Zacatecas,Tamaño Grande,32,66.6666666666667
2013,Zacatecas,Tamaño Grande,32,50.847457627118594
2011,Zacatecas,Tamaño Grande,32,63.0434782608696
2021,Zacatecas,Sector económico Comercio,32,31.38480266
2019,Zacatecas,Sector económico Comercio,32,29.6843195285703
2017,Zacatecas,Sector económico Comercio,32,40.932543242129
2015,Zacatecas,Sector económico Comercio,32,33.4606286196588
2013,Zacatecas,Sector económico Comercio,32,29.035115457435
2011,Zacatecas,Sector económico Comercio,32,29.0710396542851
2021,Zacatecas,Sector económico Industria,32,23.57696204
2019,Zacatecas,Sector económico Industria,32,23.6768069078548
2017,Zacatecas,Sector económico Industria,32,34.6782347029622
2015,Zacatecas,Sector económico Industria,32,25.9023819695155
2013,Zacatecas,Sector económico Industria,32,21.3731882774018
2011,Zacatecas,Sector económico Industria,32,21.881030860179
2021,Zacatecas,Sector económico Servicios,32,29.91458398
2019,Zacatecas,Sector económico Servicios,32,23.0573309253372
2017,Zacatecas,Sector económico Servicios,32,28.329529613384505
2015,Zacatecas,Sector económico Servicios,32,22.4583700255066
2013,Zacatecas,Sector económico Servicios,32,22.3153972844091
2011,Zacatecas,Sector económico Servicios,32,14.4781762757077
