Year,Entidad federativa,Sexo,GeoCode,Value
2021,Estados Unidos Mexicanos,Total,0,48.298579770000046
2020,Estados Unidos Mexicanos,Total,0,52.51654231999992
2019,Estados Unidos Mexicanos,Total,0,47.681212290000055
2018,Estados Unidos Mexicanos,Total,0,49.02041964
2017,Estados Unidos Mexicanos,Total,0,48.04367223000006
2016,Estados Unidos Mexicanos,Total,0,49.41256351999989
2015,Estados Unidos Mexicanos,Total,0,48.34560530999994
2014,Estados Unidos Mexicanos,Total,0,50.412944159999896
2013,Estados Unidos Mexicanos,Total,0,51.58423533000012
2012,Estados Unidos Mexicanos,Total,0,49.516541369999935
2011,Estados Unidos Mexicanos,Total,0,30.78189414000005
2010,Estados Unidos Mexicanos,Total,0,32.78240100999994
2021,Estados Unidos Mexicanos,Hombres,0,47.98022339
2020,Estados Unidos Mexicanos,Hombres,0,54.45152441000006
2019,Estados Unidos Mexicanos,Hombres,0,49.48253303999993
2018,Estados Unidos Mexicanos,Hombres,0,50.37927883999993
2017,Estados Unidos Mexicanos,Hombres,0,51.367068800000126
2016,Estados Unidos Mexicanos,Hombres,0,50.15367751000006
2015,Estados Unidos Mexicanos,Hombres,0,46.57738460000012
2014,Estados Unidos Mexicanos,Hombres,0,48.91831681999999
2013,Estados Unidos Mexicanos,Hombres,0,52.18978192000007
2012,Estados Unidos Mexicanos,Hombres,0,51.45992403000009
2011,Estados Unidos Mexicanos,Hombres,0,28.082321360000044
2010,Estados Unidos Mexicanos,Hombres,0,32.40060962999997
2021,Estados Unidos Mexicanos,Mujeres,0,48.6065363500001
2020,Estados Unidos Mexicanos,Mujeres,0,50.649630359999954
2019,Estados Unidos Mexicanos,Mujeres,0,45.84437066000008
2018,Estados Unidos Mexicanos,Mujeres,0,47.607260050000086
2017,Estados Unidos Mexicanos,Mujeres,0,44.39357488000008
2016,Estados Unidos Mexicanos,Mujeres,0,48.64488537000005
2015,Estados Unidos Mexicanos,Mujeres,0,50.12569119999991
2014,Estados Unidos Mexicanos,Mujeres,0,51.98704189
2013,Estados Unidos Mexicanos,Mujeres,0,50.98282508000009
2012,Estados Unidos Mexicanos,Mujeres,0,47.49654503999987
2011,Estados Unidos Mexicanos,Mujeres,0,33.471249830000026
2010,Estados Unidos Mexicanos,Mujeres,0,33.21224015000005
2021,Aguascalientes,Total,1,56.26501812999986
2020,Aguascalientes,Total,1,68.41259842999992
2019,Aguascalientes,Total,1,63.03861509000013
2018,Aguascalientes,Total,1,61.38769109999994
2017,Aguascalientes,Total,1,58.50356785999995
2016,Aguascalientes,Total,1,51.3974442600001
2015,Aguascalientes,Total,1,49.11740195000009
2014,Aguascalientes,Total,1,49.36217415000008
2013,Aguascalientes,Total,1,56.16714871000016
2012,Aguascalientes,Total,1,55.9937503399999
2011,Aguascalientes,Total,1,28.146903050000084
2010,Aguascalientes,Total,1,24.09688745999996
2021,Aguascalientes,Hombres,1,
2020,Aguascalientes,Hombres,1,
2019,Aguascalientes,Hombres,1,
2018,Aguascalientes,Hombres,1,
2017,Aguascalientes,Hombres,1,
2016,Aguascalientes,Hombres,1,
2015,Aguascalientes,Hombres,1,
2014,Aguascalientes,Hombres,1,
2013,Aguascalientes,Hombres,1,
2012,Aguascalientes,Hombres,1,
2011,Aguascalientes,Hombres,1,
2010,Aguascalientes,Hombres,1,
2021,Aguascalientes,Mujeres,1,
2020,Aguascalientes,Mujeres,1,
2019,Aguascalientes,Mujeres,1,
2018,Aguascalientes,Mujeres,1,
2017,Aguascalientes,Mujeres,1,
2016,Aguascalientes,Mujeres,1,
2015,Aguascalientes,Mujeres,1,
2014,Aguascalientes,Mujeres,1,
2013,Aguascalientes,Mujeres,1,
2012,Aguascalientes,Mujeres,1,
2011,Aguascalientes,Mujeres,1,
2010,Aguascalientes,Mujeres,1,
2021,Baja California,Total,2,65.95142140999998
2020,Baja California,Total,2,63.61498132999991
2019,Baja California,Total,2,57.65204075000013
2018,Baja California,Total,2,64.13040410000012
2017,Baja California,Total,2,64.49462557999982
2016,Baja California,Total,2,69.07906008000005
2015,Baja California,Total,2,66.78823436000017
2014,Baja California,Total,2,64.4595895800001
2013,Baja California,Total,2,66.23760019000014
2012,Baja California,Total,2,70.7041146600002
2011,Baja California,Total,2,33.01776462999997
2010,Baja California,Total,2,44.61609536000008
2021,Baja California,Hombres,2,
2020,Baja California,Hombres,2,
2019,Baja California,Hombres,2,
2018,Baja California,Hombres,2,
2017,Baja California,Hombres,2,
2016,Baja California,Hombres,2,
2015,Baja California,Hombres,2,
2014,Baja California,Hombres,2,
2013,Baja California,Hombres,2,
2012,Baja California,Hombres,2,
2011,Baja California,Hombres,2,
2010,Baja California,Hombres,2,
2021,Baja California,Mujeres,2,
2020,Baja California,Mujeres,2,
2019,Baja California,Mujeres,2,
2018,Baja California,Mujeres,2,
2017,Baja California,Mujeres,2,
2016,Baja California,Mujeres,2,
2015,Baja California,Mujeres,2,
2014,Baja California,Mujeres,2,
2013,Baja California,Mujeres,2,
2012,Baja California,Mujeres,2,
2011,Baja California,Mujeres,2,
2010,Baja California,Mujeres,2,
2021,Baja California Sur,Total,3,68.58448092999988
2020,Baja California Sur,Total,3,66.9042454299999
2019,Baja California Sur,Total,3,69.59189263000006
2018,Baja California Sur,Total,3,69.61173952999988
2017,Baja California Sur,Total,3,64.2057439600001
2016,Baja California Sur,Total,3,65.32273511000017
2015,Baja California Sur,Total,3,63.6728860000001
2014,Baja California Sur,Total,3,65.19401096999992
2013,Baja California Sur,Total,3,54.11029383999995
2012,Baja California Sur,Total,3,54.24375917999992
2011,Baja California Sur,Total,3,31.06362738000005
2010,Baja California Sur,Total,3,29.73293769000007
2021,Baja California Sur,Hombres,3,
2020,Baja California Sur,Hombres,3,
2019,Baja California Sur,Hombres,3,
2018,Baja California Sur,Hombres,3,
2017,Baja California Sur,Hombres,3,
2016,Baja California Sur,Hombres,3,
2015,Baja California Sur,Hombres,3,
2014,Baja California Sur,Hombres,3,
2013,Baja California Sur,Hombres,3,
2012,Baja California Sur,Hombres,3,
2011,Baja California Sur,Hombres,3,
2010,Baja California Sur,Hombres,3,
2021,Baja California Sur,Mujeres,3,
2020,Baja California Sur,Mujeres,3,
2019,Baja California Sur,Mujeres,3,
2018,Baja California Sur,Mujeres,3,
2017,Baja California Sur,Mujeres,3,
2016,Baja California Sur,Mujeres,3,
2015,Baja California Sur,Mujeres,3,
2014,Baja California Sur,Mujeres,3,
2013,Baja California Sur,Mujeres,3,
2012,Baja California Sur,Mujeres,3,
2011,Baja California Sur,Mujeres,3,
2010,Baja California Sur,Mujeres,3,
2021,Campeche,Total,4,26.72888788999993
2020,Campeche,Total,4,52.64806377999986
2019,Campeche,Total,4,43.23735785000006
2018,Campeche,Total,4,48.83125000000011
2017,Campeche,Total,4,61.68721972999994
2016,Campeche,Total,4,58.66944419999987
2015,Campeche,Total,4,52.23115230999996
2014,Campeche,Total,4,38.09283004999998
2013,Campeche,Total,4,47.161669520000025
2012,Campeche,Total,4,56.80877908999994
2011,Campeche,Total,4,33.05233094000004
2010,Campeche,Total,4,43.22739591
2021,Campeche,Hombres,4,
2020,Campeche,Hombres,4,
2019,Campeche,Hombres,4,
2018,Campeche,Hombres,4,
2017,Campeche,Hombres,4,
2016,Campeche,Hombres,4,
2015,Campeche,Hombres,4,
2014,Campeche,Hombres,4,
2013,Campeche,Hombres,4,
2012,Campeche,Hombres,4,
2011,Campeche,Hombres,4,
2010,Campeche,Hombres,4,
2021,Campeche,Mujeres,4,
2020,Campeche,Mujeres,4,
2019,Campeche,Mujeres,4,
2018,Campeche,Mujeres,4,
2017,Campeche,Mujeres,4,
2016,Campeche,Mujeres,4,
2015,Campeche,Mujeres,4,
2014,Campeche,Mujeres,4,
2013,Campeche,Mujeres,4,
2012,Campeche,Mujeres,4,
2011,Campeche,Mujeres,4,
2010,Campeche,Mujeres,4,
2021,Coahuila de Zaragoza,Total,5,52.82977466000009
2020,Coahuila de Zaragoza,Total,5,48.12424834000007
2019,Coahuila de Zaragoza,Total,5,59.26091146
2018,Coahuila de Zaragoza,Total,5,43.3811149699999
2017,Coahuila de Zaragoza,Total,5,50.210901479999904
2016,Coahuila de Zaragoza,Total,5,39.08416077000001
2015,Coahuila de Zaragoza,Total,5,56.62498862000008
2014,Coahuila de Zaragoza,Total,5,49.71296418000013
2013,Coahuila de Zaragoza,Total,5,51.35504502999994
2012,Coahuila de Zaragoza,Total,5,44.45115653999992
2011,Coahuila de Zaragoza,Total,5,33.81238058999998
2010,Coahuila de Zaragoza,Total,5,39.62207605999995
2021,Coahuila de Zaragoza,Hombres,5,
2020,Coahuila de Zaragoza,Hombres,5,
2019,Coahuila de Zaragoza,Hombres,5,
2018,Coahuila de Zaragoza,Hombres,5,
2017,Coahuila de Zaragoza,Hombres,5,
2016,Coahuila de Zaragoza,Hombres,5,
2015,Coahuila de Zaragoza,Hombres,5,
2014,Coahuila de Zaragoza,Hombres,5,
2013,Coahuila de Zaragoza,Hombres,5,
2012,Coahuila de Zaragoza,Hombres,5,
2011,Coahuila de Zaragoza,Hombres,5,
2010,Coahuila de Zaragoza,Hombres,5,
2021,Coahuila de Zaragoza,Mujeres,5,
2020,Coahuila de Zaragoza,Mujeres,5,
2019,Coahuila de Zaragoza,Mujeres,5,
2018,Coahuila de Zaragoza,Mujeres,5,
2017,Coahuila de Zaragoza,Mujeres,5,
2016,Coahuila de Zaragoza,Mujeres,5,
2015,Coahuila de Zaragoza,Mujeres,5,
2014,Coahuila de Zaragoza,Mujeres,5,
2013,Coahuila de Zaragoza,Mujeres,5,
2012,Coahuila de Zaragoza,Mujeres,5,
2011,Coahuila de Zaragoza,Mujeres,5,
2010,Coahuila de Zaragoza,Mujeres,5,
2021,Colima,Total,6,61.35298762999993
2020,Colima,Total,6,74.31310979000024
2019,Colima,Total,6,77.36269173999986
2018,Colima,Total,6,57.32095218999989
2017,Colima,Total,6,54.65126650000001
2016,Colima,Total,6,58.81208453
2015,Colima,Total,6,52.09631475999988
2014,Colima,Total,6,51.577722220000105
2013,Colima,Total,6,59.697820149999885
2012,Colima,Total,6,54.72975432000015
2011,Colima,Total,6,39.430734440000016
2010,Colima,Total,6,33.034368409999935
2021,Colima,Hombres,6,
2020,Colima,Hombres,6,
2019,Colima,Hombres,6,
2018,Colima,Hombres,6,
2017,Colima,Hombres,6,
2016,Colima,Hombres,6,
2015,Colima,Hombres,6,
2014,Colima,Hombres,6,
2013,Colima,Hombres,6,
2012,Colima,Hombres,6,
2011,Colima,Hombres,6,
2010,Colima,Hombres,6,
2021,Colima,Mujeres,6,
2020,Colima,Mujeres,6,
2019,Colima,Mujeres,6,
2018,Colima,Mujeres,6,
2017,Colima,Mujeres,6,
2016,Colima,Mujeres,6,
2015,Colima,Mujeres,6,
2014,Colima,Mujeres,6,
2013,Colima,Mujeres,6,
2012,Colima,Mujeres,6,
2011,Colima,Mujeres,6,
2010,Colima,Mujeres,6,
2021,Chiapas,Total,7,45.73189485999988
2020,Chiapas,Total,7,46.86687536000013
2019,Chiapas,Total,7,62.28090539999995
2018,Chiapas,Total,7,56.39663451999989
2017,Chiapas,Total,7,54.29508784999989
2016,Chiapas,Total,7,49.82355965999986
2015,Chiapas,Total,7,48.96178447999986
2014,Chiapas,Total,7,51.936523829999935
2013,Chiapas,Total,7,50.489410930000055
2012,Chiapas,Total,7,66.8147741499999
2011,Chiapas,Total,7,30.61663704000008
2010,Chiapas,Total,7,65.04523059999993
2021,Chiapas,Hombres,7,
2020,Chiapas,Hombres,7,
2019,Chiapas,Hombres,7,
2018,Chiapas,Hombres,7,
2017,Chiapas,Hombres,7,
2016,Chiapas,Hombres,7,
2015,Chiapas,Hombres,7,
2014,Chiapas,Hombres,7,
2013,Chiapas,Hombres,7,
2012,Chiapas,Hombres,7,
2011,Chiapas,Hombres,7,
2010,Chiapas,Hombres,7,
2021,Chiapas,Mujeres,7,
2020,Chiapas,Mujeres,7,
2019,Chiapas,Mujeres,7,
2018,Chiapas,Mujeres,7,
2017,Chiapas,Mujeres,7,
2016,Chiapas,Mujeres,7,
2015,Chiapas,Mujeres,7,
2014,Chiapas,Mujeres,7,
2013,Chiapas,Mujeres,7,
2012,Chiapas,Mujeres,7,
2011,Chiapas,Mujeres,7,
2010,Chiapas,Mujeres,7,
2021,Chihuahua,Total,8,63.10323358000005
2020,Chihuahua,Total,8,63.50092315999992
2019,Chihuahua,Total,8,65.72958130999997
2018,Chihuahua,Total,8,64.0071122400002
2017,Chihuahua,Total,8,75.16157081999998
2016,Chihuahua,Total,8,74.38298246999994
2015,Chihuahua,Total,8,69.86944203999994
2014,Chihuahua,Total,8,77.2508441099999
2013,Chihuahua,Total,8,77.42029482
2012,Chihuahua,Total,8,80.46799033999994
2011,Chihuahua,Total,8,55.94355543999993
2010,Chihuahua,Total,8,45.16064809999991
2021,Chihuahua,Hombres,8,
2020,Chihuahua,Hombres,8,
2019,Chihuahua,Hombres,8,
2018,Chihuahua,Hombres,8,
2017,Chihuahua,Hombres,8,
2016,Chihuahua,Hombres,8,
2015,Chihuahua,Hombres,8,
2014,Chihuahua,Hombres,8,
2013,Chihuahua,Hombres,8,
2012,Chihuahua,Hombres,8,
2011,Chihuahua,Hombres,8,
2010,Chihuahua,Hombres,8,
2021,Chihuahua,Mujeres,8,
2020,Chihuahua,Mujeres,8,
2019,Chihuahua,Mujeres,8,
2018,Chihuahua,Mujeres,8,
2017,Chihuahua,Mujeres,8,
2016,Chihuahua,Mujeres,8,
2015,Chihuahua,Mujeres,8,
2014,Chihuahua,Mujeres,8,
2013,Chihuahua,Mujeres,8,
2012,Chihuahua,Mujeres,8,
2011,Chihuahua,Mujeres,8,
2010,Chihuahua,Mujeres,8,
2021,Ciudad de México,Total,9,38.051307209999926
2020,Ciudad de México,Total,9,39.39674328
2019,Ciudad de México,Total,9,36.29994330000003
2018,Ciudad de México,Total,9,39.86997735000013
2017,Ciudad de México,Total,9,33.021481839999986
2016,Ciudad de México,Total,9,23.35437653000005
2015,Ciudad de México,Total,9,29.275428529999907
2014,Ciudad de México,Total,9,35.70837669999997
2013,Ciudad de México,Total,9,45.04104706999994
2012,Ciudad de México,Total,9,41.20033487999992
2011,Ciudad de México,Total,9,21.25372943999996
2010,Ciudad de México,Total,9,28.184625630000024
2021,Ciudad de México,Hombres,9,
2020,Ciudad de México,Hombres,9,
2019,Ciudad de México,Hombres,9,
2018,Ciudad de México,Hombres,9,
2017,Ciudad de México,Hombres,9,
2016,Ciudad de México,Hombres,9,
2015,Ciudad de México,Hombres,9,
2014,Ciudad de México,Hombres,9,
2013,Ciudad de México,Hombres,9,
2012,Ciudad de México,Hombres,9,
2011,Ciudad de México,Hombres,9,
2010,Ciudad de México,Hombres,9,
2021,Ciudad de México,Mujeres,9,
2020,Ciudad de México,Mujeres,9,
2019,Ciudad de México,Mujeres,9,
2018,Ciudad de México,Mujeres,9,
2017,Ciudad de México,Mujeres,9,
2016,Ciudad de México,Mujeres,9,
2015,Ciudad de México,Mujeres,9,
2014,Ciudad de México,Mujeres,9,
2013,Ciudad de México,Mujeres,9,
2012,Ciudad de México,Mujeres,9,
2011,Ciudad de México,Mujeres,9,
2010,Ciudad de México,Mujeres,9,
2021,Durango,Total,10,60.00656526999981
2020,Durango,Total,10,50.03821812
2019,Durango,Total,10,59.15791599000016
2018,Durango,Total,10,61.15711309000012
2017,Durango,Total,10,59.66080440000016
2016,Durango,Total,10,58.90395884000007
2015,Durango,Total,10,43.92736055000014
2014,Durango,Total,10,46.55363358000002
2013,Durango,Total,10,55.09377664000015
2012,Durango,Total,10,62.80102440999986
2011,Durango,Total,10,45.62795740999993
2010,Durango,Total,10,45.043185270000045
2021,Durango,Hombres,10,
2020,Durango,Hombres,10,
2019,Durango,Hombres,10,
2018,Durango,Hombres,10,
2017,Durango,Hombres,10,
2016,Durango,Hombres,10,
2015,Durango,Hombres,10,
2014,Durango,Hombres,10,
2013,Durango,Hombres,10,
2012,Durango,Hombres,10,
2011,Durango,Hombres,10,
2010,Durango,Hombres,10,
2021,Durango,Mujeres,10,
2020,Durango,Mujeres,10,
2019,Durango,Mujeres,10,
2018,Durango,Mujeres,10,
2017,Durango,Mujeres,10,
2016,Durango,Mujeres,10,
2015,Durango,Mujeres,10,
2014,Durango,Mujeres,10,
2013,Durango,Mujeres,10,
2012,Durango,Mujeres,10,
2011,Durango,Mujeres,10,
2010,Durango,Mujeres,10,
2021,Guanajuato,Total,11,61.5907203300001
2020,Guanajuato,Total,11,76.68567402000006
2019,Guanajuato,Total,11,43.21311570000002
2018,Guanajuato,Total,11,61.194416059999874
2017,Guanajuato,Total,11,38.49633721000007
2016,Guanajuato,Total,11,58.938549260000144
2015,Guanajuato,Total,11,61.85303012999994
2014,Guanajuato,Total,11,71.67382579999985
2013,Guanajuato,Total,11,53.2864582499999
2012,Guanajuato,Total,11,55.14578790999991
2011,Guanajuato,Total,11,35.563864619999976
2010,Guanajuato,Total,11,40.16759427000003
2021,Guanajuato,Hombres,11,
2020,Guanajuato,Hombres,11,
2019,Guanajuato,Hombres,11,
2018,Guanajuato,Hombres,11,
2017,Guanajuato,Hombres,11,
2016,Guanajuato,Hombres,11,
2015,Guanajuato,Hombres,11,
2014,Guanajuato,Hombres,11,
2013,Guanajuato,Hombres,11,
2012,Guanajuato,Hombres,11,
2011,Guanajuato,Hombres,11,
2010,Guanajuato,Hombres,11,
2021,Guanajuato,Mujeres,11,
2020,Guanajuato,Mujeres,11,
2019,Guanajuato,Mujeres,11,
2018,Guanajuato,Mujeres,11,
2017,Guanajuato,Mujeres,11,
2016,Guanajuato,Mujeres,11,
2015,Guanajuato,Mujeres,11,
2014,Guanajuato,Mujeres,11,
2013,Guanajuato,Mujeres,11,
2012,Guanajuato,Mujeres,11,
2011,Guanajuato,Mujeres,11,
2010,Guanajuato,Mujeres,11,
2021,Guerrero,Total,12,46.70810373000008
2020,Guerrero,Total,12,42.18853189000004
2019,Guerrero,Total,12,66.67463428999984
2018,Guerrero,Total,12,48.00075890999992
2017,Guerrero,Total,12,50.72987812999992
2016,Guerrero,Total,12,32.75156071999992
2015,Guerrero,Total,12,66.7235808200001
2014,Guerrero,Total,12,61.07967551000001
2013,Guerrero,Total,12,47.67944729000008
2012,Guerrero,Total,12,50.436169990000046
2011,Guerrero,Total,12,38.151638029999965
2010,Guerrero,Total,12,20.798564379999966
2021,Guerrero,Hombres,12,
2020,Guerrero,Hombres,12,
2019,Guerrero,Hombres,12,
2018,Guerrero,Hombres,12,
2017,Guerrero,Hombres,12,
2016,Guerrero,Hombres,12,
2015,Guerrero,Hombres,12,
2014,Guerrero,Hombres,12,
2013,Guerrero,Hombres,12,
2012,Guerrero,Hombres,12,
2011,Guerrero,Hombres,12,
2010,Guerrero,Hombres,12,
2021,Guerrero,Mujeres,12,
2020,Guerrero,Mujeres,12,
2019,Guerrero,Mujeres,12,
2018,Guerrero,Mujeres,12,
2017,Guerrero,Mujeres,12,
2016,Guerrero,Mujeres,12,
2015,Guerrero,Mujeres,12,
2014,Guerrero,Mujeres,12,
2013,Guerrero,Mujeres,12,
2012,Guerrero,Mujeres,12,
2011,Guerrero,Mujeres,12,
2010,Guerrero,Mujeres,12,
2021,Hidalgo,Total,13,19.421857610000004
2020,Hidalgo,Total,13,49.40021385999992
2019,Hidalgo,Total,13,47.02496884999989
2018,Hidalgo,Total,13,45.471946980000126
2017,Hidalgo,Total,13,46.511444730000136
2016,Hidalgo,Total,13,49.5370057500001
2015,Hidalgo,Total,13,44.598782979999946
2014,Hidalgo,Total,13,37.21959547999996
2013,Hidalgo,Total,13,57.6273117399999
2012,Hidalgo,Total,13,41.976929370000086
2011,Hidalgo,Total,13,30.52199681000001
2010,Hidalgo,Total,13,35.550286369999974
2021,Hidalgo,Hombres,13,
2020,Hidalgo,Hombres,13,
2019,Hidalgo,Hombres,13,
2018,Hidalgo,Hombres,13,
2017,Hidalgo,Hombres,13,
2016,Hidalgo,Hombres,13,
2015,Hidalgo,Hombres,13,
2014,Hidalgo,Hombres,13,
2013,Hidalgo,Hombres,13,
2012,Hidalgo,Hombres,13,
2011,Hidalgo,Hombres,13,
2010,Hidalgo,Hombres,13,
2021,Hidalgo,Mujeres,13,
2020,Hidalgo,Mujeres,13,
2019,Hidalgo,Mujeres,13,
2018,Hidalgo,Mujeres,13,
2017,Hidalgo,Mujeres,13,
2016,Hidalgo,Mujeres,13,
2015,Hidalgo,Mujeres,13,
2014,Hidalgo,Mujeres,13,
2013,Hidalgo,Mujeres,13,
2012,Hidalgo,Mujeres,13,
2011,Hidalgo,Mujeres,13,
2010,Hidalgo,Mujeres,13,
2021,Jalisco,Total,14,69.40294028999983
2020,Jalisco,Total,14,63.1917829200001
2019,Jalisco,Total,14,56.96804051999992
2018,Jalisco,Total,14,62.71091486000017
2017,Jalisco,Total,14,58.72776573000009
2016,Jalisco,Total,14,50.034608689999935
2015,Jalisco,Total,14,55.60641224000008
2014,Jalisco,Total,14,55.32319301000005
2013,Jalisco,Total,14,58.38899487999991
2012,Jalisco,Total,14,50.96217031000009
2011,Jalisco,Total,14,37.60450889000003
2010,Jalisco,Total,14,43.52925308999998
2021,Jalisco,Hombres,14,
2020,Jalisco,Hombres,14,
2019,Jalisco,Hombres,14,
2018,Jalisco,Hombres,14,
2017,Jalisco,Hombres,14,
2016,Jalisco,Hombres,14,
2015,Jalisco,Hombres,14,
2014,Jalisco,Hombres,14,
2013,Jalisco,Hombres,14,
2012,Jalisco,Hombres,14,
2011,Jalisco,Hombres,14,
2010,Jalisco,Hombres,14,
2021,Jalisco,Mujeres,14,
2020,Jalisco,Mujeres,14,
2019,Jalisco,Mujeres,14,
2018,Jalisco,Mujeres,14,
2017,Jalisco,Mujeres,14,
2016,Jalisco,Mujeres,14,
2015,Jalisco,Mujeres,14,
2014,Jalisco,Mujeres,14,
2013,Jalisco,Mujeres,14,
2012,Jalisco,Mujeres,14,
2011,Jalisco,Mujeres,14,
2010,Jalisco,Mujeres,14,
2021,México,Total,15,36.45993218000001
2020,México,Total,15,45.31300496000007
2019,México,Total,15,32.14350494000007
2018,México,Total,15,32.764911289999965
2017,México,Total,15,34.89607307999996
2016,México,Total,15,40.35510173999992
2015,México,Total,15,36.16663668999993
2014,México,Total,15,42.5985495599999
2013,México,Total,15,37.70784748999996
2012,México,Total,15,31.157838789999943
2011,México,Total,15,21.79325050999995
2010,México,Total,15,9.330537378
2021,México,Hombres,15,
2020,México,Hombres,15,
2019,México,Hombres,15,
2018,México,Hombres,15,
2017,México,Hombres,15,
2016,México,Hombres,15,
2015,México,Hombres,15,
2014,México,Hombres,15,
2013,México,Hombres,15,
2012,México,Hombres,15,
2011,México,Hombres,15,
2010,México,Hombres,15,
2021,México,Mujeres,15,
2020,México,Mujeres,15,
2019,México,Mujeres,15,
2018,México,Mujeres,15,
2017,México,Mujeres,15,
2016,México,Mujeres,15,
2015,México,Mujeres,15,
2014,México,Mujeres,15,
2013,México,Mujeres,15,
2012,México,Mujeres,15,
2011,México,Mujeres,15,
2010,México,Mujeres,15,
2021,Michoacán de Ocampo,Total,16,43.60937663999996
2020,Michoacán de Ocampo,Total,16,45.11722894000007
2019,Michoacán de Ocampo,Total,16,57.10251568999983
2018,Michoacán de Ocampo,Total,16,42.874575180000015
2017,Michoacán de Ocampo,Total,16,45.57210562
2016,Michoacán de Ocampo,Total,16,50.11738946999988
2015,Michoacán de Ocampo,Total,16,47.42415739999987
2014,Michoacán de Ocampo,Total,16,58.7420657800001
2013,Michoacán de Ocampo,Total,16,52.22096272
2012,Michoacán de Ocampo,Total,16,60.8272965100002
2011,Michoacán de Ocampo,Total,16,26.885124899999965
2010,Michoacán de Ocampo,Total,16,24.44591383999993
2021,Michoacán de Ocampo,Hombres,16,
2020,Michoacán de Ocampo,Hombres,16,
2019,Michoacán de Ocampo,Hombres,16,
2018,Michoacán de Ocampo,Hombres,16,
2017,Michoacán de Ocampo,Hombres,16,
2016,Michoacán de Ocampo,Hombres,16,
2015,Michoacán de Ocampo,Hombres,16,
2014,Michoacán de Ocampo,Hombres,16,
2013,Michoacán de Ocampo,Hombres,16,
2012,Michoacán de Ocampo,Hombres,16,
2011,Michoacán de Ocampo,Hombres,16,
2010,Michoacán de Ocampo,Hombres,16,
2021,Michoacán de Ocampo,Mujeres,16,
2020,Michoacán de Ocampo,Mujeres,16,
2019,Michoacán de Ocampo,Mujeres,16,
2018,Michoacán de Ocampo,Mujeres,16,
2017,Michoacán de Ocampo,Mujeres,16,
2016,Michoacán de Ocampo,Mujeres,16,
2015,Michoacán de Ocampo,Mujeres,16,
2014,Michoacán de Ocampo,Mujeres,16,
2013,Michoacán de Ocampo,Mujeres,16,
2012,Michoacán de Ocampo,Mujeres,16,
2011,Michoacán de Ocampo,Mujeres,16,
2010,Michoacán de Ocampo,Mujeres,16,
2021,Morelos,Total,17,32.430842910000045
2020,Morelos,Total,17,37.22964762999992
2019,Morelos,Total,17,41.25186925999999
2018,Morelos,Total,17,45.81585483999997
2017,Morelos,Total,17,56.05721126000005
2016,Morelos,Total,17,47.51595385000012
2015,Morelos,Total,17,44.47025510999995
2014,Morelos,Total,17,52.1700776300001
2013,Morelos,Total,17,49.03369002
2012,Morelos,Total,17,50.97112657999993
2011,Morelos,Total,17,26.739444400000032
2010,Morelos,Total,17,35.47210910000004
2021,Morelos,Hombres,17,
2020,Morelos,Hombres,17,
2019,Morelos,Hombres,17,
2018,Morelos,Hombres,17,
2017,Morelos,Hombres,17,
2016,Morelos,Hombres,17,
2015,Morelos,Hombres,17,
2014,Morelos,Hombres,17,
2013,Morelos,Hombres,17,
2012,Morelos,Hombres,17,
2011,Morelos,Hombres,17,
2010,Morelos,Hombres,17,
2021,Morelos,Mujeres,17,
2020,Morelos,Mujeres,17,
2019,Morelos,Mujeres,17,
2018,Morelos,Mujeres,17,
2017,Morelos,Mujeres,17,
2016,Morelos,Mujeres,17,
2015,Morelos,Mujeres,17,
2014,Morelos,Mujeres,17,
2013,Morelos,Mujeres,17,
2012,Morelos,Mujeres,17,
2011,Morelos,Mujeres,17,
2010,Morelos,Mujeres,17,
2021,Nayarit,Total,18,57.74428563000013
2020,Nayarit,Total,18,60.78454822999994
2019,Nayarit,Total,18,42.77577216000007
2018,Nayarit,Total,18,62.07464746000005
2017,Nayarit,Total,18,47.61569730999994
2016,Nayarit,Total,18,67.00400515
2015,Nayarit,Total,18,60.346060349999846
2014,Nayarit,Total,18,61.19156993999988
2013,Nayarit,Total,18,65.73468396000021
2012,Nayarit,Total,18,50.575335479999936
2011,Nayarit,Total,18,46.26994928000013
2010,Nayarit,Total,18,41.373089979999975
2021,Nayarit,Hombres,18,
2020,Nayarit,Hombres,18,
2019,Nayarit,Hombres,18,
2018,Nayarit,Hombres,18,
2017,Nayarit,Hombres,18,
2016,Nayarit,Hombres,18,
2015,Nayarit,Hombres,18,
2014,Nayarit,Hombres,18,
2013,Nayarit,Hombres,18,
2012,Nayarit,Hombres,18,
2011,Nayarit,Hombres,18,
2010,Nayarit,Hombres,18,
2021,Nayarit,Mujeres,18,
2020,Nayarit,Mujeres,18,
2019,Nayarit,Mujeres,18,
2018,Nayarit,Mujeres,18,
2017,Nayarit,Mujeres,18,
2016,Nayarit,Mujeres,18,
2015,Nayarit,Mujeres,18,
2014,Nayarit,Mujeres,18,
2013,Nayarit,Mujeres,18,
2012,Nayarit,Mujeres,18,
2011,Nayarit,Mujeres,18,
2010,Nayarit,Mujeres,18,
2021,Nuevo León,Total,19,74.52555649999991
2020,Nuevo León,Total,19,74.88582946000012
2019,Nuevo León,Total,19,55.45433648000011
2018,Nuevo León,Total,19,60.43368024000009
2017,Nuevo León,Total,19,63.80537146999996
2016,Nuevo León,Total,19,79.50972628000012
2015,Nuevo León,Total,19,71.98981020999983
2014,Nuevo León,Total,19,60.07401172000008
2013,Nuevo León,Total,19,68.96194147999996
2012,Nuevo León,Total,19,70.24064632000022
2011,Nuevo León,Total,19,37.900900629999946
2010,Nuevo León,Total,19,38.12828971
2021,Nuevo León,Hombres,19,
2020,Nuevo León,Hombres,19,
2019,Nuevo León,Hombres,19,
2018,Nuevo León,Hombres,19,
2017,Nuevo León,Hombres,19,
2016,Nuevo León,Hombres,19,
2015,Nuevo León,Hombres,19,
2014,Nuevo León,Hombres,19,
2013,Nuevo León,Hombres,19,
2012,Nuevo León,Hombres,19,
2011,Nuevo León,Hombres,19,
2010,Nuevo León,Hombres,19,
2021,Nuevo León,Mujeres,19,
2020,Nuevo León,Mujeres,19,
2019,Nuevo León,Mujeres,19,
2018,Nuevo León,Mujeres,19,
2017,Nuevo León,Mujeres,19,
2016,Nuevo León,Mujeres,19,
2015,Nuevo León,Mujeres,19,
2014,Nuevo León,Mujeres,19,
2013,Nuevo León,Mujeres,19,
2012,Nuevo León,Mujeres,19,
2011,Nuevo León,Mujeres,19,
2010,Nuevo León,Mujeres,19,
2021,Oaxaca,Total,20,50.39552943000007
2020,Oaxaca,Total,20,56.99559707000006
2019,Oaxaca,Total,20,35.19791166999998
2018,Oaxaca,Total,20,54.228525120000064
2017,Oaxaca,Total,20,48.90436184000007
2016,Oaxaca,Total,20,49.83795067000004
2015,Oaxaca,Total,20,40.31467630000006
2014,Oaxaca,Total,20,47.30855756999997
2013,Oaxaca,Total,20,52.522574450000086
2012,Oaxaca,Total,20,40.50194147000001
2011,Oaxaca,Total,20,27.79177035000007
2010,Oaxaca,Total,20,49.36136136000004
2021,Oaxaca,Hombres,20,
2020,Oaxaca,Hombres,20,
2019,Oaxaca,Hombres,20,
2018,Oaxaca,Hombres,20,
2017,Oaxaca,Hombres,20,
2016,Oaxaca,Hombres,20,
2015,Oaxaca,Hombres,20,
2014,Oaxaca,Hombres,20,
2013,Oaxaca,Hombres,20,
2012,Oaxaca,Hombres,20,
2011,Oaxaca,Hombres,20,
2010,Oaxaca,Hombres,20,
2021,Oaxaca,Mujeres,20,
2020,Oaxaca,Mujeres,20,
2019,Oaxaca,Mujeres,20,
2018,Oaxaca,Mujeres,20,
2017,Oaxaca,Mujeres,20,
2016,Oaxaca,Mujeres,20,
2015,Oaxaca,Mujeres,20,
2014,Oaxaca,Mujeres,20,
2013,Oaxaca,Mujeres,20,
2012,Oaxaca,Mujeres,20,
2011,Oaxaca,Mujeres,20,
2010,Oaxaca,Mujeres,20,
2021,Puebla,Total,21,50.43521188999991
2020,Puebla,Total,21,38.5010131099999
2019,Puebla,Total,21,41.17663486999999
2018,Puebla,Total,21,40.69608484000002
2017,Puebla,Total,21,39.48156503000003
2016,Puebla,Total,21,42.23546723999999
2015,Puebla,Total,21,38.91498487999989
2014,Puebla,Total,21,41.00573550999989
2013,Puebla,Total,21,51.55822594999994
2012,Puebla,Total,21,36.887709720000096
2011,Puebla,Total,21,28.92189086000005
2010,Puebla,Total,21,26.69075023000004
2021,Puebla,Hombres,21,
2020,Puebla,Hombres,21,
2019,Puebla,Hombres,21,
2018,Puebla,Hombres,21,
2017,Puebla,Hombres,21,
2016,Puebla,Hombres,21,
2015,Puebla,Hombres,21,
2014,Puebla,Hombres,21,
2013,Puebla,Hombres,21,
2012,Puebla,Hombres,21,
2011,Puebla,Hombres,21,
2010,Puebla,Hombres,21,
2021,Puebla,Mujeres,21,
2020,Puebla,Mujeres,21,
2019,Puebla,Mujeres,21,
2018,Puebla,Mujeres,21,
2017,Puebla,Mujeres,21,
2016,Puebla,Mujeres,21,
2015,Puebla,Mujeres,21,
2014,Puebla,Mujeres,21,
2013,Puebla,Mujeres,21,
2012,Puebla,Mujeres,21,
2011,Puebla,Mujeres,21,
2010,Puebla,Mujeres,21,
2021,Querétaro,Total,22,48.61105073
2020,Querétaro,Total,22,57.272242940000055
2019,Querétaro,Total,22,61.83447246000009
2018,Querétaro,Total,22,52.47626568000008
2017,Querétaro,Total,22,50.45169839000004
2016,Querétaro,Total,22,55.31752589999997
2015,Querétaro,Total,22,50.71421231000015
2014,Querétaro,Total,22,55.65484887999994
2013,Querétaro,Total,22,52.61376672999996
2012,Querétaro,Total,22,52.29442501999989
2011,Querétaro,Total,22,38.92326878000001
2010,Querétaro,Total,22,42.30014713000004
2021,Querétaro,Hombres,22,
2020,Querétaro,Hombres,22,
2019,Querétaro,Hombres,22,
2018,Querétaro,Hombres,22,
2017,Querétaro,Hombres,22,
2016,Querétaro,Hombres,22,
2015,Querétaro,Hombres,22,
2014,Querétaro,Hombres,22,
2013,Querétaro,Hombres,22,
2012,Querétaro,Hombres,22,
2011,Querétaro,Hombres,22,
2010,Querétaro,Hombres,22,
2021,Querétaro,Mujeres,22,
2020,Querétaro,Mujeres,22,
2019,Querétaro,Mujeres,22,
2018,Querétaro,Mujeres,22,
2017,Querétaro,Mujeres,22,
2016,Querétaro,Mujeres,22,
2015,Querétaro,Mujeres,22,
2014,Querétaro,Mujeres,22,
2013,Querétaro,Mujeres,22,
2012,Querétaro,Mujeres,22,
2011,Querétaro,Mujeres,22,
2010,Querétaro,Mujeres,22,
2021,Quintana Roo,Total,23,53.72903466000004
2020,Quintana Roo,Total,23,34.01524268000002
2019,Quintana Roo,Total,23,61.316910890000095
2018,Quintana Roo,Total,23,48.47193047000012
2017,Quintana Roo,Total,23,49.35969113000008
2016,Quintana Roo,Total,23,39.42210502999995
2015,Quintana Roo,Total,23,45.41556625999996
2014,Quintana Roo,Total,23,56.92554800000011
2013,Quintana Roo,Total,23,47.9972973499999
2012,Quintana Roo,Total,23,54.30650376999989
2011,Quintana Roo,Total,23,23.028011320000005
2010,Quintana Roo,Total,23,27.868487040000083
2021,Quintana Roo,Hombres,23,
2020,Quintana Roo,Hombres,23,
2019,Quintana Roo,Hombres,23,
2018,Quintana Roo,Hombres,23,
2017,Quintana Roo,Hombres,23,
2016,Quintana Roo,Hombres,23,
2015,Quintana Roo,Hombres,23,
2014,Quintana Roo,Hombres,23,
2013,Quintana Roo,Hombres,23,
2012,Quintana Roo,Hombres,23,
2011,Quintana Roo,Hombres,23,
2010,Quintana Roo,Hombres,23,
2021,Quintana Roo,Mujeres,23,
2020,Quintana Roo,Mujeres,23,
2019,Quintana Roo,Mujeres,23,
2018,Quintana Roo,Mujeres,23,
2017,Quintana Roo,Mujeres,23,
2016,Quintana Roo,Mujeres,23,
2015,Quintana Roo,Mujeres,23,
2014,Quintana Roo,Mujeres,23,
2013,Quintana Roo,Mujeres,23,
2012,Quintana Roo,Mujeres,23,
2011,Quintana Roo,Mujeres,23,
2010,Quintana Roo,Mujeres,23,
2021,San Luis Potosí,Total,24,57.51751891000003
2020,San Luis Potosí,Total,24,39.01174998999987
2019,San Luis Potosí,Total,24,55.59711746999989
2018,San Luis Potosí,Total,24,60.37456122999994
2017,San Luis Potosí,Total,24,56.77208255999995
2016,San Luis Potosí,Total,24,54.775208140000096
2015,San Luis Potosí,Total,24,54.6743464800001
2014,San Luis Potosí,Total,24,60.67801579000005
2013,San Luis Potosí,Total,24,59.88822787000007
2012,San Luis Potosí,Total,24,54.14356812999996
2011,San Luis Potosí,Total,24,36.96864193000004
2010,San Luis Potosí,Total,24,37.85551153
2021,San Luis Potosí,Hombres,24,
2020,San Luis Potosí,Hombres,24,
2019,San Luis Potosí,Hombres,24,
2018,San Luis Potosí,Hombres,24,
2017,San Luis Potosí,Hombres,24,
2016,San Luis Potosí,Hombres,24,
2015,San Luis Potosí,Hombres,24,
2014,San Luis Potosí,Hombres,24,
2013,San Luis Potosí,Hombres,24,
2012,San Luis Potosí,Hombres,24,
2011,San Luis Potosí,Hombres,24,
2010,San Luis Potosí,Hombres,24,
2021,San Luis Potosí,Mujeres,24,
2020,San Luis Potosí,Mujeres,24,
2019,San Luis Potosí,Mujeres,24,
2018,San Luis Potosí,Mujeres,24,
2017,San Luis Potosí,Mujeres,24,
2016,San Luis Potosí,Mujeres,24,
2015,San Luis Potosí,Mujeres,24,
2014,San Luis Potosí,Mujeres,24,
2013,San Luis Potosí,Mujeres,24,
2012,San Luis Potosí,Mujeres,24,
2011,San Luis Potosí,Mujeres,24,
2010,San Luis Potosí,Mujeres,24,
2021,Sinaloa,Total,25,77.1820688799999
2020,Sinaloa,Total,25,53.93999793999984
2019,Sinaloa,Total,25,68.15859999999994
2018,Sinaloa,Total,25,72.84516296000017
2017,Sinaloa,Total,25,73.14159699000001
2016,Sinaloa,Total,25,65.93415740999991
2015,Sinaloa,Total,25,58.27556326000008
2014,Sinaloa,Total,25,69.9440666
2013,Sinaloa,Total,25,67.66434566000021
2012,Sinaloa,Total,25,76.40145467
2011,Sinaloa,Total,25,43.91917501999988
2010,Sinaloa,Total,25,36.88751231000003
2021,Sinaloa,Hombres,25,
2020,Sinaloa,Hombres,25,
2019,Sinaloa,Hombres,25,
2018,Sinaloa,Hombres,25,
2017,Sinaloa,Hombres,25,
2016,Sinaloa,Hombres,25,
2015,Sinaloa,Hombres,25,
2014,Sinaloa,Hombres,25,
2013,Sinaloa,Hombres,25,
2012,Sinaloa,Hombres,25,
2011,Sinaloa,Hombres,25,
2010,Sinaloa,Hombres,25,
2021,Sinaloa,Mujeres,25,
2020,Sinaloa,Mujeres,25,
2019,Sinaloa,Mujeres,25,
2018,Sinaloa,Mujeres,25,
2017,Sinaloa,Mujeres,25,
2016,Sinaloa,Mujeres,25,
2015,Sinaloa,Mujeres,25,
2014,Sinaloa,Mujeres,25,
2013,Sinaloa,Mujeres,25,
2012,Sinaloa,Mujeres,25,
2011,Sinaloa,Mujeres,25,
2010,Sinaloa,Mujeres,25,
2021,Sonora,Total,26,66.77979265999987
2020,Sonora,Total,26,59.37011138999989
2019,Sonora,Total,26,58.47025984999989
2018,Sonora,Total,26,56.468527369999926
2017,Sonora,Total,26,58.58120708000005
2016,Sonora,Total,26,55.784418090000095
2015,Sonora,Total,26,61.334980980000125
2014,Sonora,Total,26,66.39268563000019
2013,Sonora,Total,26,49.47620898999988
2012,Sonora,Total,26,65.61772437000015
2011,Sonora,Total,26,43.43157652999989
2010,Sonora,Total,26,21.77191088000001
2021,Sonora,Hombres,26,
2020,Sonora,Hombres,26,
2019,Sonora,Hombres,26,
2018,Sonora,Hombres,26,
2017,Sonora,Hombres,26,
2016,Sonora,Hombres,26,
2015,Sonora,Hombres,26,
2014,Sonora,Hombres,26,
2013,Sonora,Hombres,26,
2012,Sonora,Hombres,26,
2011,Sonora,Hombres,26,
2010,Sonora,Hombres,26,
2021,Sonora,Mujeres,26,
2020,Sonora,Mujeres,26,
2019,Sonora,Mujeres,26,
2018,Sonora,Mujeres,26,
2017,Sonora,Mujeres,26,
2016,Sonora,Mujeres,26,
2015,Sonora,Mujeres,26,
2014,Sonora,Mujeres,26,
2013,Sonora,Mujeres,26,
2012,Sonora,Mujeres,26,
2011,Sonora,Mujeres,26,
2010,Sonora,Mujeres,26,
2021,Tabasco,Total,27,47.41860845999994
2020,Tabasco,Total,27,55.534977039999895
2019,Tabasco,Total,27,63.956081659999874
2018,Tabasco,Total,27,56.349258870000064
2017,Tabasco,Total,27,53.47750344999992
2016,Tabasco,Total,27,57.028598179999854
2015,Tabasco,Total,27,53.19108481999984
2014,Tabasco,Total,27,42.34660660999999
2013,Tabasco,Total,27,49.15537969999994
2012,Tabasco,Total,27,47.59141033000008
2011,Tabasco,Total,27,20.757233740000004
2010,Tabasco,Total,27,34.80124341000007
2021,Tabasco,Hombres,27,
2020,Tabasco,Hombres,27,
2019,Tabasco,Hombres,27,
2018,Tabasco,Hombres,27,
2017,Tabasco,Hombres,27,
2016,Tabasco,Hombres,27,
2015,Tabasco,Hombres,27,
2014,Tabasco,Hombres,27,
2013,Tabasco,Hombres,27,
2012,Tabasco,Hombres,27,
2011,Tabasco,Hombres,27,
2010,Tabasco,Hombres,27,
2021,Tabasco,Mujeres,27,
2020,Tabasco,Mujeres,27,
2019,Tabasco,Mujeres,27,
2018,Tabasco,Mujeres,27,
2017,Tabasco,Mujeres,27,
2016,Tabasco,Mujeres,27,
2015,Tabasco,Mujeres,27,
2014,Tabasco,Mujeres,27,
2013,Tabasco,Mujeres,27,
2012,Tabasco,Mujeres,27,
2011,Tabasco,Mujeres,27,
2010,Tabasco,Mujeres,27,
2021,Tamaulipas,Total,28,58.0490447900001
2020,Tamaulipas,Total,28,64.53511977000011
2019,Tamaulipas,Total,28,50.01425488000011
2018,Tamaulipas,Total,28,68.94528301999988
2017,Tamaulipas,Total,28,56.319747110000144
2016,Tamaulipas,Total,28,67.10916481999995
2015,Tamaulipas,Total,28,60.88789927000011
2014,Tamaulipas,Total,28,69.88404681999985
2013,Tamaulipas,Total,28,62.21097955000004
2012,Tamaulipas,Total,28,48.61386273999991
2011,Tamaulipas,Total,28,37.63981311000003
2010,Tamaulipas,Total,28,46.19888710000005
2021,Tamaulipas,Hombres,28,
2020,Tamaulipas,Hombres,28,
2019,Tamaulipas,Hombres,28,
2018,Tamaulipas,Hombres,28,
2017,Tamaulipas,Hombres,28,
2016,Tamaulipas,Hombres,28,
2015,Tamaulipas,Hombres,28,
2014,Tamaulipas,Hombres,28,
2013,Tamaulipas,Hombres,28,
2012,Tamaulipas,Hombres,28,
2011,Tamaulipas,Hombres,28,
2010,Tamaulipas,Hombres,28,
2021,Tamaulipas,Mujeres,28,
2020,Tamaulipas,Mujeres,28,
2019,Tamaulipas,Mujeres,28,
2018,Tamaulipas,Mujeres,28,
2017,Tamaulipas,Mujeres,28,
2016,Tamaulipas,Mujeres,28,
2015,Tamaulipas,Mujeres,28,
2014,Tamaulipas,Mujeres,28,
2013,Tamaulipas,Mujeres,28,
2012,Tamaulipas,Mujeres,28,
2011,Tamaulipas,Mujeres,28,
2010,Tamaulipas,Mujeres,28,
2021,Tlaxcala,Total,29,41.98355070999998
2020,Tlaxcala,Total,29,51.56440922999993
2019,Tlaxcala,Total,29,30.44502617999991
2018,Tlaxcala,Total,29,42.22143979000003
2017,Tlaxcala,Total,29,44.60681082999995
2016,Tlaxcala,Total,29,51.71489610000004
2015,Tlaxcala,Total,29,40.89497344
2014,Tlaxcala,Total,29,51.71518449999991
2013,Tlaxcala,Total,29,40.83801387000003
2012,Tlaxcala,Total,29,46.679281859999975
2011,Tlaxcala,Total,29,26.65410878000008
2010,Tlaxcala,Total,29,30.335609950000062
2021,Tlaxcala,Hombres,29,
2020,Tlaxcala,Hombres,29,
2019,Tlaxcala,Hombres,29,
2018,Tlaxcala,Hombres,29,
2017,Tlaxcala,Hombres,29,
2016,Tlaxcala,Hombres,29,
2015,Tlaxcala,Hombres,29,
2014,Tlaxcala,Hombres,29,
2013,Tlaxcala,Hombres,29,
2012,Tlaxcala,Hombres,29,
2011,Tlaxcala,Hombres,29,
2010,Tlaxcala,Hombres,29,
2021,Tlaxcala,Mujeres,29,
2020,Tlaxcala,Mujeres,29,
2019,Tlaxcala,Mujeres,29,
2018,Tlaxcala,Mujeres,29,
2017,Tlaxcala,Mujeres,29,
2016,Tlaxcala,Mujeres,29,
2015,Tlaxcala,Mujeres,29,
2014,Tlaxcala,Mujeres,29,
2013,Tlaxcala,Mujeres,29,
2012,Tlaxcala,Mujeres,29,
2011,Tlaxcala,Mujeres,29,
2010,Tlaxcala,Mujeres,29,
2021,Veracruz de Ignacio de la Llave,Total,30,37.70676468999995
2020,Veracruz de Ignacio de la Llave,Total,30,66.89435127999987
2019,Veracruz de Ignacio de la Llave,Total,30,47.487208829999936
2018,Veracruz de Ignacio de la Llave,Total,30,51.34112882000016
2017,Veracruz de Ignacio de la Llave,Total,30,56.80107594000012
2016,Veracruz de Ignacio de la Llave,Total,30,52.17767295999993
2015,Veracruz de Ignacio de la Llave,Total,30,46.9344545800001
2014,Veracruz de Ignacio de la Llave,Total,30,40.09211571000007
2013,Veracruz de Ignacio de la Llave,Total,30,44.95572714999989
2012,Veracruz de Ignacio de la Llave,Total,30,42.54383652999997
2011,Veracruz de Ignacio de la Llave,Total,30,19.63627346000002
2010,Veracruz de Ignacio de la Llave,Total,30,20.19623513000002
2021,Veracruz de Ignacio de la Llave,Hombres,30,
2020,Veracruz de Ignacio de la Llave,Hombres,30,
2019,Veracruz de Ignacio de la Llave,Hombres,30,
2018,Veracruz de Ignacio de la Llave,Hombres,30,
2017,Veracruz de Ignacio de la Llave,Hombres,30,
2016,Veracruz de Ignacio de la Llave,Hombres,30,
2015,Veracruz de Ignacio de la Llave,Hombres,30,
2014,Veracruz de Ignacio de la Llave,Hombres,30,
2013,Veracruz de Ignacio de la Llave,Hombres,30,
2012,Veracruz de Ignacio de la Llave,Hombres,30,
2011,Veracruz de Ignacio de la Llave,Hombres,30,
2010,Veracruz de Ignacio de la Llave,Hombres,30,
2021,Veracruz de Ignacio de la Llave,Mujeres,30,
2020,Veracruz de Ignacio de la Llave,Mujeres,30,
2019,Veracruz de Ignacio de la Llave,Mujeres,30,
2018,Veracruz de Ignacio de la Llave,Mujeres,30,
2017,Veracruz de Ignacio de la Llave,Mujeres,30,
2016,Veracruz de Ignacio de la Llave,Mujeres,30,
2015,Veracruz de Ignacio de la Llave,Mujeres,30,
2014,Veracruz de Ignacio de la Llave,Mujeres,30,
2013,Veracruz de Ignacio de la Llave,Mujeres,30,
2012,Veracruz de Ignacio de la Llave,Mujeres,30,
2011,Veracruz de Ignacio de la Llave,Mujeres,30,
2010,Veracruz de Ignacio de la Llave,Mujeres,30,
2021,Yucatán,Total,31,50.126837619999904
2020,Yucatán,Total,31,61.5891781299999
2019,Yucatán,Total,31,60.74066712999981
2018,Yucatán,Total,31,43.60688956000006
2017,Yucatán,Total,31,49.66714707000004
2016,Yucatán,Total,31,47.4921796899999
2015,Yucatán,Total,31,60.95627922000015
2014,Yucatán,Total,31,55.63818310999984
2013,Yucatán,Total,31,54.02597402999988
2012,Yucatán,Total,31,53.17952080000008
2011,Yucatán,Total,31,44.89981517999996
2010,Yucatán,Total,31,67.2237349999998
2021,Yucatán,Hombres,31,
2020,Yucatán,Hombres,31,
2019,Yucatán,Hombres,31,
2018,Yucatán,Hombres,31,
2017,Yucatán,Hombres,31,
2016,Yucatán,Hombres,31,
2015,Yucatán,Hombres,31,
2014,Yucatán,Hombres,31,
2013,Yucatán,Hombres,31,
2012,Yucatán,Hombres,31,
2011,Yucatán,Hombres,31,
2010,Yucatán,Hombres,31,
2021,Yucatán,Mujeres,31,
2020,Yucatán,Mujeres,31,
2019,Yucatán,Mujeres,31,
2018,Yucatán,Mujeres,31,
2017,Yucatán,Mujeres,31,
2016,Yucatán,Mujeres,31,
2015,Yucatán,Mujeres,31,
2014,Yucatán,Mujeres,31,
2013,Yucatán,Mujeres,31,
2012,Yucatán,Mujeres,31,
2011,Yucatán,Mujeres,31,
2010,Yucatán,Mujeres,31,
2021,Zacatecas,Total,32,70.6325491400001
2020,Zacatecas,Total,32,54.6007565700001
2019,Zacatecas,Total,32,71.04669206000007
2018,Zacatecas,Total,32,69.47377607000003
2017,Zacatecas,Total,32,58.30979716000001
2016,Zacatecas,Total,32,76.82857252000014
2015,Zacatecas,Total,32,63.76205787999989
2014,Zacatecas,Total,32,56.000264620000046
2013,Zacatecas,Total,32,64.55720894000005
2012,Zacatecas,Total,32,43.22154439000008
2011,Zacatecas,Total,32,34.49079260000004
2010,Zacatecas,Total,32,37.88753236999999
2021,Zacatecas,Hombres,32,
2020,Zacatecas,Hombres,32,
2019,Zacatecas,Hombres,32,
2018,Zacatecas,Hombres,32,
2017,Zacatecas,Hombres,32,
2016,Zacatecas,Hombres,32,
2015,Zacatecas,Hombres,32,
2014,Zacatecas,Hombres,32,
2013,Zacatecas,Hombres,32,
2012,Zacatecas,Hombres,32,
2011,Zacatecas,Hombres,32,
2010,Zacatecas,Hombres,32,
2021,Zacatecas,Mujeres,32,
2020,Zacatecas,Mujeres,32,
2019,Zacatecas,Mujeres,32,
2018,Zacatecas,Mujeres,32,
2017,Zacatecas,Mujeres,32,
2016,Zacatecas,Mujeres,32,
2015,Zacatecas,Mujeres,32,
2014,Zacatecas,Mujeres,32,
2013,Zacatecas,Mujeres,32,
2012,Zacatecas,Mujeres,32,
2011,Zacatecas,Mujeres,32,
2010,Zacatecas,Mujeres,32,
