Year,Entidad federativa,Sexo,GeoCode,Value
2021/2022,Estados Unidos Mexicanos,Total,0,91.14783714161436
2020/2021,Estados Unidos Mexicanos,Total,0,90.9365622643302
2019/2020,Estados Unidos Mexicanos,Total,0,90.28467906192589
2018/2019,Estados Unidos Mexicanos,Total,0,88.59385706095414
2017/2018,Estados Unidos Mexicanos,Total,0,87.54024356103032
2016/2017,Estados Unidos Mexicanos,Total,0,86.45889297451158
2015/2016,Estados Unidos Mexicanos,Total,0,85.66621967572846
2014/2015,Estados Unidos Mexicanos,Total,0,84.40453719117627
2013/2014,Estados Unidos Mexicanos,Total,0,83.52708648065892
2012/2013,Estados Unidos Mexicanos,Total,0,82.89280891025612
2021/2022,Estados Unidos Mexicanos,Hombres,0,89.80460551597749
2020/2021,Estados Unidos Mexicanos,Hombres,0,88.34307788682413
2019/2020,Estados Unidos Mexicanos,Hombres,0,87.53656140030162
2018/2019,Estados Unidos Mexicanos,Hombres,0,85.481095914278
2017/2018,Estados Unidos Mexicanos,Hombres,0,84.5076017866346
2016/2017,Estados Unidos Mexicanos,Hombres,0,82.89236555488792
2015/2016,Estados Unidos Mexicanos,Hombres,0,81.91428438762401
2014/2015,Estados Unidos Mexicanos,Hombres,0,80.4411839625045
2013/2014,Estados Unidos Mexicanos,Hombres,0,79.73516269885678
2012/2013,Estados Unidos Mexicanos,Hombres,0,78.99837313462812
2021/2022,Estados Unidos Mexicanos,Mujeres,0,91.71757141710803
2020/2021,Estados Unidos Mexicanos,Mujeres,0,92.0643808976094
2019/2020,Estados Unidos Mexicanos,Mujeres,0,91.49361795166264
2018/2019,Estados Unidos Mexicanos,Mujeres,0,90.06564720420118
2017/2018,Estados Unidos Mexicanos,Mujeres,0,89.00656200681097
2016/2017,Estados Unidos Mexicanos,Mujeres,0,88.24692483154338
2015/2016,Estados Unidos Mexicanos,Mujeres,0,87.57804633750693
2014/2015,Estados Unidos Mexicanos,Mujeres,0,86.46272613271387
2013/2014,Estados Unidos Mexicanos,Mujeres,0,85.50485746137927
2012/2013,Estados Unidos Mexicanos,Mujeres,0,84.95458303316752
2021/2022,Aguascalientes,Total,1,96.9127251137938
2020/2021,Aguascalientes,Total,1,96.77099841521392
2019/2020,Aguascalientes,Total,1,96.67661691542295
2018/2019,Aguascalientes,Total,1,96.3104838709678
2017/2018,Aguascalientes,Total,1,95.98796389167498
2016/2017,Aguascalientes,Total,1,95.56492073048337
2015/2016,Aguascalientes,Total,1,95.24950099800418
2014/2015,Aguascalientes,Total,1,94.7779111644656
2013/2014,Aguascalientes,Total,1,94.97795668008438
2012/2013,Aguascalientes,Total,1,94.26824608330158
2021/2022,Aguascalientes,Hombres,1,97.50692520775608
2020/2021,Aguascalientes,Hombres,1,96.3963963963962
2019/2020,Aguascalientes,Hombres,1,97.5675675675678
2018/2019,Aguascalientes,Hombres,1,94.7368421052633
2017/2018,Aguascalientes,Hombres,1,95.72649572649593
2016/2017,Aguascalientes,Hombres,1,95.1118475559238
2015/2016,Aguascalientes,Hombres,1,95.96837944664014
2014/2015,Aguascalientes,Hombres,1,94.4189602446482
2013/2014,Aguascalientes,Hombres,1,94.73293768545967
2012/2013,Aguascalientes,Hombres,1,95.28985507246394
2021/2022,Aguascalientes,Mujeres,1,96.75062972292169
2020/2021,Aguascalientes,Mujeres,1,96.87658710005064
2019/2020,Aguascalientes,Mujeres,1,96.42401021711352
2018/2019,Aguascalientes,Mujeres,1,96.7903183372799
2017/2018,Aguascalientes,Mujeres,1,96.068152031455
2016/2017,Aguascalientes,Mujeres,1,95.70974576271163
2015/2016,Aguascalientes,Mujeres,1,95.00667556742331
2014/2015,Aguascalientes,Mujeres,1,94.90514905149034
2013/2014,Aguascalientes,Mujeres,1,95.06332385629338
2012/2013,Aguascalientes,Mujeres,1,93.9024390243903
2021/2022,Baja California,Total,2,96.57467077612804
2020/2021,Baja California,Total,2,96.33059462470388
2019/2020,Baja California,Total,2,95.38228614685812
2018/2019,Baja California,Total,2,94.42883574316458
2017/2018,Baja California,Total,2,94.40308795147514
2016/2017,Baja California,Total,2,94.03609001602472
2015/2016,Baja California,Total,2,93.45315383038356
2014/2015,Baja California,Total,2,93.359375
2013/2014,Baja California,Total,2,92.3389279913372
2012/2013,Baja California,Total,2,91.99787671687356
2021/2022,Baja California,Hombres,2,96.82371625198536
2020/2021,Baja California,Hombres,2,96.82214249102998
2019/2020,Baja California,Hombres,2,96.5956404604458
2018/2019,Baja California,Hombres,2,95.28882575757594
2017/2018,Baja California,Hombres,2,95.05316689782728
2016/2017,Baja California,Hombres,2,94.26416819012788
2015/2016,Baja California,Hombres,2,93.34986474301154
2014/2015,Baja California,Hombres,2,93.2138857782756
2013/2014,Baja California,Hombres,2,92.44706395983422
2012/2013,Baja California,Hombres,2,92.51129761136208
2021/2022,Baja California,Mujeres,2,96.48504477043224
2020/2021,Baja California,Mujeres,2,96.14722753346058
2019/2020,Baja California,Mujeres,2,94.90811638591131
2018/2019,Baja California,Mujeres,2,94.07850323078428
2017/2018,Baja California,Mujeres,2,94.1268905912396
2016/2017,Baja California,Mujeres,2,93.93605292171986
2015/2016,Baja California,Mujeres,2,93.49808767284476
2014/2015,Baja California,Mujeres,2,93.42352127974716
2013/2014,Baja California,Mujeres,2,92.290338401177
2012/2013,Baja California,Mujeres,2,91.7689946277822
2021/2022,Baja California Sur,Total,3,95.60791157649814
2020/2021,Baja California Sur,Total,3,96.61511526116144
2019/2020,Baja California Sur,Total,3,95.47841306884465
2018/2019,Baja California Sur,Total,3,94.67348781221816
2017/2018,Baja California Sur,Total,3,93.8532110091745
2016/2017,Baja California Sur,Total,3,93.71727748691096
2015/2016,Baja California Sur,Total,3,92.48213730972368
2014/2015,Baja California Sur,Total,3,90.8780639156066
2013/2014,Baja California Sur,Total,3,89.83428935627798
2012/2013,Baja California Sur,Total,3,88.28626444159158
2021/2022,Baja California Sur,Hombres,3,96.96969696969671
2020/2021,Baja California Sur,Hombres,3,96.01386481802416
2019/2020,Baja California Sur,Hombres,3,95.09632224168128
2018/2019,Baja California Sur,Hombres,3,95.67474048442884
2017/2018,Baja California Sur,Hombres,3,94.37340153452702
2016/2017,Baja California Sur,Hombres,3,93.48003259983685
2015/2016,Baja California Sur,Hombres,3,92.28855721393056
2014/2015,Baja California Sur,Hombres,3,91.56327543424295
2013/2014,Baja California Sur,Hombres,3,91.9259882253993
2012/2013,Baja California Sur,Hombres,3,89.0675241157556
2021/2022,Baja California Sur,Mujeres,3,94.9481865284974
2020/2021,Baja California Sur,Mujeres,3,96.9203695556534
2019/2020,Baja California Sur,Mujeres,3,95.66929133858272
2018/2019,Baja California Sur,Mujeres,3,94.13936317489608
2017/2018,Baja California Sur,Mujeres,3,93.56223175965698
2016/2017,Baja California Sur,Mujeres,3,93.86138613861412
2015/2016,Baja California Sur,Mujeres,3,92.5981122702433
2014/2015,Baja California Sur,Mujeres,3,90.46673286991062
2013/2014,Baja California Sur,Mujeres,3,88.55823499230375
2012/2013,Baja California Sur,Mujeres,3,87.7670940170939
2021/2022,Campeche,Total,4,96.17269544924176
2020/2021,Campeche,Total,4,95.90030281854165
2019/2020,Campeche,Total,4,95.89136490250708
2018/2019,Campeche,Total,4,95.89707927677348
2017/2018,Campeche,Total,4,94.63874827427522
2016/2017,Campeche,Total,4,94.60817911811732
2015/2016,Campeche,Total,4,95.38321582897451
2014/2015,Campeche,Total,4,94.69988674971684
2013/2014,Campeche,Total,4,93.68732907930706
2012/2013,Campeche,Total,4,93.65441679981753
2021/2022,Campeche,Hombres,4,97.16885743174912
2020/2021,Campeche,Hombres,4,97.02970297029724
2019/2020,Campeche,Hombres,4,96.0290556900727
2018/2019,Campeche,Hombres,4,96.29981024667916
2017/2018,Campeche,Hombres,4,94.74178403755847
2016/2017,Campeche,Hombres,4,94.00731930466632
2015/2016,Campeche,Hombres,4,94.76797088262045
2014/2015,Campeche,Hombres,4,94.13102820746111
2013/2014,Campeche,Hombres,4,93.33637608398008
2012/2013,Campeche,Hombres,4,93.36642599277972
2021/2022,Campeche,Mujeres,4,95.3185955786738
2020/2021,Campeche,Mujeres,4,94.89661240651132
2019/2020,Campeche,Mujeres,4,95.76460098082912
2018/2019,Campeche,Mujeres,4,95.51223934723504
2017/2018,Campeche,Mujeres,4,94.53971119133548
2016/2017,Campeche,Mujeres,4,95.2076677316292
2015/2016,Campeche,Mujeres,4,95.99818099135943
2014/2015,Campeche,Mujeres,4,95.2638700947227
2013/2014,Campeche,Mujeres,4,94.03732362312252
2012/2013,Campeche,Mujeres,4,93.94919168591213
2021/2022,Coahuila de Zaragoza,Total,5,93.68360843275028
2020/2021,Coahuila de Zaragoza,Total,5,93.85346664481224
2019/2020,Coahuila de Zaragoza,Total,5,93.61079499268436
2018/2019,Coahuila de Zaragoza,Total,5,95.99769888231448
2017/2018,Coahuila de Zaragoza,Total,5,95.18530774321648
2016/2017,Coahuila de Zaragoza,Total,5,94.64568240486308
2015/2016,Coahuila de Zaragoza,Total,5,94.4812179381102
2014/2015,Coahuila de Zaragoza,Total,5,92.82234491718071
2013/2014,Coahuila de Zaragoza,Total,5,91.89404818892594
2012/2013,Coahuila de Zaragoza,Total,5,90.93148942934369
2021/2022,Coahuila de Zaragoza,Hombres,5,95.18115942028996
2020/2021,Coahuila de Zaragoza,Hombres,5,94.75574712643704
2019/2020,Coahuila de Zaragoza,Hombres,5,94.98607242339844
2018/2019,Coahuila de Zaragoza,Hombres,5,96.24619546838026
2017/2018,Coahuila de Zaragoza,Hombres,5,95.43637574950054
2016/2017,Coahuila de Zaragoza,Hombres,5,94.70284237726086
2015/2016,Coahuila de Zaragoza,Hombres,5,94.09523809523836
2014/2015,Coahuila de Zaragoza,Hombres,5,90.54134443783482
2013/2014,Coahuila de Zaragoza,Hombres,5,91.31964809384172
2012/2013,Coahuila de Zaragoza,Hombres,5,89.5652173913042
2021/2022,Coahuila de Zaragoza,Mujeres,5,93.24752057396095
2020/2021,Coahuila de Zaragoza,Mujeres,5,93.58674877893412
2019/2020,Coahuila de Zaragoza,Mujeres,5,93.1919406150585
2018/2019,Coahuila de Zaragoza,Mujeres,5,95.91792422103995
2017/2018,Coahuila de Zaragoza,Mujeres,5,95.10235527184692
2016/2017,Coahuila de Zaragoza,Mujeres,5,94.62582744306069
2015/2016,Coahuila de Zaragoza,Mujeres,5,94.61727842435111
2014/2015,Coahuila de Zaragoza,Mujeres,5,93.6788027697118
2013/2014,Coahuila de Zaragoza,Mujeres,5,92.10872424375276
2012/2013,Coahuila de Zaragoza,Mujeres,5,91.4476565922032
2021/2022,Colima,Total,6,94.35165502581202
2020/2021,Colima,Total,6,93.70152032268066
2019/2020,Colima,Total,6,94.28838951310884
2018/2019,Colima,Total,6,93.58386801099913
2017/2018,Colima,Total,6,91.5201973481344
2016/2017,Colima,Total,6,90.84181313598503
2015/2016,Colima,Total,6,91.6228748068006
2014/2015,Colima,Total,6,90.56091676718952
2013/2014,Colima,Total,6,89.32362754018813
2012/2013,Colima,Total,6,90.30246336139682
2021/2022,Colima,Hombres,6,93.96929824561398
2020/2021,Colima,Hombres,6,94.7548460661346
2019/2020,Colima,Hombres,6,94.48909299655558
2018/2019,Colima,Hombres,6,93.1614349775786
2017/2018,Colima,Hombres,6,89.77777777777754
2016/2017,Colima,Hombres,6,89.43270300333695
2015/2016,Colima,Hombres,6,90.405117270789
2014/2015,Colima,Hombres,6,87.63557483731
2013/2014,Colima,Hombres,6,87.20930232558146
2012/2013,Colima,Hombres,6,88.50698174006423
2021/2022,Colima,Mujeres,6,94.49811003779918
2020/2021,Colima,Mujeres,6,93.30775788576288
2019/2020,Colima,Mujeres,6,94.21345906558066
2018/2019,Colima,Mujeres,6,93.74212515749666
2017/2018,Colima,Mujeres,6,92.18950064020476
2016/2017,Colima,Mujeres,6,91.38225255972677
2015/2016,Colima,Mujeres,6,92.12015672616458
2014/2015,Colima,Mujeres,6,91.68755221386824
2013/2014,Colima,Mujeres,6,90.17439387494662
2012/2013,Colima,Mujeres,6,91.03690685413002
2021/2022,Chiapas,Total,7,81.61699709559271
2020/2021,Chiapas,Total,7,81.73101427115202
2019/2020,Chiapas,Total,7,78.10810810810821
2018/2019,Chiapas,Total,7,79.08055537782334
2017/2018,Chiapas,Total,7,77.30339912972175
2016/2017,Chiapas,Total,7,75.52245442418842
2015/2016,Chiapas,Total,7,75.35563122553523
2014/2015,Chiapas,Total,7,73.25387136156293
2013/2014,Chiapas,Total,7,71.88838373855185
2012/2013,Chiapas,Total,7,70.15376527796047
2021/2022,Chiapas,Hombres,7,80.90515347435819
2020/2021,Chiapas,Hombres,7,77.63245534362692
2019/2020,Chiapas,Hombres,7,73.97284326349046
2018/2019,Chiapas,Hombres,7,74.59089556679565
2017/2018,Chiapas,Hombres,7,72.65670258371007
2016/2017,Chiapas,Hombres,7,70.50872590395808
2015/2016,Chiapas,Hombres,7,70.32712915961652
2014/2015,Chiapas,Hombres,7,67.89196458590146
2013/2014,Chiapas,Hombres,7,66.3899018232821
2012/2013,Chiapas,Hombres,7,65.10552987692809
2021/2022,Chiapas,Mujeres,7,82.33724992060961
2020/2021,Chiapas,Mujeres,7,86.28083619009212
2019/2020,Chiapas,Mujeres,7,82.90348852993087
2018/2019,Chiapas,Mujeres,7,84.30083719642973
2017/2018,Chiapas,Mujeres,7,82.85358427899264
2016/2017,Chiapas,Mujeres,7,81.8233944954129
2015/2016,Chiapas,Mujeres,7,81.8666471919958
2014/2015,Chiapas,Mujeres,7,80.45933734939737
2013/2014,Chiapas,Mujeres,7,79.7110703168649
2012/2013,Chiapas,Mujeres,7,77.41806234473917
2021/2022,Chihuahua,Total,8,90.36528855990832
2020/2021,Chihuahua,Total,8,90.3412201204306
2019/2020,Chihuahua,Total,8,89.06268656716401
2018/2019,Chihuahua,Total,8,87.95180722891565
2017/2018,Chihuahua,Total,8,87.28939691611596
2016/2017,Chihuahua,Total,8,86.76365795724455
2015/2016,Chihuahua,Total,8,85.64584811923324
2014/2015,Chihuahua,Total,8,84.29928741092645
2013/2014,Chihuahua,Total,8,83.55537052456275
2012/2013,Chihuahua,Total,8,82.6050966711997
2021/2022,Chihuahua,Hombres,8,90.67946451124033
2020/2021,Chihuahua,Hombres,8,89.2771661081859
2019/2020,Chihuahua,Hombres,8,88.40714120102001
2018/2019,Chihuahua,Hombres,8,86.96808510638289
2017/2018,Chihuahua,Hombres,8,86.34178321678333
2016/2017,Chihuahua,Hombres,8,84.93723849372385
2015/2016,Chihuahua,Hombres,8,83.50222942845544
2014/2015,Chihuahua,Hombres,8,81.06508875739638
2013/2014,Chihuahua,Hombres,8,81.2648691514671
2012/2013,Chihuahua,Hombres,8,80.63629222309484
2021/2022,Chihuahua,Mujeres,8,90.2670248064465
2020/2021,Chihuahua,Mujeres,8,90.70374296664755
2019/2020,Chihuahua,Mujeres,8,89.29002170941563
2018/2019,Chihuahua,Mujeres,8,88.31158304287912
2017/2018,Chihuahua,Mujeres,8,87.64421896735129
2016/2017,Chihuahua,Mujeres,8,87.48756218905491
2015/2016,Chihuahua,Mujeres,8,86.52914648404858
2014/2015,Chihuahua,Mujeres,8,85.69243840271882
2013/2014,Chihuahua,Mujeres,8,84.53695836873406
2012/2013,Chihuahua,Mujeres,8,83.45317655020703
2021/2022,Ciudad de México,Total,9,98.09063869255128
2020/2021,Ciudad de México,Total,9,98.21111393047435
2019/2020,Ciudad de México,Total,9,97.86762410240406
2018/2019,Ciudad de México,Total,9,97.97024710035296
2017/2018,Ciudad de México,Total,9,97.22222222222246
2016/2017,Ciudad de México,Total,9,97.2983044531394
2015/2016,Ciudad de México,Total,9,96.25368188512532
2014/2015,Ciudad de México,Total,9,95.61196680650391
2013/2014,Ciudad de México,Total,9,95.51002882905
2012/2013,Ciudad de México,Total,9,95.72610573705656
2021/2022,Ciudad de México,Hombres,9,98.1283422459892
2020/2021,Ciudad de México,Hombres,9,98.22049498875045
2019/2020,Ciudad de México,Hombres,9,97.72727272727258
2018/2019,Ciudad de México,Hombres,9,98.02402169701658
2017/2018,Ciudad de México,Hombres,9,96.74365770541456
2016/2017,Ciudad de México,Hombres,9,97.40865026099904
2015/2016,Ciudad de México,Hombres,9,96.22572370831784
2014/2015,Ciudad de México,Hombres,9,95.68541780447828
2013/2014,Ciudad de México,Hombres,9,95.23209787693423
2012/2013,Ciudad de México,Hombres,9,95.6354075372479
2021/2022,Ciudad de México,Mujeres,9,98.08369626964608
2020/2021,Ciudad de México,Mujeres,9,98.20939224445344
2019/2020,Ciudad de México,Mujeres,9,97.89450189718032
2018/2019,Ciudad de México,Mujeres,9,97.9597982383498
2017/2018,Ciudad de México,Mujeres,9,97.3169452147194
2016/2017,Ciudad de México,Mujeres,9,97.27625009315136
2015/2016,Ciudad de México,Mujeres,9,96.25930566816534
2014/2015,Ciudad de México,Mujeres,9,95.597113827124
2013/2014,Ciudad de México,Mujeres,9,95.56713989943816
2012/2013,Ciudad de México,Mujeres,9,95.74515072325084
2021/2022,Durango,Total,10,91.92833750722406
2020/2021,Durango,Total,10,92.35031104199088
2019/2020,Durango,Total,10,90.9611094947142
2018/2019,Durango,Total,10,90.9622126996492
2017/2018,Durango,Total,10,90.03510140405639
2016/2017,Durango,Total,10,88.65558471857678
2015/2016,Durango,Total,10,88.58759266484593
2014/2015,Durango,Total,10,88.12402496099826
2013/2014,Durango,Total,10,86.87191402846358
2012/2013,Durango,Total,10,86.1653550956962
2021/2022,Durango,Hombres,10,94.67264127458294
2020/2021,Durango,Hombres,10,92.8674698795183
2019/2020,Durango,Hombres,10,92.0440929786726
2018/2019,Durango,Hombres,10,91.12579655416576
2017/2018,Durango,Hombres,10,89.77798334875114
2016/2017,Durango,Hombres,10,88.09363042988973
2015/2016,Durango,Hombres,10,87.39774485960643
2014/2015,Durango,Hombres,10,86.23534520191059
2013/2014,Durango,Hombres,10,85.41846419326993
2012/2013,Durango,Hombres,10,84.29610611895609
2021/2022,Durango,Mujeres,10,90.1963864886094
2020/2021,Durango,Mujeres,10,92.00065167807094
2019/2020,Durango,Mujeres,10,90.2248289345062
2018/2019,Durango,Mujeres,10,90.84728900679822
2017/2018,Durango,Mujeres,10,90.22252191503698
2016/2017,Durango,Mujeres,10,89.08281998631058
2015/2016,Durango,Mujeres,10,89.52696805725277
2014/2015,Durango,Mujeres,10,89.66371681415929
2013/2014,Durango,Mujeres,10,88.05550676269081
2012/2013,Durango,Mujeres,10,87.7202349172452
2021/2022,Guanajuato,Total,11,93.2878358990268
2020/2021,Guanajuato,Total,11,93.00900062073248
2019/2020,Guanajuato,Total,11,91.94638649619512
2018/2019,Guanajuato,Total,11,90.9631992530927
2017/2018,Guanajuato,Total,11,89.41874902995498
2016/2017,Guanajuato,Total,11,88.3674257043615
2015/2016,Guanajuato,Total,11,86.70873898487716
2014/2015,Guanajuato,Total,11,83.70965880678527
2013/2014,Guanajuato,Total,11,82.10339085679693
2012/2013,Guanajuato,Total,11,83.35852478839175
2021/2022,Guanajuato,Hombres,11,92.26928895612711
2020/2021,Guanajuato,Hombres,11,91.78507992895187
2019/2020,Guanajuato,Hombres,11,90.7666243117323
2018/2019,Guanajuato,Hombres,11,88.60096290002845
2017/2018,Guanajuato,Hombres,11,87.42928108182718
2016/2017,Guanajuato,Hombres,11,85.81699346405203
2015/2016,Guanajuato,Hombres,11,84.55696202531658
2014/2015,Guanajuato,Hombres,11,81.18943798449617
2013/2014,Guanajuato,Hombres,11,79.79211989364266
2012/2013,Guanajuato,Hombres,11,81.45255304266722
2021/2022,Guanajuato,Mujeres,11,93.63887585379833
2020/2021,Guanajuato,Mujeres,11,93.44374342797045
2019/2020,Guanajuato,Mujeres,11,92.39072636392652
2018/2019,Guanajuato,Mujeres,11,91.8579703926195
2017/2018,Guanajuato,Mujeres,11,90.19703103913643
2016/2017,Guanajuato,Mujeres,11,89.43592552026293
2015/2016,Guanajuato,Mujeres,11,87.64858738320322
2014/2015,Guanajuato,Mujeres,11,84.88247562144174
2013/2014,Guanajuato,Mujeres,11,83.15702479338856
2012/2013,Guanajuato,Mujeres,11,84.2726154534273
2021/2022,Guerrero,Total,12,90.46460380130355
2020/2021,Guerrero,Total,12,89.085424379542
2019/2020,Guerrero,Total,12,87.60251065194466
2018/2019,Guerrero,Total,12,86.22584485758783
2017/2018,Guerrero,Total,12,85.63228780620078
2016/2017,Guerrero,Total,12,84.42052762829753
2015/2016,Guerrero,Total,12,83.22885358522959
2014/2015,Guerrero,Total,12,83.09274024339062
2013/2014,Guerrero,Total,12,81.94548637159279
2012/2013,Guerrero,Total,12,81.46433400254026
2021/2022,Guerrero,Hombres,12,90.31066695633297
2020/2021,Guerrero,Hombres,12,88.01442511667366
2019/2020,Guerrero,Hombres,12,85.77768385460693
2018/2019,Guerrero,Hombres,12,84.11048099138857
2017/2018,Guerrero,Hombres,12,84.05707196029779
2016/2017,Guerrero,Hombres,12,81.6742081447963
2015/2016,Guerrero,Hombres,12,80.54933281386973
2014/2015,Guerrero,Hombres,12,80.22604235919847
2013/2014,Guerrero,Hombres,12,79.46360879454127
2012/2013,Guerrero,Hombres,12,78.67214492482962
2021/2022,Guerrero,Mujeres,12,90.57729007633613
2020/2021,Guerrero,Mujeres,12,89.89639386394646
2019/2020,Guerrero,Mujeres,12,88.99943379438632
2018/2019,Guerrero,Mujeres,12,87.86131860993851
2017/2018,Guerrero,Mujeres,12,86.85562871366642
2016/2017,Guerrero,Mujeres,12,86.62043968166418
2015/2016,Guerrero,Mujeres,12,85.34131920448449
2014/2015,Guerrero,Mujeres,12,85.36200285692813
2013/2014,Guerrero,Mujeres,12,83.8937658086596
2012/2013,Guerrero,Mujeres,12,83.64724777339757
2021/2022,Hidalgo,Total,13,86.93455245428297
2020/2021,Hidalgo,Total,13,86.79290943190776
2019/2020,Hidalgo,Total,13,85.67214496418038
2018/2019,Hidalgo,Total,13,84.09669211195923
2017/2018,Hidalgo,Total,13,83.08403259151167
2016/2017,Hidalgo,Total,13,81.94859898663093
2015/2016,Hidalgo,Total,13,80.83563748079891
2014/2015,Hidalgo,Total,13,79.38577519619335
2013/2014,Hidalgo,Total,13,78.00400952261606
2012/2013,Hidalgo,Total,13,77.56527209814412
2021/2022,Hidalgo,Hombres,13,86.20827503497888
2020/2021,Hidalgo,Hombres,13,84.51612903225814
2019/2020,Hidalgo,Hombres,13,83.29191359204741
2018/2019,Hidalgo,Hombres,13,80.84033613445368
2017/2018,Hidalgo,Hombres,13,80.13648100331982
2016/2017,Hidalgo,Hombres,13,77.84377249820018
2015/2016,Hidalgo,Hombres,13,76.90404665135173
2014/2015,Hidalgo,Hombres,13,75.84805653710265
2013/2014,Hidalgo,Hombres,13,74.71143756558216
2012/2013,Hidalgo,Hombres,13,73.75455650060756
2021/2022,Hidalgo,Mujeres,13,87.24722485156181
2020/2021,Hidalgo,Mujeres,13,87.81321184510253
2019/2020,Hidalgo,Mujeres,13,86.7662565905097
2018/2019,Hidalgo,Mujeres,13,85.66047888081808
2017/2018,Hidalgo,Mujeres,13,84.53374455732954
2016/2017,Hidalgo,Mujeres,13,84.0554272517322
2015/2016,Hidalgo,Mujeres,13,82.93142426525993
2014/2015,Hidalgo,Mujeres,13,81.28860591086212
2013/2014,Hidalgo,Mujeres,13,79.84185864896531
2012/2013,Hidalgo,Mujeres,13,79.73159660548659
2021/2022,Jalisco,Total,14,95.9174027355172
2020/2021,Jalisco,Total,14,95.29508873297544
2019/2020,Jalisco,Total,14,95.0167282972355
2018/2019,Jalisco,Total,14,94.62574234138872
2017/2018,Jalisco,Total,14,93.5365243740992
2016/2017,Jalisco,Total,14,92.64667077139582
2015/2016,Jalisco,Total,14,91.43855562026808
2014/2015,Jalisco,Total,14,91.30159278781076
2013/2014,Jalisco,Total,14,90.6031782522484
2012/2013,Jalisco,Total,14,89.50365215390792
2021/2022,Jalisco,Hombres,14,96.56326932545558
2020/2021,Jalisco,Hombres,14,95.15168698610736
2019/2020,Jalisco,Hombres,14,94.9022861356934
2018/2019,Jalisco,Hombres,14,93.97191664430711
2017/2018,Jalisco,Hombres,14,93.38157430285904
2016/2017,Jalisco,Hombres,14,91.11623143881232
2015/2016,Jalisco,Hombres,14,89.66770947831226
2014/2015,Jalisco,Hombres,14,89.89520958083817
2013/2014,Jalisco,Hombres,14,89.03472337597613
2012/2013,Jalisco,Hombres,14,86.38418079096053
2021/2022,Jalisco,Mujeres,14,95.64061444969596
2020/2021,Jalisco,Mujeres,14,95.36009596846765
2019/2020,Jalisco,Mujeres,14,95.07017997072232
2018/2019,Jalisco,Mujeres,14,94.9459116191478
2017/2018,Jalisco,Mujeres,14,93.61401650558273
2016/2017,Jalisco,Mujeres,14,93.44767519764171
2015/2016,Jalisco,Mujeres,14,92.36885355128123
2014/2015,Jalisco,Mujeres,14,92.04670632297876
2013/2014,Jalisco,Mujeres,14,91.43271385264252
2012/2013,Jalisco,Mujeres,14,91.23034310221573
2021/2022,México,Total,15,93.86191472476705
2020/2021,México,Total,15,93.4191208221782
2019/2020,México,Total,15,93.25900662061876
2018/2019,México,Total,15,92.53378426792374
2017/2018,México,Total,15,91.48170451938508
2016/2017,México,Total,15,90.32737882406768
2015/2016,México,Total,15,89.05456215378412
2014/2015,México,Total,15,87.69133295894721
2013/2014,México,Total,15,86.80119516736687
2012/2013,México,Total,15,85.62466650322314
2021/2022,México,Hombres,15,92.4915668256368
2020/2021,México,Hombres,15,91.53445214502554
2019/2020,México,Hombres,15,91.29695733469322
2018/2019,México,Hombres,15,90.53257727373789
2017/2018,México,Hombres,15,89.51838255438075
2016/2017,México,Hombres,15,87.78495542149362
2015/2016,México,Hombres,15,86.73891419297429
2014/2015,México,Hombres,15,84.92470113336454
2013/2014,México,Hombres,15,84.68954078988283
2012/2013,México,Hombres,15,83.91995895330925
2021/2022,México,Mujeres,15,94.31406037113084
2020/2021,México,Mujeres,15,94.0517158511969
2019/2020,México,Mujeres,15,93.92323480329156
2018/2019,México,Mujeres,15,93.22881470468978
2017/2018,México,Mujeres,15,92.17757753481057
2016/2017,México,Mujeres,15,91.25771665234056
2015/2016,México,Mujeres,15,89.92902473260688
2014/2015,México,Mujeres,15,88.75788045646787
2013/2014,México,Mujeres,15,87.61628488546559
2012/2013,México,Mujeres,15,86.29114761990732
2021/2022,Michoacán de Ocampo,Total,16,93.5445501730102
2020/2021,Michoacán de Ocampo,Total,16,93.18620788325332
2019/2020,Michoacán de Ocampo,Total,16,92.8594198278608
2018/2019,Michoacán de Ocampo,Total,16,92.10149232866192
2017/2018,Michoacán de Ocampo,Total,16,91.72688498008392
2016/2017,Michoacán de Ocampo,Total,16,90.68598767769252
2015/2016,Michoacán de Ocampo,Total,16,90.32612804563723
2014/2015,Michoacán de Ocampo,Total,16,89.01023421938339
2013/2014,Michoacán de Ocampo,Total,16,88.13848295059144
2012/2013,Michoacán de Ocampo,Total,16,87.11080750701092
2021/2022,Michoacán de Ocampo,Hombres,16,94.40218784719237
2020/2021,Michoacán de Ocampo,Hombres,16,93.39392409324256
2019/2020,Michoacán de Ocampo,Hombres,16,92.94626518050244
2018/2019,Michoacán de Ocampo,Hombres,16,92.05205860685948
2017/2018,Michoacán de Ocampo,Hombres,16,91.2434036939315
2016/2017,Michoacán de Ocampo,Hombres,16,90.1090028259992
2015/2016,Michoacán de Ocampo,Hombres,16,89.45208785903925
2014/2015,Michoacán de Ocampo,Hombres,16,87.97437560817396
2013/2014,Michoacán de Ocampo,Hombres,16,87.12632192522305
2012/2013,Michoacán de Ocampo,Hombres,16,86.46223538635782
2021/2022,Michoacán de Ocampo,Mujeres,16,92.91903010658838
2020/2021,Michoacán de Ocampo,Mujeres,16,93.0326594090202
2019/2020,Michoacán de Ocampo,Mujeres,16,92.79501573006002
2018/2019,Michoacán de Ocampo,Mujeres,16,92.13832642107812
2017/2018,Michoacán de Ocampo,Mujeres,16,92.08792562034373
2016/2017,Michoacán de Ocampo,Mujeres,16,91.11471082313425
2015/2016,Michoacán de Ocampo,Mujeres,16,90.97780443911206
2014/2015,Michoacán de Ocampo,Mujeres,16,89.77123793637539
2013/2014,Michoacán de Ocampo,Mujeres,16,88.86498117267361
2012/2013,Michoacán de Ocampo,Mujeres,16,87.5665748393021
2021/2022,Morelos,Total,17,91.19798536994854
2020/2021,Morelos,Total,17,90.29301820812726
2019/2020,Morelos,Total,17,87.5103882227233
2018/2019,Morelos,Total,17,87.83977110157373
2017/2018,Morelos,Total,17,88.19478008699845
2016/2017,Morelos,Total,17,87.8567091681847
2015/2016,Morelos,Total,17,91.07834562039233
2014/2015,Morelos,Total,17,90.60225846925988
2013/2014,Morelos,Total,17,89.7230691056909
2012/2013,Morelos,Total,17,90.4182509505701
2021/2022,Morelos,Hombres,17,92.5788497217071
2020/2021,Morelos,Hombres,17,92.36408063530868
2019/2020,Morelos,Hombres,17,88.89552238805975
2018/2019,Morelos,Hombres,17,89.31572629051634
2017/2018,Morelos,Hombres,17,89.62040332147082
2016/2017,Morelos,Hombres,17,90.07009345794371
2015/2016,Morelos,Hombres,17,91.55807365439072
2014/2015,Morelos,Hombres,17,90.55745164960172
2013/2014,Morelos,Hombres,17,89.93288590604048
2012/2013,Morelos,Hombres,17,91.13573407202234
2021/2022,Morelos,Mujeres,17,90.86581374590908
2020/2021,Morelos,Mujeres,17,89.78365384615374
2019/2020,Morelos,Mujeres,17,87.16656787196193
2018/2019,Morelos,Mujeres,17,87.4739660815232
2017/2018,Morelos,Mujeres,17,87.83004552352035
2016/2017,Morelos,Mujeres,17,87.27579334661988
2015/2016,Morelos,Mujeres,17,90.9426098108367
2014/2015,Morelos,Mujeres,17,90.61493882807488
2013/2014,Morelos,Mujeres,17,89.66140696909925
2012/2013,Morelos,Mujeres,17,90.20542317173384
2021/2022,Nayarit,Total,18,93.24370906583924
2020/2021,Nayarit,Total,18,92.7473666033499
2019/2020,Nayarit,Total,18,92.93552812071344
2018/2019,Nayarit,Total,18,92.79945007733292
2017/2018,Nayarit,Total,18,91.33159268929504
2016/2017,Nayarit,Total,18,91.44460028050509
2015/2016,Nayarit,Total,18,91.3051054190625
2014/2015,Nayarit,Total,18,89.55908289241601
2013/2014,Nayarit,Total,18,88.7758743754459
2012/2013,Nayarit,Total,18,88.55043898942854
2021/2022,Nayarit,Hombres,18,93.07196562835648
2020/2021,Nayarit,Hombres,18,92.1148825065272
2019/2020,Nayarit,Hombres,18,92.00201207243477
2018/2019,Nayarit,Hombres,18,91.87279151943454
2017/2018,Nayarit,Hombres,18,90.30792529025724
2016/2017,Nayarit,Hombres,18,88.68371212121203
2015/2016,Nayarit,Hombres,18,89.21845574387952
2014/2015,Nayarit,Hombres,18,85.90760615958952
2013/2014,Nayarit,Hombres,18,85.99815157116431
2012/2013,Nayarit,Hombres,18,86.10467809170932
2021/2022,Nayarit,Mujeres,18,93.32487309644657
2020/2021,Nayarit,Mujeres,18,93.05985552115584
2019/2020,Nayarit,Mujeres,18,93.41831425598322
2018/2019,Nayarit,Mujeres,18,93.27774882751446
2017/2018,Nayarit,Mujeres,18,91.87035069075448
2016/2017,Nayarit,Mujeres,18,93.06792873051212
2015/2016,Nayarit,Mujeres,18,92.53112033195016
2014/2015,Nayarit,Mujeres,18,91.77771477176069
2013/2014,Nayarit,Mujeres,18,90.5232558139536
2012/2013,Nayarit,Mujeres,18,90.0935125657508
2021/2022,Nuevo León,Total,19,89.72652358960424
2020/2021,Nuevo León,Total,19,89.33783783783782
2019/2020,Nuevo León,Total,19,89.18234600777036
2018/2019,Nuevo León,Total,19,88.29763938159691
2017/2018,Nuevo León,Total,19,87.72509135737229
2016/2017,Nuevo León,Total,19,87.19936218275257
2015/2016,Nuevo León,Total,19,87.39136248161529
2014/2015,Nuevo León,Total,19,86.45529258544043
2013/2014,Nuevo León,Total,19,86.11626328884869
2012/2013,Nuevo León,Total,19,86.28607165192513
2021/2022,Nuevo León,Hombres,19,90.51004087435588
2020/2021,Nuevo León,Hombres,19,89.7641921397378
2019/2020,Nuevo León,Hombres,19,89.56318772924334
2018/2019,Nuevo León,Hombres,19,89.18027379185214
2017/2018,Nuevo León,Hombres,19,88.40673575129533
2016/2017,Nuevo León,Hombres,19,86.82121308351834
2015/2016,Nuevo León,Hombres,19,87.06924315619963
2014/2015,Nuevo León,Hombres,19,86.96343402225762
2013/2014,Nuevo León,Hombres,19,86.29146360635116
2012/2013,Nuevo León,Hombres,19,86.17797794688634
2021/2022,Nuevo León,Mujeres,19,89.45865483929794
2020/2021,Nuevo León,Mujeres,19,89.18968133535655
2019/2020,Nuevo León,Mujeres,19,89.04725294222027
2018/2019,Nuevo León,Mujeres,19,87.97853309481238
2017/2018,Nuevo León,Mujeres,19,87.47052065066232
2016/2017,Nuevo León,Mujeres,19,87.34566005282863
2015/2016,Nuevo León,Mujeres,19,87.51463610032641
2014/2015,Nuevo León,Mujeres,19,86.25524191024604
2013/2014,Nuevo León,Mujeres,19,86.0454776422764
2012/2013,Nuevo León,Mujeres,19,86.3297171881859
2021/2022,Oaxaca,Total,20,74.92496485695841
2020/2021,Oaxaca,Total,20,78.18027085029222
2019/2020,Oaxaca,Total,20,79.93871598922
2018/2019,Oaxaca,Total,20,57.442045208348446
2017/2018,Oaxaca,Total,20,55.76482753526852
2016/2017,Oaxaca,Total,20,53.74393511478026
2015/2016,Oaxaca,Total,20,52.02014750854477
2014/2015,Oaxaca,Total,20,49.89209554116835
2013/2014,Oaxaca,Total,20,51.28291568341019
2012/2013,Oaxaca,Total,20,49.804879827856645
2021/2022,Oaxaca,Hombres,20,61.33909287257028
2020/2021,Oaxaca,Hombres,20,55.58388577256489
2019/2020,Oaxaca,Hombres,20,53.72841444270029
2018/2019,Oaxaca,Hombres,20,51.17173196631277
2017/2018,Oaxaca,Hombres,20,49.77798334875116
2016/2017,Oaxaca,Hombres,20,48.10103743797935
2015/2016,Oaxaca,Hombres,20,45.65953654188952
2014/2015,Oaxaca,Hombres,20,43.18387271741092
2013/2014,Oaxaca,Hombres,20,44.72472841097409
2012/2013,Oaxaca,Hombres,20,43.51868406937235
2021/2022,Oaxaca,Mujeres,20,79.79459124690341
2020/2021,Oaxaca,Mujeres,20,84.46767251572605
2019/2020,Oaxaca,Mujeres,20,86.01245964258119
2018/2019,Oaxaca,Mujeres,20,61.52653548002394
2017/2018,Oaxaca,Mujeres,20,59.74305384804508
2016/2017,Oaxaca,Mujeres,20,57.52736950341749
2015/2016,Oaxaca,Mujeres,20,56.32579185520355
2014/2015,Oaxaca,Mujeres,20,54.45106592123852
2013/2014,Oaxaca,Mujeres,20,55.78149668455963
2012/2013,Oaxaca,Mujeres,20,54.13663524918389
2021/2022,Puebla,Total,21,91.72714078374466
2020/2021,Puebla,Total,21,91.54168959823866
2019/2020,Puebla,Total,21,90.50304148725314
2018/2019,Puebla,Total,21,89.44244295762589
2017/2018,Puebla,Total,21,88.10309278350537
2016/2017,Puebla,Total,21,87.24720849033773
2015/2016,Puebla,Total,21,87.91918204976108
2014/2015,Puebla,Total,21,85.90314549216241
2013/2014,Puebla,Total,21,85.65047655892816
2012/2013,Puebla,Total,21,84.44012716354642
2021/2022,Puebla,Hombres,21,90.21724279273091
2020/2021,Puebla,Hombres,21,88.75677103976723
2019/2020,Puebla,Hombres,21,88.25126017836372
2018/2019,Puebla,Hombres,21,86.36535790935508
2017/2018,Puebla,Hombres,21,85.5334767750919
2016/2017,Puebla,Hombres,21,84.05541561712857
2015/2016,Puebla,Hombres,21,84.02344247674844
2014/2015,Puebla,Hombres,21,81.7388003037206
2013/2014,Puebla,Hombres,21,81.19842579662323
2012/2013,Puebla,Hombres,21,78.97196261682252
2021/2022,Puebla,Mujeres,21,92.23830889495362
2020/2021,Puebla,Mujeres,21,92.52197367809111
2019/2020,Puebla,Mujeres,21,91.31242740998827
2018/2019,Puebla,Mujeres,21,90.59084055785917
2017/2018,Puebla,Mujeres,21,89.06080475494129
2016/2017,Puebla,Mujeres,21,88.45475770715183
2015/2016,Puebla,Mujeres,21,89.38869665513265
2014/2015,Puebla,Mujeres,21,87.49939364540364
2013/2014,Puebla,Mujeres,21,87.35648958941421
2012/2013,Puebla,Mujeres,21,86.5633581796785
2021/2022,Querétaro,Total,22,91.40927709509565
2020/2021,Querétaro,Total,22,90.81021087680352
2019/2020,Querétaro,Total,22,90.72129650764688
2018/2019,Querétaro,Total,22,90.28597892786831
2017/2018,Querétaro,Total,22,90.2484327838404
2016/2017,Querétaro,Total,22,89.85250737463137
2015/2016,Querétaro,Total,22,88.46245530393334
2014/2015,Querétaro,Total,22,87.04657009457692
2013/2014,Querétaro,Total,22,86.17572616608412
2012/2013,Querétaro,Total,22,85.24197412553917
2021/2022,Querétaro,Hombres,22,92.3207227555054
2020/2021,Querétaro,Hombres,22,89.8984500267235
2019/2020,Querétaro,Hombres,22,87.52665245202547
2018/2019,Querétaro,Hombres,22,85.81743166580715
2017/2018,Querétaro,Hombres,22,87.47504990019968
2016/2017,Querétaro,Hombres,22,86.01364522417138
2015/2016,Querétaro,Hombres,22,83.77862595419846
2014/2015,Querétaro,Hombres,22,81.38347260909923
2013/2014,Querétaro,Hombres,22,80.85205992509346
2012/2013,Querétaro,Hombres,22,79.59641255605382
2021/2022,Querétaro,Mujeres,22,91.18700082621882
2020/2021,Querétaro,Mujeres,22,91.04916654993704
2019/2020,Querétaro,Mujeres,22,91.59163520185884
2018/2019,Querétaro,Mujeres,22,91.57957599283344
2017/2018,Querétaro,Mujeres,22,91.08925869894117
2016/2017,Querétaro,Mujeres,22,91.07893507706662
2015/2016,Querétaro,Mujeres,22,90.0222434064187
2014/2015,Querétaro,Mujeres,22,89.01435715437951
2013/2014,Querétaro,Mujeres,22,88.02142509332899
2012/2013,Querétaro,Mujeres,22,87.29977116704802
2021/2022,Quintana Roo,Total,23,96.37007525453738
2020/2021,Quintana Roo,Total,23,95.36639526276844
2019/2020,Quintana Roo,Total,23,95.62140645731964
2018/2019,Quintana Roo,Total,23,94.78587528174288
2017/2018,Quintana Roo,Total,23,94.69720740508288
2016/2017,Quintana Roo,Total,23,93.26599326599349
2015/2016,Quintana Roo,Total,23,92.50129288053776
2014/2015,Quintana Roo,Total,23,93.30879892940771
2013/2014,Quintana Roo,Total,23,93.3433433433433
2012/2013,Quintana Roo,Total,23,92.4829536005322
2021/2022,Quintana Roo,Hombres,23,96.13391789557564
2020/2021,Quintana Roo,Hombres,23,95.3296703296704
2019/2020,Quintana Roo,Hombres,23,95.42659492697928
2018/2019,Quintana Roo,Hombres,23,95.10679611650464
2017/2018,Quintana Roo,Hombres,23,94.54403741231496
2016/2017,Quintana Roo,Hombres,23,93.5418359057676
2015/2016,Quintana Roo,Hombres,23,92.29514879739128
2014/2015,Quintana Roo,Hombres,23,93.48927875243676
2013/2014,Quintana Roo,Hombres,23,93.34359368988056
2012/2013,Quintana Roo,Hombres,23,92.83548142532214
2021/2022,Quintana Roo,Mujeres,23,96.50890346766624
2020/2021,Quintana Roo,Mujeres,23,95.3886379843117
2019/2020,Quintana Roo,Mujeres,23,95.74264530016748
2018/2019,Quintana Roo,Mujeres,23,94.5833333333334
2017/2018,Quintana Roo,Mujeres,23,94.80042016806703
2016/2017,Quintana Roo,Mujeres,23,93.07073030477294
2015/2016,Quintana Roo,Mujeres,23,92.65232974910394
2014/2015,Quintana Roo,Mujeres,23,93.17316144154704
2013/2014,Quintana Roo,Mujeres,23,93.34315169366712
2012/2013,Quintana Roo,Mujeres,23,92.20740740740747
2021/2022,San Luis Potosí,Total,24,84.86956521739135
2020/2021,San Luis Potosí,Total,24,84.69295500382509
2019/2020,San Luis Potosí,Total,24,84.5431789737171
2018/2019,San Luis Potosí,Total,24,83.16098378982677
2017/2018,San Luis Potosí,Total,24,82.11550403643139
2016/2017,San Luis Potosí,Total,24,80.88295408093762
2015/2016,San Luis Potosí,Total,24,78.91305839566307
2014/2015,San Luis Potosí,Total,24,78.2126412724991
2013/2014,San Luis Potosí,Total,24,75.90528283597612
2012/2013,San Luis Potosí,Total,24,76.5102054841591
2021/2022,San Luis Potosí,Hombres,24,87.15496631167129
2020/2021,San Luis Potosí,Hombres,24,84.25809163514097
2019/2020,San Luis Potosí,Hombres,24,83.40946843853818
2018/2019,San Luis Potosí,Hombres,24,81.68155970755471
2017/2018,San Luis Potosí,Hombres,24,81.12944919467081
2016/2017,San Luis Potosí,Hombres,24,79.05392620624407
2015/2016,San Luis Potosí,Hombres,24,76.46946927905634
2014/2015,San Luis Potosí,Hombres,24,76.25329815303424
2013/2014,San Luis Potosí,Hombres,24,74.74093264248705
2012/2013,San Luis Potosí,Hombres,24,74.97741644083104
2021/2022,San Luis Potosí,Mujeres,24,83.7937384898711
2020/2021,San Luis Potosí,Mujeres,24,84.90801371998732
2019/2020,San Luis Potosí,Mujeres,24,85.1139452226635
2018/2019,San Luis Potosí,Mujeres,24,83.93694077545824
2017/2018,San Luis Potosí,Mujeres,24,82.63947590870688
2016/2017,San Luis Potosí,Mujeres,24,81.9120621739592
2015/2016,San Luis Potosí,Mujeres,24,80.29197080291972
2014/2015,San Luis Potosí,Mujeres,24,79.36420026583977
2013/2014,San Luis Potosí,Mujeres,24,76.60139395950868
2012/2013,San Luis Potosí,Mujeres,24,77.45119787045238
2021/2022,Sinaloa,Total,25,95.6200317965025
2020/2021,Sinaloa,Total,25,95.31449553001272
2019/2020,Sinaloa,Total,25,94.85340479192932
2018/2019,Sinaloa,Total,25,94.25369575584178
2017/2018,Sinaloa,Total,25,93.11511527264152
2016/2017,Sinaloa,Total,25,91.85606060606057
2015/2016,Sinaloa,Total,25,91.60641307764853
2014/2015,Sinaloa,Total,25,90.65690017922516
2013/2014,Sinaloa,Total,25,90.2854511970533
2012/2013,Sinaloa,Total,25,89.36950706916303
2021/2022,Sinaloa,Hombres,25,97.59737895886428
2020/2021,Sinaloa,Hombres,25,95.47353760445682
2019/2020,Sinaloa,Hombres,25,94.16553595658098
2018/2019,Sinaloa,Hombres,25,92.92297564186988
2017/2018,Sinaloa,Hombres,25,91.83107274969184
2016/2017,Sinaloa,Hombres,25,90.5528554070474
2015/2016,Sinaloa,Hombres,25,89.69893742621024
2014/2015,Sinaloa,Hombres,25,87.9897785349234
2013/2014,Sinaloa,Hombres,25,87.95214245965506
2012/2013,Sinaloa,Hombres,25,87.02760653980167
2021/2022,Sinaloa,Mujeres,25,95.0676294111666
2020/2021,Sinaloa,Mujeres,25,95.26719138359596
2019/2020,Sinaloa,Mujeres,25,95.06160164271036
2018/2019,Sinaloa,Mujeres,25,94.6772841575858
2017/2018,Sinaloa,Mujeres,25,93.5552033808768
2016/2017,Sinaloa,Mujeres,25,92.313432835821
2015/2016,Sinaloa,Mujeres,25,92.29862896315348
2014/2015,Sinaloa,Mujeres,25,91.66577166791996
2013/2014,Sinaloa,Mujeres,25,91.17397753761374
2012/2013,Sinaloa,Mujeres,25,90.30361342741048
2021/2022,Sonora,Total,26,95.96420128335014
2020/2021,Sonora,Total,26,95.8176809416478
2019/2020,Sonora,Total,26,95.27254789114524
2018/2019,Sonora,Total,26,95.2135070895826
2017/2018,Sonora,Total,26,93.52646059232886
2016/2017,Sonora,Total,26,92.24911830714947
2015/2016,Sonora,Total,26,92.12535793827554
2014/2015,Sonora,Total,26,90.1610727604541
2013/2014,Sonora,Total,26,88.68044515103361
2012/2013,Sonora,Total,26,88.62987263604789
2021/2022,Sonora,Hombres,26,96.7797443461162
2020/2021,Sonora,Hombres,26,96.40746868352647
2019/2020,Sonora,Hombres,26,96.0291353383456
2018/2019,Sonora,Hombres,26,95.92015792937066
2017/2018,Sonora,Hombres,26,94.43281707827552
2016/2017,Sonora,Hombres,26,92.9518907147102
2015/2016,Sonora,Hombres,26,92.12249614792005
2014/2015,Sonora,Hombres,26,90.40937920430524
2013/2014,Sonora,Hombres,26,89.34315055221852
2012/2013,Sonora,Hombres,26,89.6769402153732
2021/2022,Sonora,Mujeres,26,95.53755144032937
2020/2021,Sonora,Mujeres,26,95.49561177077943
2019/2020,Sonora,Mujeres,26,94.86530921967874
2018/2019,Sonora,Mujeres,26,94.79193928291
2017/2018,Sonora,Mujeres,26,92.95514511873328
2016/2017,Sonora,Mujeres,26,91.77104377104362
2015/2016,Sonora,Mujeres,26,92.12737127371288
2014/2015,Sonora,Mujeres,26,89.98648648648664
2013/2014,Sonora,Mujeres,26,88.21943658174975
2012/2013,Sonora,Mujeres,26,87.88479323556585
2021/2022,Tabasco,Total,27,95.9130934150076
2020/2021,Tabasco,Total,27,96.05566218809994
2019/2020,Tabasco,Total,27,95.52581261950276
2018/2019,Tabasco,Total,27,95.66876550276668
2017/2018,Tabasco,Total,27,94.64217738865608
2016/2017,Tabasco,Total,27,94.44231506324272
2015/2016,Tabasco,Total,27,93.25799285231352
2014/2015,Tabasco,Total,27,92.08936619043033
2013/2014,Tabasco,Total,27,91.6771387143546
2012/2013,Tabasco,Total,27,91.49285438393218
2021/2022,Tabasco,Hombres,27,96.76949941792752
2020/2021,Tabasco,Hombres,27,94.34225195094768
2019/2020,Tabasco,Hombres,27,94.26751592356712
2018/2019,Tabasco,Hombres,27,94.0145591803721
2017/2018,Tabasco,Hombres,27,93.06588735387896
2016/2017,Tabasco,Hombres,27,92.8496868475994
2015/2016,Tabasco,Hombres,27,91.4583333333334
2014/2015,Tabasco,Hombres,27,90.3250188964473
2013/2014,Tabasco,Hombres,27,89.87341772151917
2012/2013,Tabasco,Hombres,27,89.9481353420597
2021/2022,Tabasco,Mujeres,27,95.49343981745562
2020/2021,Tabasco,Mujeres,27,96.95550351288084
2019/2020,Tabasco,Mujeres,27,96.1892247043362
2018/2019,Tabasco,Mujeres,27,96.57463457847358
2017/2018,Tabasco,Mujeres,27,95.5219454329776
2016/2017,Tabasco,Mujeres,27,95.36644457904308
2015/2016,Tabasco,Mujeres,27,94.31905419929356
2014/2015,Tabasco,Mujeres,27,93.17337461300303
2013/2014,Tabasco,Mujeres,27,92.79124315871752
2012/2013,Tabasco,Mujeres,27,92.48454098620589
2021/2022,Tamaulipas,Total,28,94.23768677365824
2020/2021,Tamaulipas,Total,28,93.93560921454326
2019/2020,Tamaulipas,Total,28,93.51071181755349
2018/2019,Tamaulipas,Total,28,93.32236391059934
2017/2018,Tamaulipas,Total,28,92.67173481268402
2016/2017,Tamaulipas,Total,28,92.30135292905705
2015/2016,Tamaulipas,Total,28,91.47286821705411
2014/2015,Tamaulipas,Total,28,90.85115131578952
2013/2014,Tamaulipas,Total,28,89.01423583131874
2012/2013,Tamaulipas,Total,28,87.75672452630171
2021/2022,Tamaulipas,Hombres,28,96.62352279122145
2020/2021,Tamaulipas,Hombres,28,95.60141189247904
2019/2020,Tamaulipas,Hombres,28,95.1361353423211
2018/2019,Tamaulipas,Hombres,28,94.65906144672032
2017/2018,Tamaulipas,Hombres,28,94.38685208596694
2016/2017,Tamaulipas,Hombres,28,92.97983569828232
2015/2016,Tamaulipas,Hombres,28,91.77982541222094
2014/2015,Tamaulipas,Hombres,28,90.8243727598565
2013/2014,Tamaulipas,Hombres,28,89.19166475841537
2012/2013,Tamaulipas,Hombres,28,88.19196428571429
2021/2022,Tamaulipas,Mujeres,28,93.4599156118146
2020/2021,Tamaulipas,Mujeres,28,93.36378040823924
2019/2020,Tamaulipas,Mujeres,28,92.9353420043044
2018/2019,Tamaulipas,Mujeres,28,92.84183055270778
2017/2018,Tamaulipas,Mujeres,28,92.03456697351118
2016/2017,Tamaulipas,Mujeres,28,92.04286798179056
2015/2016,Tamaulipas,Mujeres,28,91.35176504352802
2014/2015,Tamaulipas,Mujeres,28,90.86191986163182
2013/2014,Tamaulipas,Mujeres,28,88.94061757719702
2012/2013,Tamaulipas,Mujeres,28,87.57301677030344
2021/2022,Tlaxcala,Total,29,92.0310179838308
2020/2021,Tlaxcala,Total,29,91.55115511551163
2019/2020,Tlaxcala,Total,29,91.73594132029342
2018/2019,Tlaxcala,Total,29,89.77198697068395
2017/2018,Tlaxcala,Total,29,89.22624877571015
2016/2017,Tlaxcala,Total,29,88.43770384866252
2015/2016,Tlaxcala,Total,29,87.7597402597403
2014/2015,Tlaxcala,Total,29,87.12145880820573
2013/2014,Tlaxcala,Total,29,86.11656843483975
2012/2013,Tlaxcala,Total,29,86.11293499671707
2021/2022,Tlaxcala,Hombres,29,89.75136446331094
2020/2021,Tlaxcala,Hombres,29,87.83542039355974
2019/2020,Tlaxcala,Hombres,29,88.24221046443263
2018/2019,Tlaxcala,Hombres,29,86.49112764739567
2017/2018,Tlaxcala,Hombres,29,85.11837655016896
2016/2017,Tlaxcala,Hombres,29,84.6632710809281
2015/2016,Tlaxcala,Hombres,29,83.04613674263477
2014/2015,Tlaxcala,Hombres,29,81.27753303964766
2013/2014,Tlaxcala,Hombres,29,80.7007786429367
2012/2013,Tlaxcala,Hombres,29,81.4277746793085
2021/2022,Tlaxcala,Mujeres,29,92.88304623753372
2020/2021,Tlaxcala,Mujeres,29,92.97284964636113
2019/2020,Tlaxcala,Mujeres,29,93.0762291384756
2018/2019,Tlaxcala,Mujeres,29,91.07671295242454
2017/2018,Tlaxcala,Mujeres,29,90.90073529411764
2016/2017,Tlaxcala,Mujeres,29,89.96563573883161
2015/2016,Tlaxcala,Mujeres,29,89.70419628525578
2014/2015,Tlaxcala,Mujeres,29,89.57466481738321
2013/2014,Tlaxcala,Mujeres,29,88.37587006960544
2012/2013,Tlaxcala,Mujeres,29,88.06699232379637
2021/2022,Veracruz de Ignacio de la Llave,Total,30,84.53145057766396
2020/2021,Veracruz de Ignacio de la Llave,Total,30,83.31451844965345
2019/2020,Veracruz de Ignacio de la Llave,Total,30,82.26967528893765
2018/2019,Veracruz de Ignacio de la Llave,Total,30,80.24642551228845
2017/2018,Veracruz de Ignacio de la Llave,Total,30,77.75919732441454
2016/2017,Veracruz de Ignacio de la Llave,Total,30,75.408729726788
2015/2016,Veracruz de Ignacio de la Llave,Total,30,73.70827223324423
2014/2015,Veracruz de Ignacio de la Llave,Total,30,71.31182888438502
2013/2014,Veracruz de Ignacio de la Llave,Total,30,68.56734331332993
2012/2013,Veracruz de Ignacio de la Llave,Total,30,68.28803465078522
2021/2022,Veracruz de Ignacio de la Llave,Hombres,30,79.94296577946788
2020/2021,Veracruz de Ignacio de la Llave,Hombres,30,77.8013807753585
2019/2020,Veracruz de Ignacio de la Llave,Hombres,30,76.80355160932305
2018/2019,Veracruz de Ignacio de la Llave,Hombres,30,74.39866939611055
2017/2018,Veracruz de Ignacio de la Llave,Hombres,30,72.15728624063014
2016/2017,Veracruz de Ignacio de la Llave,Hombres,30,69.80511571254563
2015/2016,Veracruz de Ignacio de la Llave,Hombres,30,68.06848903574632
2014/2015,Veracruz de Ignacio de la Llave,Hombres,30,65.62946216087583
2013/2014,Veracruz de Ignacio de la Llave,Hombres,30,63.11807458596462
2012/2013,Veracruz de Ignacio de la Llave,Hombres,30,63.01369863013685
2021/2022,Veracruz de Ignacio de la Llave,Mujeres,30,86.75050896433987
2020/2021,Veracruz de Ignacio de la Llave,Mujeres,30,86.0724603991632
2019/2020,Veracruz de Ignacio de la Llave,Mujeres,30,85.05048492095126
2018/2019,Veracruz de Ignacio de la Llave,Mujeres,30,83.30378942439533
2017/2018,Veracruz de Ignacio de la Llave,Mujeres,30,80.72779909782547
2016/2017,Veracruz de Ignacio de la Llave,Mujeres,30,78.52617313230559
2015/2016,Veracruz de Ignacio de la Llave,Mujeres,30,76.86614861910051
2014/2015,Veracruz de Ignacio de la Llave,Mujeres,30,74.54176530267169
2013/2014,Veracruz de Ignacio de la Llave,Mujeres,30,71.68147618561242
2012/2013,Veracruz de Ignacio de la Llave,Mujeres,30,71.3223253275109
2021/2022,Yucatán,Total,31,96.55747965783436
2020/2021,Yucatán,Total,31,96.42029901031808
2019/2020,Yucatán,Total,31,96.13288618738213
2018/2019,Yucatán,Total,31,95.960131481285
2017/2018,Yucatán,Total,31,96.07927155865032
2016/2017,Yucatán,Total,31,95.03439380911428
2015/2016,Yucatán,Total,31,95.57207498383995
2014/2015,Yucatán,Total,31,94.80824698216016
2013/2014,Yucatán,Total,31,94.17855256207078
2012/2013,Yucatán,Total,31,94.02386231654536
2021/2022,Yucatán,Hombres,31,97.19311377245504
2020/2021,Yucatán,Hombres,31,95.31590413943373
2019/2020,Yucatán,Hombres,31,95.45622460288163
2018/2019,Yucatán,Hombres,31,95.28163862472562
2017/2018,Yucatán,Hombres,31,95.7299270072994
2016/2017,Yucatán,Hombres,31,94.0740740740742
2015/2016,Yucatán,Hombres,31,94.08702119747116
2014/2015,Yucatán,Hombres,31,93.18181818181806
2013/2014,Yucatán,Hombres,31,92.20588235294107
2012/2013,Yucatán,Hombres,31,91.49981110691326
2021/2022,Yucatán,Mujeres,31,96.31183106739974
2020/2021,Yucatán,Mujeres,31,96.87129300118616
2019/2020,Yucatán,Mujeres,31,96.40087783467436
2018/2019,Yucatán,Mujeres,31,96.2371210989998
2017/2018,Yucatán,Mujeres,31,96.2244124336618
2016/2017,Yucatán,Mujeres,31,95.42701393095074
2015/2016,Yucatán,Mujeres,31,96.17776429546512
2014/2015,Yucatán,Mujeres,31,95.4771596562641
2013/2014,Yucatán,Mujeres,31,94.9740548554486
2012/2013,Yucatán,Mujeres,31,95.0029308323562
2021/2022,Zacatecas,Total,32,95.1420823016155
2020/2021,Zacatecas,Total,32,94.71520845566674
2019/2020,Zacatecas,Total,32,94.46858485026436
2018/2019,Zacatecas,Total,32,94.04200094384151
2017/2018,Zacatecas,Total,32,93.15833234350856
2016/2017,Zacatecas,Total,32,92.6435406698565
2015/2016,Zacatecas,Total,32,92.42841739547124
2014/2015,Zacatecas,Total,32,91.08175061932292
2013/2014,Zacatecas,Total,32,90.14133862866468
2012/2013,Zacatecas,Total,32,89.91940061300924
2021/2022,Zacatecas,Hombres,32,97.82435659326076
2020/2021,Zacatecas,Hombres,32,96.08150470219456
2019/2020,Zacatecas,Hombres,32,96.9287794545938
2018/2019,Zacatecas,Hombres,32,95.59357179885954
2017/2018,Zacatecas,Hombres,32,94.90445859872618
2016/2017,Zacatecas,Hombres,32,93.76832844574773
2015/2016,Zacatecas,Hombres,32,93.21299638989152
2014/2015,Zacatecas,Hombres,32,92.00187090739016
2013/2014,Zacatecas,Hombres,32,91.43121815655404
2012/2013,Zacatecas,Hombres,32,88.39791031780605
2021/2022,Zacatecas,Mujeres,32,92.99660441426153
2020/2021,Zacatecas,Mujeres,32,93.59931726050792
2019/2020,Zacatecas,Mujeres,32,92.50738708315774
2018/2019,Zacatecas,Mujeres,32,92.7457773928108
2017/2018,Zacatecas,Mujeres,32,91.63328882955052
2016/2017,Zacatecas,Mujeres,32,91.5651358950327
2015/2016,Zacatecas,Mujeres,32,91.6507633587788
2014/2015,Zacatecas,Mujeres,32,90.14520352297052
2013/2014,Zacatecas,Mujeres,32,88.82865896771168
2012/2013,Zacatecas,Mujeres,32,91.57769869513636
