Year,Entidad federativa,Sexo,GeoCode,Value
2021,Estados Unidos Mexicanos,Total,0,71.25527004000004
2019,Estados Unidos Mexicanos,Total,0,68.17105598000012
2017,Estados Unidos Mexicanos,Total,0,66.74826646000014
2015,Estados Unidos Mexicanos,Total,0,61.01191073999986
2013,Estados Unidos Mexicanos,Total,0,62.00299885000003
2021,Estados Unidos Mexicanos,Hombres,0,71.39652942999986
2019,Estados Unidos Mexicanos,Hombres,0,68.28294711000012
2017,Estados Unidos Mexicanos,Hombres,0,66.40743621
2015,Estados Unidos Mexicanos,Hombres,0,60.3324811100001
2013,Estados Unidos Mexicanos,Hombres,0,62.61441471000011
2021,Estados Unidos Mexicanos,Mujeres,0,71.14969734999983
2019,Estados Unidos Mexicanos,Mujeres,0,68.08518449999993
2017,Estados Unidos Mexicanos,Mujeres,0,67.00311651999988
2015,Estados Unidos Mexicanos,Mujeres,0,61.18979111000019
2013,Estados Unidos Mexicanos,Mujeres,0,61.55190410999987
2021,Aguascalientes,Total,1,74.07643534000007
2019,Aguascalientes,Total,1,75.63671390000006
2017,Aguascalientes,Total,1,68.01632125000009
2015,Aguascalientes,Total,1,67.85773161999992
2013,Aguascalientes,Total,1,68.41669378999998
2021,Aguascalientes,Hombres,1,71.28009015000016
2019,Aguascalientes,Hombres,1,74.5541855
2017,Aguascalientes,Hombres,1,68.26324081999992
2015,Aguascalientes,Hombres,1,73.45345894999993
2013,Aguascalientes,Hombres,1,70.69371526000013
2021,Aguascalientes,Mujeres,1,76.06407907999997
2019,Aguascalientes,Mujeres,1,76.49806512000015
2017,Aguascalientes,Mujeres,1,67.84432906999992
2015,Aguascalientes,Mujeres,1,66.71997917000022
2013,Aguascalientes,Mujeres,1,66.72035085999983
2021,Baja California,Total,2,56.265232650000094
2019,Baja California,Total,2,70.34005375000011
2017,Baja California,Total,2,76.8844868300001
2015,Baja California,Total,2,67.77768471000013
2013,Baja California,Total,2,73.25129371000001
2021,Baja California,Hombres,2,55.21143616999988
2019,Baja California,Hombres,2,68.27026451999993
2017,Baja California,Hombres,2,75.39276864000016
2015,Baja California,Hombres,2,74.28596634000013
2013,Baja California,Hombres,2,70.37756377999999
2021,Baja California,Mujeres,2,57.33790552000008
2019,Baja California,Mujeres,2,71.89723091000003
2017,Baja California,Mujeres,2,78.1084249699999
2015,Baja California,Mujeres,2,66.55424174000012
2013,Baja California,Mujeres,2,75.6364499
2021,Baja California Sur,Total,3,73.39198580999988
2019,Baja California Sur,Total,3,84.22444572000005
2017,Baja California Sur,Total,3,78.56848250000003
2015,Baja California Sur,Total,3,72.42041391000015
2013,Baja California Sur,Total,3,74.62453904999997
2021,Baja California Sur,Hombres,3,72.17626202999983
2019,Baja California Sur,Hombres,3,84.8456718500001
2017,Baja California Sur,Hombres,3,80.01580715000013
2015,Baja California Sur,Hombres,3,75.61566638000008
2013,Baja California Sur,Hombres,3,70.54220850999992
2021,Baja California Sur,Mujeres,3,74.33907668000012
2019,Baja California Sur,Mujeres,3,83.73001214000018
2017,Baja California Sur,Mujeres,3,77.59785863999986
2015,Baja California Sur,Mujeres,3,71.29726838999987
2013,Baja California Sur,Mujeres,3,78.05043468000002
2021,Campeche,Total,4,72.29944093000002
2019,Campeche,Total,4,77.8279800500002
2017,Campeche,Total,4,79.46594394000017
2015,Campeche,Total,4,67.89305093999992
2013,Campeche,Total,4,66.22904781000013
2021,Campeche,Hombres,4,68.8785681400002
2019,Campeche,Hombres,4,83.10480568999994
2017,Campeche,Hombres,4,77.17457703999999
2015,Campeche,Hombres,4,71.4888996099999
2013,Campeche,Hombres,4,71.01213801
2021,Campeche,Mujeres,4,74.72575281999994
2019,Campeche,Mujeres,4,74.09862390000006
2017,Campeche,Mujeres,4,81.03564345999989
2015,Campeche,Mujeres,4,66.68646000999985
2013,Campeche,Mujeres,4,62.89195991999991
2021,Coahuila de Zaragoza,Total,5,72.87798382999989
2019,Coahuila de Zaragoza,Total,5,73.84819254
2017,Coahuila de Zaragoza,Total,5,71.91689570999999
2015,Coahuila de Zaragoza,Total,5,70.61814897000012
2013,Coahuila de Zaragoza,Total,5,77.32886709000009
2021,Coahuila de Zaragoza,Hombres,5,72.70768138000011
2019,Coahuila de Zaragoza,Hombres,5,75.04089422000003
2017,Coahuila de Zaragoza,Hombres,5,70.97243056000003
2015,Coahuila de Zaragoza,Hombres,5,58.32220813000003
2013,Coahuila de Zaragoza,Hombres,5,83.04115749000013
2021,Coahuila de Zaragoza,Mujeres,5,73.02663821999988
2019,Coahuila de Zaragoza,Mujeres,5,73.02115205999989
2017,Coahuila de Zaragoza,Mujeres,5,72.69299381000013
2015,Coahuila de Zaragoza,Mujeres,5,72.23443320000001
2013,Coahuila de Zaragoza,Mujeres,5,73.73919171000007
2021,Colima,Total,6,79.18822882000008
2019,Colima,Total,6,80.57000705999981
2017,Colima,Total,6,78.66859191000002
2015,Colima,Total,6,72.80643634999984
2013,Colima,Total,6,71.9841846199999
2021,Colima,Hombres,6,79.36614657000001
2019,Colima,Hombres,6,77.90754397999991
2017,Colima,Hombres,6,79.47129981999996
2015,Colima,Hombres,6,72.92839122999993
2013,Colima,Hombres,6,72.57149670000015
2021,Colima,Mujeres,6,79.05305432000017
2019,Colima,Mujeres,6,82.4727257799999
2017,Colima,Mujeres,6,78.10325515000004
2015,Colima,Mujeres,6,72.78275939999996
2013,Colima,Mujeres,6,71.3314908800001
2021,Chiapas,Total,7,75.02757619000008
2019,Chiapas,Total,7,62.15887672999998
2017,Chiapas,Total,7,59.099366569999866
2015,Chiapas,Total,7,51.03983289999997
2013,Chiapas,Total,7,47.623317710000016
2021,Chiapas,Hombres,7,75.85614446
2019,Chiapas,Hombres,7,63.70582859000006
2017,Chiapas,Hombres,7,54.48593875000005
2015,Chiapas,Hombres,7,59.98702027000012
2013,Chiapas,Hombres,7,46.843472939999934
2021,Chiapas,Mujeres,7,74.33623033000002
2019,Chiapas,Mujeres,7,60.79838062
2017,Chiapas,Mujeres,7,62.5276739800001
2015,Chiapas,Mujeres,7,49.40361553000002
2013,Chiapas,Mujeres,7,48.24058452000006
2021,Chihuahua,Total,8,80.2623784700001
2019,Chihuahua,Total,8,77.71192412999999
2017,Chihuahua,Total,8,74.60952361000007
2015,Chihuahua,Total,8,62.2164994300001
2013,Chihuahua,Total,8,75.54660753999998
2021,Chihuahua,Hombres,8,81.40934514000018
2019,Chihuahua,Hombres,8,77.63284868000001
2017,Chihuahua,Hombres,8,74.48841164
2015,Chihuahua,Hombres,8,65.26254458000017
2013,Chihuahua,Hombres,8,80.91269841000016
2021,Chihuahua,Mujeres,8,79.29683637999992
2019,Chihuahua,Mujeres,8,77.75809682
2017,Chihuahua,Mujeres,8,74.71952196999999
2015,Chihuahua,Mujeres,8,61.35419461000014
2013,Chihuahua,Mujeres,8,70.75994041000008
2021,Ciudad de México,Total,9,68.00783020000011
2019,Ciudad de México,Total,9,59.35844869999988
2017,Ciudad de México,Total,9,59.3717704199999
2015,Ciudad de México,Total,9,59.50919749999983
2013,Ciudad de México,Total,9,54.914318189999925
2021,Ciudad de México,Hombres,9,66.6527283200001
2019,Ciudad de México,Hombres,9,59.02859607000008
2017,Ciudad de México,Hombres,9,60.62511415999985
2015,Ciudad de México,Hombres,9,64.19814227999997
2013,Ciudad de México,Hombres,9,53.395640329999935
2021,Ciudad de México,Mujeres,9,69.02302878000023
2019,Ciudad de México,Mujeres,9,59.62849313999985
2017,Ciudad de México,Mujeres,9,58.49547671999992
2015,Ciudad de México,Mujeres,9,58.11435056000008
2013,Ciudad de México,Mujeres,9,55.96816285000016
2021,Durango,Total,10,77.46632312000001
2019,Durango,Total,10,77.25516309999996
2017,Durango,Total,10,71.51055826999988
2015,Durango,Total,10,73.37958178000007
2013,Durango,Total,10,82.3905782600001
2021,Durango,Hombres,10,72.69212032999997
2019,Durango,Hombres,10,75.62400981999983
2017,Durango,Hombres,10,67.61879900999993
2015,Durango,Hombres,10,64.33651302
2013,Durango,Hombres,10,82.78817872000018
2021,Durango,Mujeres,10,81.30053469000012
2019,Durango,Mujeres,10,78.49455508000014
2017,Durango,Mujeres,10,74.43619236999989
2015,Durango,Mujeres,10,75.32993064000019
2013,Durango,Mujeres,10,82.02525781000007
2021,Guanajuato,Total,11,78.01054205999999
2019,Guanajuato,Total,11,70.21706575999998
2017,Guanajuato,Total,11,74.43032221999985
2015,Guanajuato,Total,11,65.82202959000004
2013,Guanajuato,Total,11,58.33027954000018
2021,Guanajuato,Hombres,11,71.61072631000008
2019,Guanajuato,Hombres,11,74.77826837
2017,Guanajuato,Hombres,11,75.08898127999984
2015,Guanajuato,Hombres,11,54.43110510000015
2013,Guanajuato,Hombres,11,55.54190793999992
2021,Guanajuato,Mujeres,11,82.75439505999998
2019,Guanajuato,Mujeres,11,65.56143942000011
2017,Guanajuato,Mujeres,11,73.97478497999992
2015,Guanajuato,Mujeres,11,68.5887300100001
2013,Guanajuato,Mujeres,11,60.29815012000012
2021,Guerrero,Total,12,67.25671441000013
2019,Guerrero,Total,12,63.59888308999985
2017,Guerrero,Total,12,63.59399775000014
2015,Guerrero,Total,12,53.56785407000005
2013,Guerrero,Total,12,49.05982373999996
2021,Guerrero,Hombres,12,65.75875486000018
2019,Guerrero,Hombres,12,67.58506474000018
2017,Guerrero,Hombres,12,62.72920056000015
2015,Guerrero,Hombres,12,51.93330055000002
2013,Guerrero,Hombres,12,39.27955775000007
2021,Guerrero,Mujeres,12,68.37907593999991
2019,Guerrero,Mujeres,12,60.830381529999855
2017,Guerrero,Mujeres,12,64.18569454000021
2015,Guerrero,Mujeres,12,53.94087748000011
2013,Guerrero,Mujeres,12,57.31728301000015
2021,Hidalgo,Total,13,64.61936549999992
2019,Hidalgo,Total,13,73.14857758000004
2017,Hidalgo,Total,13,69.20684039000005
2015,Hidalgo,Total,13,60.129645289999885
2013,Hidalgo,Total,13,61.68245578000005
2021,Hidalgo,Hombres,13,59.45424531000007
2019,Hidalgo,Hombres,13,79.14437539000014
2017,Hidalgo,Hombres,13,69.48261139999985
2015,Hidalgo,Hombres,13,61.35267761999987
2013,Hidalgo,Hombres,13,55.94986545000008
2021,Hidalgo,Mujeres,13,68.41805017000004
2019,Hidalgo,Mujeres,13,67.48408836
2017,Hidalgo,Mujeres,13,69.00746436000007
2015,Hidalgo,Mujeres,13,59.8451612899999
2013,Hidalgo,Mujeres,13,68.63608482000012
2021,Jalisco,Total,14,74.01864235999996
2019,Jalisco,Total,14,70.95270580000015
2017,Jalisco,Total,14,67.8241655299999
2015,Jalisco,Total,14,64.67011484999989
2013,Jalisco,Total,14,62.64037602000006
2021,Jalisco,Hombres,14,75.87483193
2019,Jalisco,Hombres,14,77.58221951000009
2017,Jalisco,Hombres,14,61.87559483000016
2015,Jalisco,Hombres,14,68.35059559
2013,Jalisco,Hombres,14,59.36488187000011
2021,Jalisco,Mujeres,14,72.40948867000021
2019,Jalisco,Mujeres,14,65.76828704000015
2017,Jalisco,Mujeres,14,71.63736091000003
2015,Jalisco,Mujeres,14,63.77616343000021
2013,Jalisco,Mujeres,14,65.52173304999998
2021,México,Total,15,73.77774586000008
2019,México,Total,15,65.36917440999987
2017,México,Total,15,60.20548713999986
2015,México,Total,15,53.01089391000004
2013,México,Total,15,60.96403456999997
2021,México,Hombres,15,76.33726738000021
2019,México,Hombres,15,64.2491926100001
2017,México,Hombres,15,59.22861936000007
2015,México,Hombres,15,47.932896199999966
2013,México,Hombres,15,66.18025718999985
2021,México,Mujeres,15,72.07128735999986
2019,México,Mujeres,15,66.21644104999997
2017,México,Mujeres,15,60.92891888000011
2015,México,Mujeres,15,54.72934721999993
2013,México,Mujeres,15,57.30850345999991
2021,Michoacán de Ocampo,Total,16,59.4741776499998
2019,Michoacán de Ocampo,Total,16,57.51143910999989
2017,Michoacán de Ocampo,Total,16,54.53114510999991
2015,Michoacán de Ocampo,Total,16,48.39000622999994
2013,Michoacán de Ocampo,Total,16,43.04595504000006
2021,Michoacán de Ocampo,Hombres,16,59.89289172000007
2019,Michoacán de Ocampo,Hombres,16,57.859161690000086
2017,Michoacán de Ocampo,Hombres,16,47.43480301999991
2015,Michoacán de Ocampo,Hombres,16,39.51511145999999
2013,Michoacán de Ocampo,Hombres,16,45.7345042999999
2021,Michoacán de Ocampo,Mujeres,16,59.13875984999984
2019,Michoacán de Ocampo,Mujeres,16,57.30805820000003
2017,Michoacán de Ocampo,Mujeres,16,59.96941670999989
2015,Michoacán de Ocampo,Mujeres,16,50.01485082999991
2013,Michoacán de Ocampo,Mujeres,16,40.38322514999991
2021,Morelos,Total,17,65.12608212000013
2019,Morelos,Total,17,66.04292875000009
2017,Morelos,Total,17,64.96839661000008
2015,Morelos,Total,17,55.11101781999991
2013,Morelos,Total,17,64.7958834199999
2021,Morelos,Hombres,17,62.73769516999988
2019,Morelos,Hombres,17,62.580890750000194
2017,Morelos,Hombres,17,65.56125434000018
2015,Morelos,Hombres,17,62.70240370000009
2013,Morelos,Hombres,17,62.18396458000005
2021,Morelos,Mujeres,17,66.4914222500001
2019,Morelos,Mujeres,17,68.66366501999988
2017,Morelos,Mujeres,17,64.50074606999992
2015,Morelos,Mujeres,17,53.42788017000014
2013,Morelos,Mujeres,17,67.52019552
2021,Nayarit,Total,18,74.43813872
2019,Nayarit,Total,18,74.93975637000018
2017,Nayarit,Total,18,78.23515939000012
2015,Nayarit,Total,18,71.19964388999986
2013,Nayarit,Total,18,74.98152215000002
2021,Nayarit,Hombres,18,77.2130477899999
2019,Nayarit,Hombres,18,75.14228226999992
2017,Nayarit,Hombres,18,76.10995471999999
2015,Nayarit,Hombres,18,69.04322767000009
2013,Nayarit,Hombres,18,73.47695439000012
2021,Nayarit,Mujeres,18,72.81478825999993
2019,Nayarit,Mujeres,18,74.81320496999984
2017,Nayarit,Mujeres,18,80.2378015499999
2015,Nayarit,Mujeres,18,71.71562542999992
2013,Nayarit,Mujeres,18,76.17347232999984
2021,Nuevo León,Total,19,72.24346166000014
2019,Nuevo León,Total,19,75.41391789000023
2017,Nuevo León,Total,19,73.45941323999983
2015,Nuevo León,Total,19,67.90026925999992
2013,Nuevo León,Total,19,72.11631679000011
2021,Nuevo León,Hombres,19,71.41736968999993
2019,Nuevo León,Hombres,19,67.85161637999977
2017,Nuevo León,Hombres,19,74.6979672899999
2015,Nuevo León,Hombres,19,69.8691822199999
2013,Nuevo León,Hombres,19,76.34583424000004
2021,Nuevo León,Mujeres,19,72.91401826000018
2019,Nuevo León,Mujeres,19,81.24441708000012
2017,Nuevo León,Mujeres,19,72.49752791999992
2015,Nuevo León,Mujeres,19,67.31634495999988
2013,Nuevo León,Mujeres,19,69.47090904000008
2021,Oaxaca,Total,20,59.05469249999992
2019,Oaxaca,Total,20,53.31411237999991
2017,Oaxaca,Total,20,61.46866311000011
2015,Oaxaca,Total,20,44.985647530000016
2013,Oaxaca,Total,20,45.72413695999994
2021,Oaxaca,Hombres,20,56.83513986999991
2019,Oaxaca,Hombres,20,57.32517597999985
2017,Oaxaca,Hombres,20,57.31305819000018
2015,Oaxaca,Hombres,20,45.01047391000001
2013,Oaxaca,Hombres,20,37.574145
2021,Oaxaca,Mujeres,20,60.76107741000013
2019,Oaxaca,Mujeres,20,49.94473916999989
2017,Oaxaca,Mujeres,20,64.64254953
2015,Oaxaca,Mujeres,20,44.97829935000001
2013,Oaxaca,Mujeres,20,51.49044341999986
2021,Puebla,Total,21,64.29425169000005
2019,Puebla,Total,21,57.43309804999991
2017,Puebla,Total,21,66.51718531000004
2015,Puebla,Total,21,51.52426086000008
2013,Puebla,Total,21,43.52968710000004
2021,Puebla,Hombres,21,64.12203884999985
2019,Puebla,Hombres,21,59.04807108000016
2017,Puebla,Hombres,21,70.52178463000013
2015,Puebla,Hombres,21,52.1051633099999
2013,Puebla,Hombres,21,41.60982051000002
2021,Puebla,Mujeres,21,64.42563834999987
2019,Puebla,Mujeres,21,55.86410103999991
2017,Puebla,Mujeres,21,63.56103299000005
2015,Puebla,Mujeres,21,51.40735949999999
2013,Puebla,Mujeres,21,45.20946178000004
2021,Querétaro,Total,22,56.85433543
2019,Querétaro,Total,22,67.91311829999997
2017,Querétaro,Total,22,64.78018828000017
2015,Querétaro,Total,22,49.18598338999989
2013,Querétaro,Total,22,57.03100625000005
2021,Querétaro,Hombres,22,55.36224056999988
2019,Querétaro,Hombres,22,65.69216325999987
2017,Querétaro,Hombres,22,64.0182340000001
2015,Querétaro,Hombres,22,52.510301710000014
2013,Querétaro,Hombres,22,48.769495870000064
2021,Querétaro,Mujeres,22,57.54749103999989
2019,Querétaro,Mujeres,22,69.99857813000011
2017,Querétaro,Mujeres,22,65.31142344
2015,Querétaro,Mujeres,22,48.27966916999989
2013,Querétaro,Mujeres,22,63.7452309299999
2021,Quintana Roo,Total,23,66.11411274999979
2019,Quintana Roo,Total,23,72.66711496999982
2017,Quintana Roo,Total,23,58.273004190000144
2015,Quintana Roo,Total,23,66.47254076999985
2013,Quintana Roo,Total,23,52.92681755000007
2021,Quintana Roo,Hombres,23,61.44048992999984
2019,Quintana Roo,Hombres,23,78.2391988400001
2017,Quintana Roo,Hombres,23,60.31051062000005
2015,Quintana Roo,Hombres,23,64.75794689000011
2013,Quintana Roo,Hombres,23,54.1316895
2021,Quintana Roo,Mujeres,23,70.02084771000023
2019,Quintana Roo,Mujeres,23,67.47024085999986
2017,Quintana Roo,Mujeres,23,56.53049503999982
2015,Quintana Roo,Mujeres,23,66.84015730000009
2013,Quintana Roo,Mujeres,23,51.88640012999991
2021,San Luis Potosí,Total,24,76.72950473000007
2019,San Luis Potosí,Total,24,66.31377663999979
2017,San Luis Potosí,Total,24,66.97498292999991
2015,San Luis Potosí,Total,24,61.44160394000009
2013,San Luis Potosí,Total,24,47.38853502999998
2021,San Luis Potosí,Hombres,24,73.34460253999998
2019,San Luis Potosí,Hombres,24,68.96599067999986
2017,San Luis Potosí,Hombres,24,64.06920165999986
2015,San Luis Potosí,Hombres,24,75.5224928400001
2013,San Luis Potosí,Hombres,24,47.24251419000004
2021,San Luis Potosí,Mujeres,24,79.32633676000003
2019,San Luis Potosí,Mujeres,24,64.3889172199999
2017,San Luis Potosí,Mujeres,24,68.67475807000008
2015,San Luis Potosí,Mujeres,24,58.748024260000165
2013,San Luis Potosí,Mujeres,24,47.51050137000008
2021,Sinaloa,Total,25,74.52944190999996
2019,Sinaloa,Total,25,75.71900923999985
2017,Sinaloa,Total,25,84.18352725
2015,Sinaloa,Total,25,75.01240363000014
2013,Sinaloa,Total,25,73.74257211999992
2021,Sinaloa,Hombres,25,75.03260156000016
2019,Sinaloa,Hombres,25,77.58952130999997
2017,Sinaloa,Hombres,25,87.30345601000026
2015,Sinaloa,Hombres,25,65.9444979099999
2013,Sinaloa,Hombres,25,71.4575315900001
2021,Sinaloa,Mujeres,25,74.21993551999995
2019,Sinaloa,Mujeres,25,74.45163655000016
2017,Sinaloa,Mujeres,25,82.07740394000015
2015,Sinaloa,Mujeres,25,77.69747051000009
2013,Sinaloa,Mujeres,25,75.61343267000002
2021,Sonora,Total,26,71.10908438000003
2019,Sonora,Total,26,79.09548380999998
2017,Sonora,Total,26,76.34607642000003
2015,Sonora,Total,26,71.77810912000014
2013,Sonora,Total,26,72.64760274000017
2021,Sonora,Hombres,26,71.4974500899999
2019,Sonora,Hombres,26,77.43887307000004
2017,Sonora,Hombres,26,78.59656566999989
2015,Sonora,Hombres,26,77.65357118000001
2013,Sonora,Hombres,26,70.90316378999988
2021,Sonora,Mujeres,26,70.81614705999992
2019,Sonora,Mujeres,26,80.45550462000014
2017,Sonora,Mujeres,26,74.72301974000018
2015,Sonora,Mujeres,26,69.74480470999991
2013,Sonora,Mujeres,26,73.82828936
2021,Tabasco,Total,27,67.82663633999988
2019,Tabasco,Total,27,52.4668915900001
2017,Tabasco,Total,27,61.348636319999976
2015,Tabasco,Total,27,46.38627472000005
2013,Tabasco,Total,27,54.88762021999994
2021,Tabasco,Hombres,27,69.72534954000001
2019,Tabasco,Hombres,27,57.06927216999995
2017,Tabasco,Hombres,27,57.42715704999981
2015,Tabasco,Hombres,27,43.229112199999975
2013,Tabasco,Hombres,27,52.17512614000014
2021,Tabasco,Mujeres,27,66.6605478399999
2019,Tabasco,Mujeres,27,48.90896754000004
2017,Tabasco,Mujeres,27,63.604395600000124
2015,Tabasco,Mujeres,27,46.84308474000013
2013,Tabasco,Mujeres,27,57.039811089999866
2021,Tamaulipas,Total,28,73.64965183999995
2019,Tamaulipas,Total,28,69.32070292000007
2017,Tamaulipas,Total,28,70.91474617000014
2015,Tamaulipas,Total,28,67.04872928999993
2013,Tamaulipas,Total,28,67.62823014999981
2021,Tamaulipas,Hombres,28,73.21756612999992
2019,Tamaulipas,Hombres,28,73.53581568000003
2017,Tamaulipas,Hombres,28,68.92954537999982
2015,Tamaulipas,Hombres,28,59.615384620000185
2013,Tamaulipas,Hombres,28,65.46953298999983
2021,Tamaulipas,Mujeres,28,73.93665158000009
2019,Tamaulipas,Mujeres,28,66.14523867000008
2017,Tamaulipas,Mujeres,28,72.48205564000004
2015,Tamaulipas,Mujeres,28,68.10684984999992
2013,Tamaulipas,Mujeres,28,68.90650422999992
2021,Tlaxcala,Total,29,67.32389160999993
2019,Tlaxcala,Total,29,65.88469718000015
2017,Tlaxcala,Total,29,59.40955665999992
2015,Tlaxcala,Total,29,65.47065214000013
2013,Tlaxcala,Total,29,50.35060210000005
2021,Tlaxcala,Hombres,29,71.75294761999993
2019,Tlaxcala,Hombres,29,69.609375
2017,Tlaxcala,Hombres,29,56.868613360000126
2015,Tlaxcala,Hombres,29,61.714263390000085
2013,Tlaxcala,Hombres,29,49.65589102000007
2021,Tlaxcala,Mujeres,29,63.841668039999846
2019,Tlaxcala,Mujeres,29,62.92295823000016
2017,Tlaxcala,Mujeres,29,61.48784024999991
2015,Tlaxcala,Mujeres,29,66.09547202999987
2013,Tlaxcala,Mujeres,29,50.81816764999991
2021,Veracruz de Ignacio de la Llave,Total,30,67.52163901000017
2019,Veracruz de Ignacio de la Llave,Total,30,72.48979531999993
2017,Veracruz de Ignacio de la Llave,Total,30,64.07612372000017
2015,Veracruz de Ignacio de la Llave,Total,30,62.41735914000014
2013,Veracruz de Ignacio de la Llave,Total,30,52.244757469999975
2021,Veracruz de Ignacio de la Llave,Hombres,30,73.10807228999992
2019,Veracruz de Ignacio de la Llave,Hombres,30,67.67816277000014
2017,Veracruz de Ignacio de la Llave,Hombres,30,68.4494038100001
2015,Veracruz de Ignacio de la Llave,Hombres,30,68.15545096999996
2013,Veracruz de Ignacio de la Llave,Hombres,30,51.50141292999986
2021,Veracruz de Ignacio de la Llave,Mujeres,30,63.876180309999874
2019,Veracruz de Ignacio de la Llave,Mujeres,30,75.22946312000016
2017,Veracruz de Ignacio de la Llave,Mujeres,30,60.83671326999981
2015,Veracruz de Ignacio de la Llave,Mujeres,30,60.90668699999989
2013,Veracruz de Ignacio de la Llave,Mujeres,30,52.644199430000064
2021,Yucatán,Total,31,77.78604611000004
2019,Yucatán,Total,31,73.30791170999991
2017,Yucatán,Total,31,78.10096254999993
2015,Yucatán,Total,31,73.0743401700001
2013,Yucatán,Total,31,68.69732794999987
2021,Yucatán,Hombres,31,85.53920275999987
2019,Yucatán,Hombres,31,73.30497466999991
2017,Yucatán,Hombres,31,78.52917417999997
2015,Yucatán,Hombres,31,79.18300521000006
2013,Yucatán,Hombres,31,73.22710241999995
2021,Yucatán,Mujeres,31,70.35910996999995
2019,Yucatán,Mujeres,31,73.30970745999994
2017,Yucatán,Mujeres,31,77.6460083399999
2015,Yucatán,Mujeres,31,71.27468261000003
2013,Yucatán,Mujeres,31,65.5430170099999
2021,Zacatecas,Total,32,75.96229212999987
2019,Zacatecas,Total,32,62.79174034999984
2017,Zacatecas,Total,32,63.80951358000015
2015,Zacatecas,Total,32,58.86146186000016
2013,Zacatecas,Total,32,67.73035467000022
2021,Zacatecas,Hombres,32,76.6571622499998
2019,Zacatecas,Hombres,32,59.25178021000009
2017,Zacatecas,Hombres,32,65.48750591000021
2015,Zacatecas,Hombres,32,60.56163732000004
2013,Zacatecas,Hombres,32,70.6985993400001
2021,Zacatecas,Mujeres,32,75.51793001999982
2019,Zacatecas,Mujeres,32,65.91495147000018
2017,Zacatecas,Mujeres,32,62.13454686000017
2015,Zacatecas,Mujeres,32,58.66194507999991
2013,Zacatecas,Mujeres,32,64.85590367999994
