Year,Entidad federativa,Sexo,GeoCode,Value
2021,Estados Unidos Mexicanos,Total,0,48.29857977
2020,Estados Unidos Mexicanos,Total,0,52.51654232
2019,Estados Unidos Mexicanos,Total,0,47.68121229
2018,Estados Unidos Mexicanos,Total,0,49.02041964
2017,Estados Unidos Mexicanos,Total,0,48.04367223
2016,Estados Unidos Mexicanos,Total,0,49.41256352
2015,Estados Unidos Mexicanos,Total,0,48.34560531
2014,Estados Unidos Mexicanos,Total,0,50.41294416
2013,Estados Unidos Mexicanos,Total,0,51.58423533
2012,Estados Unidos Mexicanos,Total,0,49.51654137
2011,Estados Unidos Mexicanos,Total,0,30.78189414
2010,Estados Unidos Mexicanos,Total,0,32.78240101
2021,Estados Unidos Mexicanos,Hombres,0,47.98022339
2020,Estados Unidos Mexicanos,Hombres,0,54.45152441
2019,Estados Unidos Mexicanos,Hombres,0,49.48253304
2018,Estados Unidos Mexicanos,Hombres,0,50.37927884
2017,Estados Unidos Mexicanos,Hombres,0,51.3670688
2016,Estados Unidos Mexicanos,Hombres,0,50.15367751
2015,Estados Unidos Mexicanos,Hombres,0,46.5773846
2014,Estados Unidos Mexicanos,Hombres,0,48.91831682
2013,Estados Unidos Mexicanos,Hombres,0,52.18978192
2012,Estados Unidos Mexicanos,Hombres,0,51.45992403
2011,Estados Unidos Mexicanos,Hombres,0,28.08232136
2010,Estados Unidos Mexicanos,Hombres,0,32.40060963
2021,Estados Unidos Mexicanos,Mujeres,0,48.60653635
2020,Estados Unidos Mexicanos,Mujeres,0,50.64963036
2019,Estados Unidos Mexicanos,Mujeres,0,45.84437066
2018,Estados Unidos Mexicanos,Mujeres,0,47.60726005
2017,Estados Unidos Mexicanos,Mujeres,0,44.39357488
2016,Estados Unidos Mexicanos,Mujeres,0,48.64488537
2015,Estados Unidos Mexicanos,Mujeres,0,50.1256912
2014,Estados Unidos Mexicanos,Mujeres,0,51.98704189
2013,Estados Unidos Mexicanos,Mujeres,0,50.98282508
2012,Estados Unidos Mexicanos,Mujeres,0,47.49654504
2011,Estados Unidos Mexicanos,Mujeres,0,33.47124983
2010,Estados Unidos Mexicanos,Mujeres,0,33.21224015
2021,Aguascalientes,Total,1,56.26501813
2020,Aguascalientes,Total,1,68.41259843
2019,Aguascalientes,Total,1,63.03861509
2018,Aguascalientes,Total,1,61.3876911
2017,Aguascalientes,Total,1,58.50356786
2016,Aguascalientes,Total,1,51.39744426
2015,Aguascalientes,Total,1,49.11740195
2014,Aguascalientes,Total,1,49.36217415
2013,Aguascalientes,Total,1,56.16714871
2012,Aguascalientes,Total,1,55.99375034
2011,Aguascalientes,Total,1,28.14690305
2010,Aguascalientes,Total,1,24.09688746
2021,Aguascalientes,Hombres,1,0.0
2020,Aguascalientes,Hombres,1,0.0
2019,Aguascalientes,Hombres,1,0.0
2018,Aguascalientes,Hombres,1,0.0
2017,Aguascalientes,Hombres,1,0.0
2016,Aguascalientes,Hombres,1,0.0
2015,Aguascalientes,Hombres,1,0.0
2014,Aguascalientes,Hombres,1,0.0
2013,Aguascalientes,Hombres,1,0.0
2012,Aguascalientes,Hombres,1,0.0
2011,Aguascalientes,Hombres,1,0.0
2010,Aguascalientes,Hombres,1,0.0
2021,Aguascalientes,Mujeres,1,0.0
2020,Aguascalientes,Mujeres,1,0.0
2019,Aguascalientes,Mujeres,1,0.0
2018,Aguascalientes,Mujeres,1,0.0
2017,Aguascalientes,Mujeres,1,0.0
2016,Aguascalientes,Mujeres,1,0.0
2015,Aguascalientes,Mujeres,1,0.0
2014,Aguascalientes,Mujeres,1,0.0
2013,Aguascalientes,Mujeres,1,0.0
2012,Aguascalientes,Mujeres,1,0.0
2011,Aguascalientes,Mujeres,1,0.0
2010,Aguascalientes,Mujeres,1,0.0
2021,Baja California,Total,2,65.95142141
2020,Baja California,Total,2,63.61498133
2019,Baja California,Total,2,57.65204075
2018,Baja California,Total,2,64.1304041
2017,Baja California,Total,2,64.49462558
2016,Baja California,Total,2,69.07906008
2015,Baja California,Total,2,66.78823436
2014,Baja California,Total,2,64.45958958
2013,Baja California,Total,2,66.23760019
2012,Baja California,Total,2,70.70411466
2011,Baja California,Total,2,33.01776463
2010,Baja California,Total,2,44.61609536
2021,Baja California,Hombres,2,0.0
2020,Baja California,Hombres,2,0.0
2019,Baja California,Hombres,2,0.0
2018,Baja California,Hombres,2,0.0
2017,Baja California,Hombres,2,0.0
2016,Baja California,Hombres,2,0.0
2015,Baja California,Hombres,2,0.0
2014,Baja California,Hombres,2,0.0
2013,Baja California,Hombres,2,0.0
2012,Baja California,Hombres,2,0.0
2011,Baja California,Hombres,2,0.0
2010,Baja California,Hombres,2,0.0
2021,Baja California,Mujeres,2,0.0
2020,Baja California,Mujeres,2,0.0
2019,Baja California,Mujeres,2,0.0
2018,Baja California,Mujeres,2,0.0
2017,Baja California,Mujeres,2,0.0
2016,Baja California,Mujeres,2,0.0
2015,Baja California,Mujeres,2,0.0
2014,Baja California,Mujeres,2,0.0
2013,Baja California,Mujeres,2,0.0
2012,Baja California,Mujeres,2,0.0
2011,Baja California,Mujeres,2,0.0
2010,Baja California,Mujeres,2,0.0
2021,Baja California Sur,Total,3,68.58448093
2020,Baja California Sur,Total,3,66.90424543
2019,Baja California Sur,Total,3,69.59189263
2018,Baja California Sur,Total,3,69.61173953
2017,Baja California Sur,Total,3,64.20574396
2016,Baja California Sur,Total,3,65.32273511
2015,Baja California Sur,Total,3,63.672886
2014,Baja California Sur,Total,3,65.19401097
2013,Baja California Sur,Total,3,54.11029384
2012,Baja California Sur,Total,3,54.24375918
2011,Baja California Sur,Total,3,31.06362738
2010,Baja California Sur,Total,3,29.73293769
2021,Baja California Sur,Hombres,3,0.0
2020,Baja California Sur,Hombres,3,0.0
2019,Baja California Sur,Hombres,3,0.0
2018,Baja California Sur,Hombres,3,0.0
2017,Baja California Sur,Hombres,3,0.0
2016,Baja California Sur,Hombres,3,0.0
2015,Baja California Sur,Hombres,3,0.0
2014,Baja California Sur,Hombres,3,0.0
2013,Baja California Sur,Hombres,3,0.0
2012,Baja California Sur,Hombres,3,0.0
2011,Baja California Sur,Hombres,3,0.0
2010,Baja California Sur,Hombres,3,0.0
2021,Baja California Sur,Mujeres,3,0.0
2020,Baja California Sur,Mujeres,3,0.0
2019,Baja California Sur,Mujeres,3,0.0
2018,Baja California Sur,Mujeres,3,0.0
2017,Baja California Sur,Mujeres,3,0.0
2016,Baja California Sur,Mujeres,3,0.0
2015,Baja California Sur,Mujeres,3,0.0
2014,Baja California Sur,Mujeres,3,0.0
2013,Baja California Sur,Mujeres,3,0.0
2012,Baja California Sur,Mujeres,3,0.0
2011,Baja California Sur,Mujeres,3,0.0
2010,Baja California Sur,Mujeres,3,0.0
2021,Campeche,Total,4,26.72888789
2020,Campeche,Total,4,52.64806378
2019,Campeche,Total,4,43.23735785
2018,Campeche,Total,4,48.83125
2017,Campeche,Total,4,61.68721973
2016,Campeche,Total,4,58.6694442
2015,Campeche,Total,4,52.23115231
2014,Campeche,Total,4,38.09283005
2013,Campeche,Total,4,47.16166952
2012,Campeche,Total,4,56.80877909
2011,Campeche,Total,4,33.05233094
2010,Campeche,Total,4,43.22739591
2021,Campeche,Hombres,4,0.0
2020,Campeche,Hombres,4,0.0
2019,Campeche,Hombres,4,0.0
2018,Campeche,Hombres,4,0.0
2017,Campeche,Hombres,4,0.0
2016,Campeche,Hombres,4,0.0
2015,Campeche,Hombres,4,0.0
2014,Campeche,Hombres,4,0.0
2013,Campeche,Hombres,4,0.0
2012,Campeche,Hombres,4,0.0
2011,Campeche,Hombres,4,0.0
2010,Campeche,Hombres,4,0.0
2021,Campeche,Mujeres,4,0.0
2020,Campeche,Mujeres,4,0.0
2019,Campeche,Mujeres,4,0.0
2018,Campeche,Mujeres,4,0.0
2017,Campeche,Mujeres,4,0.0
2016,Campeche,Mujeres,4,0.0
2015,Campeche,Mujeres,4,0.0
2014,Campeche,Mujeres,4,0.0
2013,Campeche,Mujeres,4,0.0
2012,Campeche,Mujeres,4,0.0
2011,Campeche,Mujeres,4,0.0
2010,Campeche,Mujeres,4,0.0
2021,Coahuila de Zaragoza,Total,5,52.82977466
2020,Coahuila de Zaragoza,Total,5,48.12424834
2019,Coahuila de Zaragoza,Total,5,59.26091146
2018,Coahuila de Zaragoza,Total,5,43.38111497
2017,Coahuila de Zaragoza,Total,5,50.21090148
2016,Coahuila de Zaragoza,Total,5,39.08416077
2015,Coahuila de Zaragoza,Total,5,56.62498862
2014,Coahuila de Zaragoza,Total,5,49.71296418
2013,Coahuila de Zaragoza,Total,5,51.35504503
2012,Coahuila de Zaragoza,Total,5,44.45115654
2011,Coahuila de Zaragoza,Total,5,33.81238059
2010,Coahuila de Zaragoza,Total,5,39.62207606
2021,Coahuila de Zaragoza,Hombres,5,0.0
2020,Coahuila de Zaragoza,Hombres,5,0.0
2019,Coahuila de Zaragoza,Hombres,5,0.0
2018,Coahuila de Zaragoza,Hombres,5,0.0
2017,Coahuila de Zaragoza,Hombres,5,0.0
2016,Coahuila de Zaragoza,Hombres,5,0.0
2015,Coahuila de Zaragoza,Hombres,5,0.0
2014,Coahuila de Zaragoza,Hombres,5,0.0
2013,Coahuila de Zaragoza,Hombres,5,0.0
2012,Coahuila de Zaragoza,Hombres,5,0.0
2011,Coahuila de Zaragoza,Hombres,5,0.0
2010,Coahuila de Zaragoza,Hombres,5,0.0
2021,Coahuila de Zaragoza,Mujeres,5,0.0
2020,Coahuila de Zaragoza,Mujeres,5,0.0
2019,Coahuila de Zaragoza,Mujeres,5,0.0
2018,Coahuila de Zaragoza,Mujeres,5,0.0
2017,Coahuila de Zaragoza,Mujeres,5,0.0
2016,Coahuila de Zaragoza,Mujeres,5,0.0
2015,Coahuila de Zaragoza,Mujeres,5,0.0
2014,Coahuila de Zaragoza,Mujeres,5,0.0
2013,Coahuila de Zaragoza,Mujeres,5,0.0
2012,Coahuila de Zaragoza,Mujeres,5,0.0
2011,Coahuila de Zaragoza,Mujeres,5,0.0
2010,Coahuila de Zaragoza,Mujeres,5,0.0
2021,Colima,Total,6,61.35298763
2020,Colima,Total,6,74.31310979
2019,Colima,Total,6,77.36269174
2018,Colima,Total,6,57.32095219
2017,Colima,Total,6,54.6512665
2016,Colima,Total,6,58.81208453
2015,Colima,Total,6,52.09631476
2014,Colima,Total,6,51.57772222
2013,Colima,Total,6,59.69782015
2012,Colima,Total,6,54.72975432
2011,Colima,Total,6,39.43073444
2010,Colima,Total,6,33.03436841
2021,Colima,Hombres,6,0.0
2020,Colima,Hombres,6,0.0
2019,Colima,Hombres,6,0.0
2018,Colima,Hombres,6,0.0
2017,Colima,Hombres,6,0.0
2016,Colima,Hombres,6,0.0
2015,Colima,Hombres,6,0.0
2014,Colima,Hombres,6,0.0
2013,Colima,Hombres,6,0.0
2012,Colima,Hombres,6,0.0
2011,Colima,Hombres,6,0.0
2010,Colima,Hombres,6,0.0
2021,Colima,Mujeres,6,0.0
2020,Colima,Mujeres,6,0.0
2019,Colima,Mujeres,6,0.0
2018,Colima,Mujeres,6,0.0
2017,Colima,Mujeres,6,0.0
2016,Colima,Mujeres,6,0.0
2015,Colima,Mujeres,6,0.0
2014,Colima,Mujeres,6,0.0
2013,Colima,Mujeres,6,0.0
2012,Colima,Mujeres,6,0.0
2011,Colima,Mujeres,6,0.0
2010,Colima,Mujeres,6,0.0
2021,Chiapas,Total,7,45.73189486
2020,Chiapas,Total,7,46.86687536
2019,Chiapas,Total,7,62.2809054
2018,Chiapas,Total,7,56.39663452
2017,Chiapas,Total,7,54.29508785
2016,Chiapas,Total,7,49.82355966
2015,Chiapas,Total,7,48.96178448
2014,Chiapas,Total,7,51.93652383
2013,Chiapas,Total,7,50.48941093
2012,Chiapas,Total,7,66.81477415
2011,Chiapas,Total,7,30.61663704
2010,Chiapas,Total,7,65.0452306
2021,Chiapas,Hombres,7,0.0
2020,Chiapas,Hombres,7,0.0
2019,Chiapas,Hombres,7,0.0
2018,Chiapas,Hombres,7,0.0
2017,Chiapas,Hombres,7,0.0
2016,Chiapas,Hombres,7,0.0
2015,Chiapas,Hombres,7,0.0
2014,Chiapas,Hombres,7,0.0
2013,Chiapas,Hombres,7,0.0
2012,Chiapas,Hombres,7,0.0
2011,Chiapas,Hombres,7,0.0
2010,Chiapas,Hombres,7,0.0
2021,Chiapas,Mujeres,7,0.0
2020,Chiapas,Mujeres,7,0.0
2019,Chiapas,Mujeres,7,0.0
2018,Chiapas,Mujeres,7,0.0
2017,Chiapas,Mujeres,7,0.0
2016,Chiapas,Mujeres,7,0.0
2015,Chiapas,Mujeres,7,0.0
2014,Chiapas,Mujeres,7,0.0
2013,Chiapas,Mujeres,7,0.0
2012,Chiapas,Mujeres,7,0.0
2011,Chiapas,Mujeres,7,0.0
2010,Chiapas,Mujeres,7,0.0
2021,Chihuahua,Total,8,63.10323358
2020,Chihuahua,Total,8,63.50092316
2019,Chihuahua,Total,8,65.72958131
2018,Chihuahua,Total,8,64.00711224
2017,Chihuahua,Total,8,75.16157082
2016,Chihuahua,Total,8,74.38298247
2015,Chihuahua,Total,8,69.86944204
2014,Chihuahua,Total,8,77.25084411
2013,Chihuahua,Total,8,77.42029482
2012,Chihuahua,Total,8,80.46799034
2011,Chihuahua,Total,8,55.94355544
2010,Chihuahua,Total,8,45.1606481
2021,Chihuahua,Hombres,8,0.0
2020,Chihuahua,Hombres,8,0.0
2019,Chihuahua,Hombres,8,0.0
2018,Chihuahua,Hombres,8,0.0
2017,Chihuahua,Hombres,8,0.0
2016,Chihuahua,Hombres,8,0.0
2015,Chihuahua,Hombres,8,0.0
2014,Chihuahua,Hombres,8,0.0
2013,Chihuahua,Hombres,8,0.0
2012,Chihuahua,Hombres,8,0.0
2011,Chihuahua,Hombres,8,0.0
2010,Chihuahua,Hombres,8,0.0
2021,Chihuahua,Mujeres,8,0.0
2020,Chihuahua,Mujeres,8,0.0
2019,Chihuahua,Mujeres,8,0.0
2018,Chihuahua,Mujeres,8,0.0
2017,Chihuahua,Mujeres,8,0.0
2016,Chihuahua,Mujeres,8,0.0
2015,Chihuahua,Mujeres,8,0.0
2014,Chihuahua,Mujeres,8,0.0
2013,Chihuahua,Mujeres,8,0.0
2012,Chihuahua,Mujeres,8,0.0
2011,Chihuahua,Mujeres,8,0.0
2010,Chihuahua,Mujeres,8,0.0
2021,Ciudad de México,Total,9,38.05130721
2020,Ciudad de México,Total,9,39.39674328
2019,Ciudad de México,Total,9,36.2999433
2018,Ciudad de México,Total,9,39.86997735
2017,Ciudad de México,Total,9,33.02148184
2016,Ciudad de México,Total,9,23.35437653
2015,Ciudad de México,Total,9,29.27542853
2014,Ciudad de México,Total,9,35.7083767
2013,Ciudad de México,Total,9,45.04104707
2012,Ciudad de México,Total,9,41.20033488
2011,Ciudad de México,Total,9,21.25372944
2010,Ciudad de México,Total,9,28.18462563
2021,Ciudad de México,Hombres,9,0.0
2020,Ciudad de México,Hombres,9,0.0
2019,Ciudad de México,Hombres,9,0.0
2018,Ciudad de México,Hombres,9,0.0
2017,Ciudad de México,Hombres,9,0.0
2016,Ciudad de México,Hombres,9,0.0
2015,Ciudad de México,Hombres,9,0.0
2014,Ciudad de México,Hombres,9,0.0
2013,Ciudad de México,Hombres,9,0.0
2012,Ciudad de México,Hombres,9,0.0
2011,Ciudad de México,Hombres,9,0.0
2010,Ciudad de México,Hombres,9,0.0
2021,Ciudad de México,Mujeres,9,0.0
2020,Ciudad de México,Mujeres,9,0.0
2019,Ciudad de México,Mujeres,9,0.0
2018,Ciudad de México,Mujeres,9,0.0
2017,Ciudad de México,Mujeres,9,0.0
2016,Ciudad de México,Mujeres,9,0.0
2015,Ciudad de México,Mujeres,9,0.0
2014,Ciudad de México,Mujeres,9,0.0
2013,Ciudad de México,Mujeres,9,0.0
2012,Ciudad de México,Mujeres,9,0.0
2011,Ciudad de México,Mujeres,9,0.0
2010,Ciudad de México,Mujeres,9,0.0
2021,Durango,Total,10,60.00656527
2020,Durango,Total,10,50.03821812
2019,Durango,Total,10,59.15791599
2018,Durango,Total,10,61.15711309
2017,Durango,Total,10,59.6608044
2016,Durango,Total,10,58.90395884
2015,Durango,Total,10,43.92736055
2014,Durango,Total,10,46.55363358
2013,Durango,Total,10,55.09377664
2012,Durango,Total,10,62.80102441
2011,Durango,Total,10,45.62795741
2010,Durango,Total,10,45.04318527
2021,Durango,Hombres,10,0.0
2020,Durango,Hombres,10,0.0
2019,Durango,Hombres,10,0.0
2018,Durango,Hombres,10,0.0
2017,Durango,Hombres,10,0.0
2016,Durango,Hombres,10,0.0
2015,Durango,Hombres,10,0.0
2014,Durango,Hombres,10,0.0
2013,Durango,Hombres,10,0.0
2012,Durango,Hombres,10,0.0
2011,Durango,Hombres,10,0.0
2010,Durango,Hombres,10,0.0
2021,Durango,Mujeres,10,0.0
2020,Durango,Mujeres,10,0.0
2019,Durango,Mujeres,10,0.0
2018,Durango,Mujeres,10,0.0
2017,Durango,Mujeres,10,0.0
2016,Durango,Mujeres,10,0.0
2015,Durango,Mujeres,10,0.0
2014,Durango,Mujeres,10,0.0
2013,Durango,Mujeres,10,0.0
2012,Durango,Mujeres,10,0.0
2011,Durango,Mujeres,10,0.0
2010,Durango,Mujeres,10,0.0
2021,Guanajuato,Total,11,61.59072033
2020,Guanajuato,Total,11,76.68567402
2019,Guanajuato,Total,11,43.2131157
2018,Guanajuato,Total,11,61.19441606
2017,Guanajuato,Total,11,38.49633721
2016,Guanajuato,Total,11,58.93854926
2015,Guanajuato,Total,11,61.85303013
2014,Guanajuato,Total,11,71.6738258
2013,Guanajuato,Total,11,53.28645825
2012,Guanajuato,Total,11,55.14578791
2011,Guanajuato,Total,11,35.56386462
2010,Guanajuato,Total,11,40.16759427
2021,Guanajuato,Hombres,11,0.0
2020,Guanajuato,Hombres,11,0.0
2019,Guanajuato,Hombres,11,0.0
2018,Guanajuato,Hombres,11,0.0
2017,Guanajuato,Hombres,11,0.0
2016,Guanajuato,Hombres,11,0.0
2015,Guanajuato,Hombres,11,0.0
2014,Guanajuato,Hombres,11,0.0
2013,Guanajuato,Hombres,11,0.0
2012,Guanajuato,Hombres,11,0.0
2011,Guanajuato,Hombres,11,0.0
2010,Guanajuato,Hombres,11,0.0
2021,Guanajuato,Mujeres,11,0.0
2020,Guanajuato,Mujeres,11,0.0
2019,Guanajuato,Mujeres,11,0.0
2018,Guanajuato,Mujeres,11,0.0
2017,Guanajuato,Mujeres,11,0.0
2016,Guanajuato,Mujeres,11,0.0
2015,Guanajuato,Mujeres,11,0.0
2014,Guanajuato,Mujeres,11,0.0
2013,Guanajuato,Mujeres,11,0.0
2012,Guanajuato,Mujeres,11,0.0
2011,Guanajuato,Mujeres,11,0.0
2010,Guanajuato,Mujeres,11,0.0
2021,Guerrero,Total,12,46.70810373
2020,Guerrero,Total,12,42.18853189
2019,Guerrero,Total,12,66.67463429
2018,Guerrero,Total,12,48.00075891
2017,Guerrero,Total,12,50.72987813
2016,Guerrero,Total,12,32.75156072
2015,Guerrero,Total,12,66.72358082
2014,Guerrero,Total,12,61.07967551
2013,Guerrero,Total,12,47.67944729
2012,Guerrero,Total,12,50.43616999
2011,Guerrero,Total,12,38.15163803
2010,Guerrero,Total,12,20.79856438
2021,Guerrero,Hombres,12,0.0
2020,Guerrero,Hombres,12,0.0
2019,Guerrero,Hombres,12,0.0
2018,Guerrero,Hombres,12,0.0
2017,Guerrero,Hombres,12,0.0
2016,Guerrero,Hombres,12,0.0
2015,Guerrero,Hombres,12,0.0
2014,Guerrero,Hombres,12,0.0
2013,Guerrero,Hombres,12,0.0
2012,Guerrero,Hombres,12,0.0
2011,Guerrero,Hombres,12,0.0
2010,Guerrero,Hombres,12,0.0
2021,Guerrero,Mujeres,12,0.0
2020,Guerrero,Mujeres,12,0.0
2019,Guerrero,Mujeres,12,0.0
2018,Guerrero,Mujeres,12,0.0
2017,Guerrero,Mujeres,12,0.0
2016,Guerrero,Mujeres,12,0.0
2015,Guerrero,Mujeres,12,0.0
2014,Guerrero,Mujeres,12,0.0
2013,Guerrero,Mujeres,12,0.0
2012,Guerrero,Mujeres,12,0.0
2011,Guerrero,Mujeres,12,0.0
2010,Guerrero,Mujeres,12,0.0
2021,Hidalgo,Total,13,19.42185761
2020,Hidalgo,Total,13,49.40021386
2019,Hidalgo,Total,13,47.02496885
2018,Hidalgo,Total,13,45.47194698
2017,Hidalgo,Total,13,46.51144473
2016,Hidalgo,Total,13,49.53700575
2015,Hidalgo,Total,13,44.59878298
2014,Hidalgo,Total,13,37.21959548
2013,Hidalgo,Total,13,57.62731174
2012,Hidalgo,Total,13,41.97692937
2011,Hidalgo,Total,13,30.52199681
2010,Hidalgo,Total,13,35.55028637
2021,Hidalgo,Hombres,13,0.0
2020,Hidalgo,Hombres,13,0.0
2019,Hidalgo,Hombres,13,0.0
2018,Hidalgo,Hombres,13,0.0
2017,Hidalgo,Hombres,13,0.0
2016,Hidalgo,Hombres,13,0.0
2015,Hidalgo,Hombres,13,0.0
2014,Hidalgo,Hombres,13,0.0
2013,Hidalgo,Hombres,13,0.0
2012,Hidalgo,Hombres,13,0.0
2011,Hidalgo,Hombres,13,0.0
2010,Hidalgo,Hombres,13,0.0
2021,Hidalgo,Mujeres,13,0.0
2020,Hidalgo,Mujeres,13,0.0
2019,Hidalgo,Mujeres,13,0.0
2018,Hidalgo,Mujeres,13,0.0
2017,Hidalgo,Mujeres,13,0.0
2016,Hidalgo,Mujeres,13,0.0
2015,Hidalgo,Mujeres,13,0.0
2014,Hidalgo,Mujeres,13,0.0
2013,Hidalgo,Mujeres,13,0.0
2012,Hidalgo,Mujeres,13,0.0
2011,Hidalgo,Mujeres,13,0.0
2010,Hidalgo,Mujeres,13,0.0
2021,Jalisco,Total,14,69.40294029
2020,Jalisco,Total,14,63.19178292
2019,Jalisco,Total,14,56.96804052
2018,Jalisco,Total,14,62.71091486
2017,Jalisco,Total,14,58.72776573
2016,Jalisco,Total,14,50.03460869
2015,Jalisco,Total,14,55.60641224
2014,Jalisco,Total,14,55.32319301
2013,Jalisco,Total,14,58.38899488
2012,Jalisco,Total,14,50.96217031
2011,Jalisco,Total,14,37.60450889
2010,Jalisco,Total,14,43.52925309
2021,Jalisco,Hombres,14,0.0
2020,Jalisco,Hombres,14,0.0
2019,Jalisco,Hombres,14,0.0
2018,Jalisco,Hombres,14,0.0
2017,Jalisco,Hombres,14,0.0
2016,Jalisco,Hombres,14,0.0
2015,Jalisco,Hombres,14,0.0
2014,Jalisco,Hombres,14,0.0
2013,Jalisco,Hombres,14,0.0
2012,Jalisco,Hombres,14,0.0
2011,Jalisco,Hombres,14,0.0
2010,Jalisco,Hombres,14,0.0
2021,Jalisco,Mujeres,14,0.0
2020,Jalisco,Mujeres,14,0.0
2019,Jalisco,Mujeres,14,0.0
2018,Jalisco,Mujeres,14,0.0
2017,Jalisco,Mujeres,14,0.0
2016,Jalisco,Mujeres,14,0.0
2015,Jalisco,Mujeres,14,0.0
2014,Jalisco,Mujeres,14,0.0
2013,Jalisco,Mujeres,14,0.0
2012,Jalisco,Mujeres,14,0.0
2011,Jalisco,Mujeres,14,0.0
2010,Jalisco,Mujeres,14,0.0
2021,México,Total,15,36.45993218
2020,México,Total,15,45.31300496
2019,México,Total,15,32.14350494
2018,México,Total,15,32.76491129
2017,México,Total,15,34.89607308
2016,México,Total,15,40.35510174
2015,México,Total,15,36.16663669
2014,México,Total,15,42.59854956
2013,México,Total,15,37.70784749
2012,México,Total,15,31.15783879
2011,México,Total,15,21.79325051
2010,México,Total,15,9.330537378
2021,México,Hombres,15,0.0
2020,México,Hombres,15,0.0
2019,México,Hombres,15,0.0
2018,México,Hombres,15,0.0
2017,México,Hombres,15,0.0
2016,México,Hombres,15,0.0
2015,México,Hombres,15,0.0
2014,México,Hombres,15,0.0
2013,México,Hombres,15,0.0
2012,México,Hombres,15,0.0
2011,México,Hombres,15,0.0
2010,México,Hombres,15,0.0
2021,México,Mujeres,15,0.0
2020,México,Mujeres,15,0.0
2019,México,Mujeres,15,0.0
2018,México,Mujeres,15,0.0
2017,México,Mujeres,15,0.0
2016,México,Mujeres,15,0.0
2015,México,Mujeres,15,0.0
2014,México,Mujeres,15,0.0
2013,México,Mujeres,15,0.0
2012,México,Mujeres,15,0.0
2011,México,Mujeres,15,0.0
2010,México,Mujeres,15,0.0
2021,Michoacán de Ocampo,Total,16,43.60937664
2020,Michoacán de Ocampo,Total,16,45.11722894
2019,Michoacán de Ocampo,Total,16,57.10251569
2018,Michoacán de Ocampo,Total,16,42.87457518
2017,Michoacán de Ocampo,Total,16,45.57210562
2016,Michoacán de Ocampo,Total,16,50.11738947
2015,Michoacán de Ocampo,Total,16,47.4241574
2014,Michoacán de Ocampo,Total,16,58.74206578
2013,Michoacán de Ocampo,Total,16,52.22096272
2012,Michoacán de Ocampo,Total,16,60.82729651
2011,Michoacán de Ocampo,Total,16,26.8851249
2010,Michoacán de Ocampo,Total,16,24.44591384
2021,Michoacán de Ocampo,Hombres,16,0.0
2020,Michoacán de Ocampo,Hombres,16,0.0
2019,Michoacán de Ocampo,Hombres,16,0.0
2018,Michoacán de Ocampo,Hombres,16,0.0
2017,Michoacán de Ocampo,Hombres,16,0.0
2016,Michoacán de Ocampo,Hombres,16,0.0
2015,Michoacán de Ocampo,Hombres,16,0.0
2014,Michoacán de Ocampo,Hombres,16,0.0
2013,Michoacán de Ocampo,Hombres,16,0.0
2012,Michoacán de Ocampo,Hombres,16,0.0
2011,Michoacán de Ocampo,Hombres,16,0.0
2010,Michoacán de Ocampo,Hombres,16,0.0
2021,Michoacán de Ocampo,Mujeres,16,0.0
2020,Michoacán de Ocampo,Mujeres,16,0.0
2019,Michoacán de Ocampo,Mujeres,16,0.0
2018,Michoacán de Ocampo,Mujeres,16,0.0
2017,Michoacán de Ocampo,Mujeres,16,0.0
2016,Michoacán de Ocampo,Mujeres,16,0.0
2015,Michoacán de Ocampo,Mujeres,16,0.0
2014,Michoacán de Ocampo,Mujeres,16,0.0
2013,Michoacán de Ocampo,Mujeres,16,0.0
2012,Michoacán de Ocampo,Mujeres,16,0.0
2011,Michoacán de Ocampo,Mujeres,16,0.0
2010,Michoacán de Ocampo,Mujeres,16,0.0
2021,Morelos,Total,17,32.43084291
2020,Morelos,Total,17,37.22964763
2019,Morelos,Total,17,41.25186926
2018,Morelos,Total,17,45.81585484
2017,Morelos,Total,17,56.05721126
2016,Morelos,Total,17,47.51595385
2015,Morelos,Total,17,44.47025511
2014,Morelos,Total,17,52.17007763
2013,Morelos,Total,17,49.03369002
2012,Morelos,Total,17,50.97112658
2011,Morelos,Total,17,26.7394444
2010,Morelos,Total,17,35.4721091
2021,Morelos,Hombres,17,0.0
2020,Morelos,Hombres,17,0.0
2019,Morelos,Hombres,17,0.0
2018,Morelos,Hombres,17,0.0
2017,Morelos,Hombres,17,0.0
2016,Morelos,Hombres,17,0.0
2015,Morelos,Hombres,17,0.0
2014,Morelos,Hombres,17,0.0
2013,Morelos,Hombres,17,0.0
2012,Morelos,Hombres,17,0.0
2011,Morelos,Hombres,17,0.0
2010,Morelos,Hombres,17,0.0
2021,Morelos,Mujeres,17,0.0
2020,Morelos,Mujeres,17,0.0
2019,Morelos,Mujeres,17,0.0
2018,Morelos,Mujeres,17,0.0
2017,Morelos,Mujeres,17,0.0
2016,Morelos,Mujeres,17,0.0
2015,Morelos,Mujeres,17,0.0
2014,Morelos,Mujeres,17,0.0
2013,Morelos,Mujeres,17,0.0
2012,Morelos,Mujeres,17,0.0
2011,Morelos,Mujeres,17,0.0
2010,Morelos,Mujeres,17,0.0
2021,Nayarit,Total,18,57.74428563
2020,Nayarit,Total,18,60.78454823
2019,Nayarit,Total,18,42.77577216
2018,Nayarit,Total,18,62.07464746
2017,Nayarit,Total,18,47.61569731
2016,Nayarit,Total,18,67.00400515
2015,Nayarit,Total,18,60.34606035
2014,Nayarit,Total,18,61.19156994
2013,Nayarit,Total,18,65.73468396
2012,Nayarit,Total,18,50.57533548
2011,Nayarit,Total,18,46.26994928
2010,Nayarit,Total,18,41.37308998
2021,Nayarit,Hombres,18,0.0
2020,Nayarit,Hombres,18,0.0
2019,Nayarit,Hombres,18,0.0
2018,Nayarit,Hombres,18,0.0
2017,Nayarit,Hombres,18,0.0
2016,Nayarit,Hombres,18,0.0
2015,Nayarit,Hombres,18,0.0
2014,Nayarit,Hombres,18,0.0
2013,Nayarit,Hombres,18,0.0
2012,Nayarit,Hombres,18,0.0
2011,Nayarit,Hombres,18,0.0
2010,Nayarit,Hombres,18,0.0
2021,Nayarit,Mujeres,18,0.0
2020,Nayarit,Mujeres,18,0.0
2019,Nayarit,Mujeres,18,0.0
2018,Nayarit,Mujeres,18,0.0
2017,Nayarit,Mujeres,18,0.0
2016,Nayarit,Mujeres,18,0.0
2015,Nayarit,Mujeres,18,0.0
2014,Nayarit,Mujeres,18,0.0
2013,Nayarit,Mujeres,18,0.0
2012,Nayarit,Mujeres,18,0.0
2011,Nayarit,Mujeres,18,0.0
2010,Nayarit,Mujeres,18,0.0
2021,Nuevo León,Total,19,74.5255565
2020,Nuevo León,Total,19,74.88582946
2019,Nuevo León,Total,19,55.45433648
2018,Nuevo León,Total,19,60.43368024
2017,Nuevo León,Total,19,63.80537147
2016,Nuevo León,Total,19,79.50972628
2015,Nuevo León,Total,19,71.98981021
2014,Nuevo León,Total,19,60.07401172
2013,Nuevo León,Total,19,68.96194148
2012,Nuevo León,Total,19,70.24064632
2011,Nuevo León,Total,19,37.90090063
2010,Nuevo León,Total,19,38.12828971
2021,Nuevo León,Hombres,19,0.0
2020,Nuevo León,Hombres,19,0.0
2019,Nuevo León,Hombres,19,0.0
2018,Nuevo León,Hombres,19,0.0
2017,Nuevo León,Hombres,19,0.0
2016,Nuevo León,Hombres,19,0.0
2015,Nuevo León,Hombres,19,0.0
2014,Nuevo León,Hombres,19,0.0
2013,Nuevo León,Hombres,19,0.0
2012,Nuevo León,Hombres,19,0.0
2011,Nuevo León,Hombres,19,0.0
2010,Nuevo León,Hombres,19,0.0
2021,Nuevo León,Mujeres,19,0.0
2020,Nuevo León,Mujeres,19,0.0
2019,Nuevo León,Mujeres,19,0.0
2018,Nuevo León,Mujeres,19,0.0
2017,Nuevo León,Mujeres,19,0.0
2016,Nuevo León,Mujeres,19,0.0
2015,Nuevo León,Mujeres,19,0.0
2014,Nuevo León,Mujeres,19,0.0
2013,Nuevo León,Mujeres,19,0.0
2012,Nuevo León,Mujeres,19,0.0
2011,Nuevo León,Mujeres,19,0.0
2010,Nuevo León,Mujeres,19,0.0
2021,Oaxaca,Total,20,50.39552943
2020,Oaxaca,Total,20,56.99559707
2019,Oaxaca,Total,20,35.19791167
2018,Oaxaca,Total,20,54.22852512
2017,Oaxaca,Total,20,48.90436184
2016,Oaxaca,Total,20,49.83795067
2015,Oaxaca,Total,20,40.3146763
2014,Oaxaca,Total,20,47.30855757
2013,Oaxaca,Total,20,52.52257445
2012,Oaxaca,Total,20,40.50194147
2011,Oaxaca,Total,20,27.79177035
2010,Oaxaca,Total,20,49.36136136
2021,Oaxaca,Hombres,20,0.0
2020,Oaxaca,Hombres,20,0.0
2019,Oaxaca,Hombres,20,0.0
2018,Oaxaca,Hombres,20,0.0
2017,Oaxaca,Hombres,20,0.0
2016,Oaxaca,Hombres,20,0.0
2015,Oaxaca,Hombres,20,0.0
2014,Oaxaca,Hombres,20,0.0
2013,Oaxaca,Hombres,20,0.0
2012,Oaxaca,Hombres,20,0.0
2011,Oaxaca,Hombres,20,0.0
2010,Oaxaca,Hombres,20,0.0
2021,Oaxaca,Mujeres,20,0.0
2020,Oaxaca,Mujeres,20,0.0
2019,Oaxaca,Mujeres,20,0.0
2018,Oaxaca,Mujeres,20,0.0
2017,Oaxaca,Mujeres,20,0.0
2016,Oaxaca,Mujeres,20,0.0
2015,Oaxaca,Mujeres,20,0.0
2014,Oaxaca,Mujeres,20,0.0
2013,Oaxaca,Mujeres,20,0.0
2012,Oaxaca,Mujeres,20,0.0
2011,Oaxaca,Mujeres,20,0.0
2010,Oaxaca,Mujeres,20,0.0
2021,Puebla,Total,21,50.43521189
2020,Puebla,Total,21,38.50101311
2019,Puebla,Total,21,41.17663487
2018,Puebla,Total,21,40.69608484
2017,Puebla,Total,21,39.48156503
2016,Puebla,Total,21,42.23546724
2015,Puebla,Total,21,38.91498488
2014,Puebla,Total,21,41.00573551
2013,Puebla,Total,21,51.55822595
2012,Puebla,Total,21,36.88770972
2011,Puebla,Total,21,28.92189086
2010,Puebla,Total,21,26.69075023
2021,Puebla,Hombres,21,0.0
2020,Puebla,Hombres,21,0.0
2019,Puebla,Hombres,21,0.0
2018,Puebla,Hombres,21,0.0
2017,Puebla,Hombres,21,0.0
2016,Puebla,Hombres,21,0.0
2015,Puebla,Hombres,21,0.0
2014,Puebla,Hombres,21,0.0
2013,Puebla,Hombres,21,0.0
2012,Puebla,Hombres,21,0.0
2011,Puebla,Hombres,21,0.0
2010,Puebla,Hombres,21,0.0
2021,Puebla,Mujeres,21,0.0
2020,Puebla,Mujeres,21,0.0
2019,Puebla,Mujeres,21,0.0
2018,Puebla,Mujeres,21,0.0
2017,Puebla,Mujeres,21,0.0
2016,Puebla,Mujeres,21,0.0
2015,Puebla,Mujeres,21,0.0
2014,Puebla,Mujeres,21,0.0
2013,Puebla,Mujeres,21,0.0
2012,Puebla,Mujeres,21,0.0
2011,Puebla,Mujeres,21,0.0
2010,Puebla,Mujeres,21,0.0
2021,Querétaro,Total,22,48.61105073
2020,Querétaro,Total,22,57.27224294
2019,Querétaro,Total,22,61.83447246
2018,Querétaro,Total,22,52.47626568
2017,Querétaro,Total,22,50.45169839
2016,Querétaro,Total,22,55.3175259
2015,Querétaro,Total,22,50.71421231
2014,Querétaro,Total,22,55.65484888
2013,Querétaro,Total,22,52.61376673
2012,Querétaro,Total,22,52.29442502
2011,Querétaro,Total,22,38.92326878
2010,Querétaro,Total,22,42.30014713
2021,Querétaro,Hombres,22,0.0
2020,Querétaro,Hombres,22,0.0
2019,Querétaro,Hombres,22,0.0
2018,Querétaro,Hombres,22,0.0
2017,Querétaro,Hombres,22,0.0
2016,Querétaro,Hombres,22,0.0
2015,Querétaro,Hombres,22,0.0
2014,Querétaro,Hombres,22,0.0
2013,Querétaro,Hombres,22,0.0
2012,Querétaro,Hombres,22,0.0
2011,Querétaro,Hombres,22,0.0
2010,Querétaro,Hombres,22,0.0
2021,Querétaro,Mujeres,22,0.0
2020,Querétaro,Mujeres,22,0.0
2019,Querétaro,Mujeres,22,0.0
2018,Querétaro,Mujeres,22,0.0
2017,Querétaro,Mujeres,22,0.0
2016,Querétaro,Mujeres,22,0.0
2015,Querétaro,Mujeres,22,0.0
2014,Querétaro,Mujeres,22,0.0
2013,Querétaro,Mujeres,22,0.0
2012,Querétaro,Mujeres,22,0.0
2011,Querétaro,Mujeres,22,0.0
2010,Querétaro,Mujeres,22,0.0
2021,Quintana Roo,Total,23,53.72903466
2020,Quintana Roo,Total,23,34.01524268
2019,Quintana Roo,Total,23,61.31691089
2018,Quintana Roo,Total,23,48.47193047
2017,Quintana Roo,Total,23,49.35969113
2016,Quintana Roo,Total,23,39.42210503
2015,Quintana Roo,Total,23,45.41556626
2014,Quintana Roo,Total,23,56.925548
2013,Quintana Roo,Total,23,47.99729735
2012,Quintana Roo,Total,23,54.30650377
2011,Quintana Roo,Total,23,23.02801132
2010,Quintana Roo,Total,23,27.86848704
2021,Quintana Roo,Hombres,23,0.0
2020,Quintana Roo,Hombres,23,0.0
2019,Quintana Roo,Hombres,23,0.0
2018,Quintana Roo,Hombres,23,0.0
2017,Quintana Roo,Hombres,23,0.0
2016,Quintana Roo,Hombres,23,0.0
2015,Quintana Roo,Hombres,23,0.0
2014,Quintana Roo,Hombres,23,0.0
2013,Quintana Roo,Hombres,23,0.0
2012,Quintana Roo,Hombres,23,0.0
2011,Quintana Roo,Hombres,23,0.0
2010,Quintana Roo,Hombres,23,0.0
2021,Quintana Roo,Mujeres,23,0.0
2020,Quintana Roo,Mujeres,23,0.0
2019,Quintana Roo,Mujeres,23,0.0
2018,Quintana Roo,Mujeres,23,0.0
2017,Quintana Roo,Mujeres,23,0.0
2016,Quintana Roo,Mujeres,23,0.0
2015,Quintana Roo,Mujeres,23,0.0
2014,Quintana Roo,Mujeres,23,0.0
2013,Quintana Roo,Mujeres,23,0.0
2012,Quintana Roo,Mujeres,23,0.0
2011,Quintana Roo,Mujeres,23,0.0
2010,Quintana Roo,Mujeres,23,0.0
2021,San Luis Potosí,Total,24,57.51751891
2020,San Luis Potosí,Total,24,39.01174999
2019,San Luis Potosí,Total,24,55.59711747
2018,San Luis Potosí,Total,24,60.37456123
2017,San Luis Potosí,Total,24,56.77208256
2016,San Luis Potosí,Total,24,54.77520814
2015,San Luis Potosí,Total,24,54.67434648
2014,San Luis Potosí,Total,24,60.67801579
2013,San Luis Potosí,Total,24,59.88822787
2012,San Luis Potosí,Total,24,54.14356813
2011,San Luis Potosí,Total,24,36.96864193
2010,San Luis Potosí,Total,24,37.85551153
2021,San Luis Potosí,Hombres,24,0.0
2020,San Luis Potosí,Hombres,24,0.0
2019,San Luis Potosí,Hombres,24,0.0
2018,San Luis Potosí,Hombres,24,0.0
2017,San Luis Potosí,Hombres,24,0.0
2016,San Luis Potosí,Hombres,24,0.0
2015,San Luis Potosí,Hombres,24,0.0
2014,San Luis Potosí,Hombres,24,0.0
2013,San Luis Potosí,Hombres,24,0.0
2012,San Luis Potosí,Hombres,24,0.0
2011,San Luis Potosí,Hombres,24,0.0
2010,San Luis Potosí,Hombres,24,0.0
2021,San Luis Potosí,Mujeres,24,0.0
2020,San Luis Potosí,Mujeres,24,0.0
2019,San Luis Potosí,Mujeres,24,0.0
2018,San Luis Potosí,Mujeres,24,0.0
2017,San Luis Potosí,Mujeres,24,0.0
2016,San Luis Potosí,Mujeres,24,0.0
2015,San Luis Potosí,Mujeres,24,0.0
2014,San Luis Potosí,Mujeres,24,0.0
2013,San Luis Potosí,Mujeres,24,0.0
2012,San Luis Potosí,Mujeres,24,0.0
2011,San Luis Potosí,Mujeres,24,0.0
2010,San Luis Potosí,Mujeres,24,0.0
2021,Sinaloa,Total,25,77.18206888
2020,Sinaloa,Total,25,53.93999794
2019,Sinaloa,Total,25,68.1586
2018,Sinaloa,Total,25,72.84516296
2017,Sinaloa,Total,25,73.14159699
2016,Sinaloa,Total,25,65.93415741
2015,Sinaloa,Total,25,58.27556326
2014,Sinaloa,Total,25,69.9440666
2013,Sinaloa,Total,25,67.66434566
2012,Sinaloa,Total,25,76.40145467
2011,Sinaloa,Total,25,43.91917502
2010,Sinaloa,Total,25,36.88751231
2021,Sinaloa,Hombres,25,0.0
2020,Sinaloa,Hombres,25,0.0
2019,Sinaloa,Hombres,25,0.0
2018,Sinaloa,Hombres,25,0.0
2017,Sinaloa,Hombres,25,0.0
2016,Sinaloa,Hombres,25,0.0
2015,Sinaloa,Hombres,25,0.0
2014,Sinaloa,Hombres,25,0.0
2013,Sinaloa,Hombres,25,0.0
2012,Sinaloa,Hombres,25,0.0
2011,Sinaloa,Hombres,25,0.0
2010,Sinaloa,Hombres,25,0.0
2021,Sinaloa,Mujeres,25,0.0
2020,Sinaloa,Mujeres,25,0.0
2019,Sinaloa,Mujeres,25,0.0
2018,Sinaloa,Mujeres,25,0.0
2017,Sinaloa,Mujeres,25,0.0
2016,Sinaloa,Mujeres,25,0.0
2015,Sinaloa,Mujeres,25,0.0
2014,Sinaloa,Mujeres,25,0.0
2013,Sinaloa,Mujeres,25,0.0
2012,Sinaloa,Mujeres,25,0.0
2011,Sinaloa,Mujeres,25,0.0
2010,Sinaloa,Mujeres,25,0.0
2021,Sonora,Total,26,66.77979266
2020,Sonora,Total,26,59.37011139
2019,Sonora,Total,26,58.47025985
2018,Sonora,Total,26,56.46852737
2017,Sonora,Total,26,58.58120708
2016,Sonora,Total,26,55.78441809
2015,Sonora,Total,26,61.33498098
2014,Sonora,Total,26,66.39268563
2013,Sonora,Total,26,49.47620899
2012,Sonora,Total,26,65.61772437
2011,Sonora,Total,26,43.43157653
2010,Sonora,Total,26,21.77191088
2021,Sonora,Hombres,26,0.0
2020,Sonora,Hombres,26,0.0
2019,Sonora,Hombres,26,0.0
2018,Sonora,Hombres,26,0.0
2017,Sonora,Hombres,26,0.0
2016,Sonora,Hombres,26,0.0
2015,Sonora,Hombres,26,0.0
2014,Sonora,Hombres,26,0.0
2013,Sonora,Hombres,26,0.0
2012,Sonora,Hombres,26,0.0
2011,Sonora,Hombres,26,0.0
2010,Sonora,Hombres,26,0.0
2021,Sonora,Mujeres,26,0.0
2020,Sonora,Mujeres,26,0.0
2019,Sonora,Mujeres,26,0.0
2018,Sonora,Mujeres,26,0.0
2017,Sonora,Mujeres,26,0.0
2016,Sonora,Mujeres,26,0.0
2015,Sonora,Mujeres,26,0.0
2014,Sonora,Mujeres,26,0.0
2013,Sonora,Mujeres,26,0.0
2012,Sonora,Mujeres,26,0.0
2011,Sonora,Mujeres,26,0.0
2010,Sonora,Mujeres,26,0.0
2021,Tabasco,Total,27,47.41860846
2020,Tabasco,Total,27,55.53497704
2019,Tabasco,Total,27,63.95608166
2018,Tabasco,Total,27,56.34925887
2017,Tabasco,Total,27,53.47750345
2016,Tabasco,Total,27,57.02859818
2015,Tabasco,Total,27,53.19108482
2014,Tabasco,Total,27,42.34660661
2013,Tabasco,Total,27,49.1553797
2012,Tabasco,Total,27,47.59141033
2011,Tabasco,Total,27,20.75723374
2010,Tabasco,Total,27,34.80124341
2021,Tabasco,Hombres,27,0.0
2020,Tabasco,Hombres,27,0.0
2019,Tabasco,Hombres,27,0.0
2018,Tabasco,Hombres,27,0.0
2017,Tabasco,Hombres,27,0.0
2016,Tabasco,Hombres,27,0.0
2015,Tabasco,Hombres,27,0.0
2014,Tabasco,Hombres,27,0.0
2013,Tabasco,Hombres,27,0.0
2012,Tabasco,Hombres,27,0.0
2011,Tabasco,Hombres,27,0.0
2010,Tabasco,Hombres,27,0.0
2021,Tabasco,Mujeres,27,0.0
2020,Tabasco,Mujeres,27,0.0
2019,Tabasco,Mujeres,27,0.0
2018,Tabasco,Mujeres,27,0.0
2017,Tabasco,Mujeres,27,0.0
2016,Tabasco,Mujeres,27,0.0
2015,Tabasco,Mujeres,27,0.0
2014,Tabasco,Mujeres,27,0.0
2013,Tabasco,Mujeres,27,0.0
2012,Tabasco,Mujeres,27,0.0
2011,Tabasco,Mujeres,27,0.0
2010,Tabasco,Mujeres,27,0.0
2021,Tamaulipas,Total,28,58.04904479
2020,Tamaulipas,Total,28,64.53511977
2019,Tamaulipas,Total,28,50.01425488
2018,Tamaulipas,Total,28,68.94528302
2017,Tamaulipas,Total,28,56.31974711
2016,Tamaulipas,Total,28,67.10916482
2015,Tamaulipas,Total,28,60.88789927
2014,Tamaulipas,Total,28,69.88404682
2013,Tamaulipas,Total,28,62.21097955
2012,Tamaulipas,Total,28,48.61386274
2011,Tamaulipas,Total,28,37.63981311
2010,Tamaulipas,Total,28,46.1988871
2021,Tamaulipas,Hombres,28,0.0
2020,Tamaulipas,Hombres,28,0.0
2019,Tamaulipas,Hombres,28,0.0
2018,Tamaulipas,Hombres,28,0.0
2017,Tamaulipas,Hombres,28,0.0
2016,Tamaulipas,Hombres,28,0.0
2015,Tamaulipas,Hombres,28,0.0
2014,Tamaulipas,Hombres,28,0.0
2013,Tamaulipas,Hombres,28,0.0
2012,Tamaulipas,Hombres,28,0.0
2011,Tamaulipas,Hombres,28,0.0
2010,Tamaulipas,Hombres,28,0.0
2021,Tamaulipas,Mujeres,28,0.0
2020,Tamaulipas,Mujeres,28,0.0
2019,Tamaulipas,Mujeres,28,0.0
2018,Tamaulipas,Mujeres,28,0.0
2017,Tamaulipas,Mujeres,28,0.0
2016,Tamaulipas,Mujeres,28,0.0
2015,Tamaulipas,Mujeres,28,0.0
2014,Tamaulipas,Mujeres,28,0.0
2013,Tamaulipas,Mujeres,28,0.0
2012,Tamaulipas,Mujeres,28,0.0
2011,Tamaulipas,Mujeres,28,0.0
2010,Tamaulipas,Mujeres,28,0.0
2021,Tlaxcala,Total,29,41.98355071
2020,Tlaxcala,Total,29,51.56440923
2019,Tlaxcala,Total,29,30.44502618
2018,Tlaxcala,Total,29,42.22143979
2017,Tlaxcala,Total,29,44.60681083
2016,Tlaxcala,Total,29,51.7148961
2015,Tlaxcala,Total,29,40.89497344
2014,Tlaxcala,Total,29,51.7151845
2013,Tlaxcala,Total,29,40.83801387
2012,Tlaxcala,Total,29,46.67928186
2011,Tlaxcala,Total,29,26.65410878
2010,Tlaxcala,Total,29,30.33560995
2021,Tlaxcala,Hombres,29,0.0
2020,Tlaxcala,Hombres,29,0.0
2019,Tlaxcala,Hombres,29,0.0
2018,Tlaxcala,Hombres,29,0.0
2017,Tlaxcala,Hombres,29,0.0
2016,Tlaxcala,Hombres,29,0.0
2015,Tlaxcala,Hombres,29,0.0
2014,Tlaxcala,Hombres,29,0.0
2013,Tlaxcala,Hombres,29,0.0
2012,Tlaxcala,Hombres,29,0.0
2011,Tlaxcala,Hombres,29,0.0
2010,Tlaxcala,Hombres,29,0.0
2021,Tlaxcala,Mujeres,29,0.0
2020,Tlaxcala,Mujeres,29,0.0
2019,Tlaxcala,Mujeres,29,0.0
2018,Tlaxcala,Mujeres,29,0.0
2017,Tlaxcala,Mujeres,29,0.0
2016,Tlaxcala,Mujeres,29,0.0
2015,Tlaxcala,Mujeres,29,0.0
2014,Tlaxcala,Mujeres,29,0.0
2013,Tlaxcala,Mujeres,29,0.0
2012,Tlaxcala,Mujeres,29,0.0
2011,Tlaxcala,Mujeres,29,0.0
2010,Tlaxcala,Mujeres,29,0.0
2021,Veracruz de Ignacio de la Llave,Total,30,37.70676469
2020,Veracruz de Ignacio de la Llave,Total,30,66.89435128
2019,Veracruz de Ignacio de la Llave,Total,30,47.48720883
2018,Veracruz de Ignacio de la Llave,Total,30,51.34112882
2017,Veracruz de Ignacio de la Llave,Total,30,56.80107594
2016,Veracruz de Ignacio de la Llave,Total,30,52.17767296
2015,Veracruz de Ignacio de la Llave,Total,30,46.93445458
2014,Veracruz de Ignacio de la Llave,Total,30,40.09211571
2013,Veracruz de Ignacio de la Llave,Total,30,44.95572715
2012,Veracruz de Ignacio de la Llave,Total,30,42.54383653
2011,Veracruz de Ignacio de la Llave,Total,30,19.63627346
2010,Veracruz de Ignacio de la Llave,Total,30,20.19623513
2021,Veracruz de Ignacio de la Llave,Hombres,30,0.0
2020,Veracruz de Ignacio de la Llave,Hombres,30,0.0
2019,Veracruz de Ignacio de la Llave,Hombres,30,0.0
2018,Veracruz de Ignacio de la Llave,Hombres,30,0.0
2017,Veracruz de Ignacio de la Llave,Hombres,30,0.0
2016,Veracruz de Ignacio de la Llave,Hombres,30,0.0
2015,Veracruz de Ignacio de la Llave,Hombres,30,0.0
2014,Veracruz de Ignacio de la Llave,Hombres,30,0.0
2013,Veracruz de Ignacio de la Llave,Hombres,30,0.0
2012,Veracruz de Ignacio de la Llave,Hombres,30,0.0
2011,Veracruz de Ignacio de la Llave,Hombres,30,0.0
2010,Veracruz de Ignacio de la Llave,Hombres,30,0.0
2021,Veracruz de Ignacio de la Llave,Mujeres,30,0.0
2020,Veracruz de Ignacio de la Llave,Mujeres,30,0.0
2019,Veracruz de Ignacio de la Llave,Mujeres,30,0.0
2018,Veracruz de Ignacio de la Llave,Mujeres,30,0.0
2017,Veracruz de Ignacio de la Llave,Mujeres,30,0.0
2016,Veracruz de Ignacio de la Llave,Mujeres,30,0.0
2015,Veracruz de Ignacio de la Llave,Mujeres,30,0.0
2014,Veracruz de Ignacio de la Llave,Mujeres,30,0.0
2013,Veracruz de Ignacio de la Llave,Mujeres,30,0.0
2012,Veracruz de Ignacio de la Llave,Mujeres,30,0.0
2011,Veracruz de Ignacio de la Llave,Mujeres,30,0.0
2010,Veracruz de Ignacio de la Llave,Mujeres,30,0.0
2021,Yucatán,Total,31,50.12683762
2020,Yucatán,Total,31,61.58917813
2019,Yucatán,Total,31,60.74066713
2018,Yucatán,Total,31,43.60688956
2017,Yucatán,Total,31,49.66714707
2016,Yucatán,Total,31,47.49217969
2015,Yucatán,Total,31,60.95627922
2014,Yucatán,Total,31,55.63818311
2013,Yucatán,Total,31,54.02597403
2012,Yucatán,Total,31,53.1795208
2011,Yucatán,Total,31,44.89981518
2010,Yucatán,Total,31,67.223735
2021,Yucatán,Hombres,31,0.0
2020,Yucatán,Hombres,31,0.0
2019,Yucatán,Hombres,31,0.0
2018,Yucatán,Hombres,31,0.0
2017,Yucatán,Hombres,31,0.0
2016,Yucatán,Hombres,31,0.0
2015,Yucatán,Hombres,31,0.0
2014,Yucatán,Hombres,31,0.0
2013,Yucatán,Hombres,31,0.0
2012,Yucatán,Hombres,31,0.0
2011,Yucatán,Hombres,31,0.0
2010,Yucatán,Hombres,31,0.0
2021,Yucatán,Mujeres,31,0.0
2020,Yucatán,Mujeres,31,0.0
2019,Yucatán,Mujeres,31,0.0
2018,Yucatán,Mujeres,31,0.0
2017,Yucatán,Mujeres,31,0.0
2016,Yucatán,Mujeres,31,0.0
2015,Yucatán,Mujeres,31,0.0
2014,Yucatán,Mujeres,31,0.0
2013,Yucatán,Mujeres,31,0.0
2012,Yucatán,Mujeres,31,0.0
2011,Yucatán,Mujeres,31,0.0
2010,Yucatán,Mujeres,31,0.0
2021,Zacatecas,Total,32,70.63254914
2020,Zacatecas,Total,32,54.60075657
2019,Zacatecas,Total,32,71.04669206
2018,Zacatecas,Total,32,69.47377607
2017,Zacatecas,Total,32,58.30979716
2016,Zacatecas,Total,32,76.82857252
2015,Zacatecas,Total,32,63.76205788
2014,Zacatecas,Total,32,56.00026462
2013,Zacatecas,Total,32,64.55720894
2012,Zacatecas,Total,32,43.22154439
2011,Zacatecas,Total,32,34.4907926
2010,Zacatecas,Total,32,37.88753237
2021,Zacatecas,Hombres,32,0.0
2020,Zacatecas,Hombres,32,0.0
2019,Zacatecas,Hombres,32,0.0
2018,Zacatecas,Hombres,32,0.0
2017,Zacatecas,Hombres,32,0.0
2016,Zacatecas,Hombres,32,0.0
2015,Zacatecas,Hombres,32,0.0
2014,Zacatecas,Hombres,32,0.0
2013,Zacatecas,Hombres,32,0.0
2012,Zacatecas,Hombres,32,0.0
2011,Zacatecas,Hombres,32,0.0
2010,Zacatecas,Hombres,32,0.0
2021,Zacatecas,Mujeres,32,0.0
2020,Zacatecas,Mujeres,32,0.0
2019,Zacatecas,Mujeres,32,0.0
2018,Zacatecas,Mujeres,32,0.0
2017,Zacatecas,Mujeres,32,0.0
2016,Zacatecas,Mujeres,32,0.0
2015,Zacatecas,Mujeres,32,0.0
2014,Zacatecas,Mujeres,32,0.0
2013,Zacatecas,Mujeres,32,0.0
2012,Zacatecas,Mujeres,32,0.0
2011,Zacatecas,Mujeres,32,0.0
2010,Zacatecas,Mujeres,32,0.0
