Year,Entidad federativa,Educación Básica,Educación Media,GeoCode,Value
2021/2022,Estados Unidos Mexicanos,Total,,0,50.73674516510991
2020/2021,Estados Unidos Mexicanos,Total,,0,52.79540935007368
2019/2020,Estados Unidos Mexicanos,Total,,0,53.9858735950528
2018/2019,Estados Unidos Mexicanos,Total,,0,54.349148195640176
2021/2022,Aguascalientes,Total,,1,75.4113345521024
2020/2021,Aguascalientes,Total,,1,81.1059907834101
2019/2020,Aguascalientes,Total,,1,78.5116279069767
2018/2019,Aguascalientes,Total,,1,77.93296089385481
2021/2022,Baja California,Total,,2,74.73730297723293
2020/2021,Baja California,Total,,2,79.89487516425763
2019/2020,Baja California,Total,,2,81.56400174748799
2018/2019,Baja California,Total,,2,79.54445904511611
2021/2022,Baja California Sur,Total,,3,66.35514018691592
2020/2021,Baja California Sur,Total,,3,73.19749216300941
2019/2020,Baja California Sur,Total,,3,72.0379146919431
2018/2019,Baja California Sur,Total,,3,71.3831478537361
2021/2022,Campeche,Total,,4,55.99284436493738
2020/2021,Campeche,Total,,4,65.82278481012659
2019/2020,Campeche,Total,,4,67.96380090497743
2018/2019,Campeche,Total,,4,69.5573622402891
2021/2022,Coahuila de Zaragoza,Total,,5,54.37676482452602
2020/2021,Coahuila de Zaragoza,Total,,5,57.77777777777782
2019/2020,Coahuila de Zaragoza,Total,,5,60.42932361279871
2018/2019,Coahuila de Zaragoza,Total,,5,60.657734470158296
2021/2022,Colima,Total,,6,67.9878048780488
2020/2021,Colima,Total,,6,73.4756097560976
2019/2020,Colima,Total,,6,72.6858877086495
2018/2019,Colima,Total,,6,73.37367624810892
2021/2022,Chiapas,Total,,7,22.354964250158396
2020/2021,Chiapas,Total,,7,24.8438648052902
2019/2020,Chiapas,Total,,7,22.5192237275723
2018/2019,Chiapas,Total,,7,24.166511454647
2021/2022,Chihuahua,Total,,8,45.64929912721501
2020/2021,Chihuahua,Total,,8,53.7782680639824
2019/2020,Chihuahua,Total,,8,51.45684442001098
2018/2019,Chihuahua,Total,,8,60.92357547934112
2021/2022,Ciudad de México,Total,,9,75.7363253856942
2020/2021,Ciudad de México,Total,,9,80.63844552394173
2019/2020,Ciudad de México,Total,,9,80.5631868131868
2018/2019,Ciudad de México,Total,,9,87.80930760499429
2021/2022,Durango,Total,,10,60.78487539387002
2020/2021,Durango,Total,,10,66.16146895948701
2019/2020,Durango,Total,,10,63.11852704257772
2018/2019,Durango,Total,,10,61.1127209504491
2021/2022,Guanajuato,Total,,11,62.986700849222885
2020/2021,Guanajuato,Total,,11,65.68580157581599
2019/2020,Guanajuato,Total,,11,63.48090139044269
2018/2019,Guanajuato,Total,,11,63.70477105347421
2021/2022,Guerrero,Total,,12,41.4573256358246
2020/2021,Guerrero,Total,,12,46.5090795241077
2019/2020,Guerrero,Total,,12,50.19613996547938
2018/2019,Guerrero,Total,,12,49.5664512060539
2021/2022,Hidalgo,Total,,13,58.998469276186285
2020/2021,Hidalgo,Total,,13,62.389575971731375
2019/2020,Hidalgo,Total,,13,58.3906007537131
2018/2019,Hidalgo,Total,,13,57.22811671087528
2021/2022,Jalisco,Total,,14,53.969681397739
2020/2021,Jalisco,Total,,14,55.65228523876579
2019/2020,Jalisco,Total,,14,57.3000639795265
2018/2019,Jalisco,Total,,14,57.42257486562582
2021/2022,México,Total,,15,74.83258455539541
2020/2021,México,Total,,15,78.7443717611078
2019/2020,México,Total,,15,79.01591895803179
2018/2019,México,Total,,15,79.8462852263023
2021/2022,Michoacán de Ocampo,Total,,16,42.507690054196594
2020/2021,Michoacán de Ocampo,Total,,16,41.6933838531041
2019/2020,Michoacán de Ocampo,Total,,16,42.8468312400751
2018/2019,Michoacán de Ocampo,Total,,16,36.32075471698112
2021/2022,Morelos,Total,,17,70.7909604519774
2020/2021,Morelos,Total,,17,72.24420576596948
2019/2020,Morelos,Total,,17,73.43049327354262
2018/2019,Morelos,Total,,17,71.96156020350483
2021/2022,Nayarit,Total,,18,51.448879168944806
2020/2021,Nayarit,Total,,18,58.63960504662643
2019/2020,Nayarit,Total,,18,59.66573816155992
2018/2019,Nayarit,Total,,18,56.786703601108
2021/2022,Nuevo León,Total,,19,43.93668623946901
2020/2021,Nuevo León,Total,,19,0.5642472428827902
2019/2020,Nuevo León,Total,,19,53.4544524053224
2018/2019,Nuevo León,Total,,19,54.140946502057616
2021/2022,Oaxaca,Total,,20,28.6047940995698
2020/2021,Oaxaca,Total,,20,27.9472784964608
2019/2020,Oaxaca,Total,,20,22.1165569373324
2018/2019,Oaxaca,Total,,20,22.4996983954639
2021/2022,Puebla,Total,,21,57.6039464411557
2020/2021,Puebla,Total,,21,60.35553047404061
2019/2020,Puebla,Total,,21,60.08224617129892
2018/2019,Puebla,Total,,21,60.8714164064718
2021/2022,Querétaro,Total,,22,60.79812206572771
2020/2021,Querétaro,Total,,22,64.14913957934992
2019/2020,Querétaro,Total,,22,59.18565196316038
2018/2019,Querétaro,Total,,22,60.89277049975738
2021/2022,Quintana Roo,Total,,23,51.0014306151645
2020/2021,Quintana Roo,Total,,23,56.93323550990462
2019/2020,Quintana Roo,Total,,23,58.64332603938728
2018/2019,Quintana Roo,Total,,23,58.78477306002932
2021/2022,San Luis Potosí,Total,,24,56.06530274850181
2020/2021,San Luis Potosí,Total,,24,58.3090984628168
2019/2020,San Luis Potosí,Total,,24,58.91858297078931
2018/2019,San Luis Potosí,Total,,24,58.56262833675558
2021/2022,Sinaloa,Total,,25,39.41460642227911
2020/2021,Sinaloa,Total,,25,45.01432664756452
2019/2020,Sinaloa,Total,,25,44.98583569405101
2018/2019,Sinaloa,Total,,25,46.85811771396081
2021/2022,Sonora,Total,,26,71.29337539432183
2020/2021,Sonora,Total,,26,76.11940298507463
2019/2020,Sonora,Total,,26,77.7214202106906
2018/2019,Sonora,Total,,26,77.43710691823898
2021/2022,Tabasco,Total,,27,26.645984143398792
2020/2021,Tabasco,Total,,27,30.392832529290096
2019/2020,Tabasco,Total,,27,33.11395912712159
2018/2019,Tabasco,Total,,27,33.5642535503983
2021/2022,Tamaulipas,Total,,28,61.951684678957385
2020/2021,Tamaulipas,Total,,28,66.7091430391845
2019/2020,Tamaulipas,Total,,28,67.97698945349951
2018/2019,Tamaulipas,Total,,28,66.33883248730959
2021/2022,Tlaxcala,Total,,29,80.9322033898305
2020/2021,Tlaxcala,Total,,29,82.61986301369862
2019/2020,Tlaxcala,Total,,29,80.2586206896552
2018/2019,Tlaxcala,Total,,29,80.0862068965517
2021/2022,Veracruz de Ignacio de la Llave,Total,,30,33.95421032207991
2020/2021,Veracruz de Ignacio de la Llave,Total,,30,37.33995499340419
2019/2020,Veracruz de Ignacio de la Llave,Total,,30,38.11548272397
2018/2019,Veracruz de Ignacio de la Llave,Total,,30,38.6656382568454
2021/2022,Yucatán,Total,,31,52.79114533204998
2020/2021,Yucatán,Total,,31,62.13971665852469
2019/2020,Yucatán,Total,,31,62.57907542579081
2018/2019,Yucatán,Total,,31,62.68436578171089
2021/2022,Zacatecas,Total,,32,63.23977003719991
2020/2021,Zacatecas,Total,,32,66.48685097774782
2019/2020,Zacatecas,Total,,32,68.167964781578
2018/2019,Zacatecas,Total,,32,68.63865546218491
2021/2022,Estados Unidos Mexicanos,Primaria,,0,44.804131239893614
2020/2021,Estados Unidos Mexicanos,Primaria,,0,47.00153606620759
2019/2020,Estados Unidos Mexicanos,Primaria,,0,48.70000000000001
2018/2019,Estados Unidos Mexicanos,Primaria,,0,49.0456749699507
2021/2022,Aguascalientes,Primaria,,1,77.4058577405858
2020/2021,Aguascalientes,Primaria,,1,75.87657784011222
2019/2020,Aguascalientes,Primaria,,1,74.85875706214689
2018/2019,Aguascalientes,Primaria,,1,73.0878186968839
2021/2022,Baja California,Primaria,,2,72.16367017978918
2020/2021,Baja California,Primaria,,2,77.11811997526277
2019/2020,Baja California,Primaria,,2,79.93827160493831
2018/2019,Baja California,Primaria,,2,77.82581840642368
2021/2022,Baja California Sur,Primaria,,3,59.82142857142858
2020/2021,Baja California Sur,Primaria,,3,68.24324324324321
2019/2020,Baja California Sur,Primaria,,3,65.4545454545455
2018/2019,Baja California Sur,Primaria,,3,64.7597254004577
2021/2022,Campeche,Primaria,,4,53.02631578947371
2020/2021,Campeche,Primaria,,4,63.61221779548472
2019/2020,Campeche,Primaria,,4,66.26826029216468
2018/2019,Campeche,Primaria,,4,67.8100263852243
2021/2022,Coahuila de Zaragoza,Primaria,,5,46.5027322404372
2020/2021,Coahuila de Zaragoza,Primaria,,5,50.0820120284308
2019/2020,Coahuila de Zaragoza,Primaria,,5,53.50492880613362
2018/2019,Coahuila de Zaragoza,Primaria,,5,53.86301369863009
2021/2022,Colima,Primaria,,6,65.48117154811722
2020/2021,Colima,Primaria,,6,70.98121085594991
2019/2020,Colima,Primaria,,6,70.3781512605042
2018/2019,Colima,Primaria,,6,71.16182572614113
2021/2022,Chiapas,Primaria,,7,16.9537840085541
2020/2021,Chiapas,Primaria,,7,19.284341978866504
2019/2020,Chiapas,Primaria,,7,17.690564237146596
2018/2019,Chiapas,Primaria,,7,18.981592158737705
2021/2022,Chihuahua,Primaria,,8,42.82592862345231
2020/2021,Chihuahua,Primaria,,8,50.03753753753749
2019/2020,Chihuahua,Primaria,,8,48.58525688756519
2018/2019,Chihuahua,Primaria,,8,57.71198830409358
2021/2022,Ciudad de México,Primaria,,9,71.10138093634217
2020/2021,Ciudad de México,Primaria,,9,76.91538974017318
2019/2020,Ciudad de México,Primaria,,9,77.7741191965756
2018/2019,Ciudad de México,Primaria,,9,86.54474199869371
2021/2022,Durango,Primaria,,10,57.97101449275362
2020/2021,Durango,Primaria,,10,62.23036223036218
2019/2020,Durango,Primaria,,10,59.09455128205128
2018/2019,Durango,Primaria,,10,56.95337620578778
2021/2022,Guanajuato,Primaria,,11,54.23147301006398
2020/2021,Guanajuato,Primaria,,11,56.792106470858215
2019/2020,Guanajuato,Primaria,,11,55.97900502053859
2018/2019,Guanajuato,Primaria,,11,56.63777372262769
2021/2022,Guerrero,Primaria,,12,37.4409714414212
2020/2021,Guerrero,Primaria,,12,42.2627080521817
2019/2020,Guerrero,Primaria,,12,46.31673800405498
2018/2019,Guerrero,Primaria,,12,45.03370786516849
2021/2022,Hidalgo,Primaria,,13,56.35566687539141
2020/2021,Hidalgo,Primaria,,13,59.57246149009748
2019/2020,Hidalgo,Primaria,,13,55.950881612090704
2018/2019,Hidalgo,Primaria,,13,54.9405878674171
2021/2022,Jalisco,Primaria,,14,44.79018492176389
2020/2021,Jalisco,Primaria,,14,46.537984770674704
2019/2020,Jalisco,Primaria,,14,50.185414091471
2018/2019,Jalisco,Primaria,,14,50.09684803662618
2021/2022,México,Primaria,,15,70.52591268828179
2020/2021,México,Primaria,,15,74.55311542390191
2019/2020,México,Primaria,,15,75.4117196476446
2018/2019,México,Primaria,,15,76.89752108356763
2021/2022,Michoacán de Ocampo,Primaria,,16,38.663197918751294
2020/2021,Michoacán de Ocampo,Primaria,,16,39.19216156768651
2019/2020,Michoacán de Ocampo,Primaria,,16,40.926182465861885
2018/2019,Michoacán de Ocampo,Primaria,,16,35.46319673723049
2021/2022,Morelos,Primaria,,17,66.99507389162558
2020/2021,Morelos,Primaria,,17,67.32026143790848
2019/2020,Morelos,Primaria,,17,69.20583468395463
2018/2019,Morelos,Primaria,,17,67.26238830219333
2021/2022,Nayarit,Primaria,,18,45.81607290803651
2020/2021,Nayarit,Primaria,,18,52.86783042394009
2019/2020,Nayarit,Primaria,,18,54.26880811496199
2018/2019,Nayarit,Primaria,,18,51.2949039264829
2021/2022,Nuevo León,Primaria,,19,37.206744868035216
2020/2021,Nuevo León,Primaria,,19,0.293577981651376
2019/2020,Nuevo León,Primaria,,19,48.15895005468471
2018/2019,Nuevo León,Primaria,,19,48.5443959243086
2021/2022,Oaxaca,Primaria,,20,22.1453287197232
2020/2021,Oaxaca,Primaria,,20,22.073940486925206
2019/2020,Oaxaca,Primaria,,20,17.873873873873897
2018/2019,Oaxaca,Primaria,,20,18.7112763320942
2021/2022,Puebla,Primaria,,21,49.17891097666381
2020/2021,Puebla,Primaria,,21,51.724137931034505
2019/2020,Puebla,Primaria,,21,51.834268450582606
2018/2019,Puebla,Primaria,,21,52.9677419354839
2021/2022,Querétaro,Primaria,,22,53.91079508726569
2020/2021,Querétaro,Primaria,,22,57.6570680628272
2019/2020,Querétaro,Primaria,,22,52.0764667106131
2018/2019,Querétaro,Primaria,,22,53.16205533596838
2021/2022,Quintana Roo,Primaria,,23,43.95604395604401
2020/2021,Quintana Roo,Primaria,,23,48.9337822671156
2019/2020,Quintana Roo,Primaria,,23,53.829078801331896
2018/2019,Quintana Roo,Primaria,,23,55.11551155115512
2021/2022,San Luis Potosí,Primaria,,24,45.8531935176358
2020/2021,San Luis Potosí,Primaria,,24,48.7269255251432
2019/2020,San Luis Potosí,Primaria,,24,49.8727735368957
2018/2019,San Luis Potosí,Primaria,,24,48.16095567431629
2021/2022,Sinaloa,Primaria,,25,32.44
2020/2021,Sinaloa,Primaria,,25,37.9282547359935
2019/2020,Sinaloa,Primaria,,25,37.75917065390751
2018/2019,Sinaloa,Primaria,,25,39.8887564560985
2021/2022,Sonora,Primaria,,26,69.88222097588331
2020/2021,Sonora,Primaria,,26,74.6384872080089
2019/2020,Sonora,Primaria,,26,76.7364939360529
2018/2019,Sonora,Primaria,,26,76.7236624379481
2021/2022,Tabasco,Primaria,,27,21.411425828132504
2020/2021,Tabasco,Primaria,,27,24.6529439923408
2019/2020,Tabasco,Primaria,,27,27.272727272727305
2018/2019,Tabasco,Primaria,,27,27.6534983341266
2021/2022,Tamaulipas,Primaria,,28,55.69727891156459
2020/2021,Tamaulipas,Primaria,,28,60.9341825902335
2019/2020,Tamaulipas,Primaria,,28,61.98382290336311
2018/2019,Tamaulipas,Primaria,,28,59.84020185029441
2021/2022,Tlaxcala,Primaria,,29,79.5425667090216
2020/2021,Tlaxcala,Primaria,,29,83.20512820512819
2019/2020,Tlaxcala,Primaria,,29,80.4627249357327
2018/2019,Tlaxcala,Primaria,,29,79.6675191815857
2021/2022,Veracruz de Ignacio de la Llave,Primaria,,30,28.579071260432315
2020/2021,Veracruz de Ignacio de la Llave,Primaria,,30,31.61607524583161
2019/2020,Veracruz de Ignacio de la Llave,Primaria,,30,32.563829787234
2018/2019,Veracruz de Ignacio de la Llave,Primaria,,30,32.537754778751705
2021/2022,Yucatán,Primaria,,31,51.00286532951292
2020/2021,Yucatán,Primaria,,31,57.76978417266193
2019/2020,Yucatán,Primaria,,31,61.27873563218392
2018/2019,Yucatán,Primaria,,31,61.2996389891697
2021/2022,Zacatecas,Primaria,,32,58.37957824639293
2020/2021,Zacatecas,Primaria,,32,62.07662409772352
2019/2020,Zacatecas,Primaria,,32,63.671875
2018/2019,Zacatecas,Primaria,,32,64.9586776859504
2021/2022,Estados Unidos Mexicanos,Secundaria,,0,64.6192905793033
2020/2021,Estados Unidos Mexicanos,Secundaria,,0,66.45965794272762
2019/2020,Estados Unidos Mexicanos,Secundaria,,0,66.5209228793044
2018/2019,Estados Unidos Mexicanos,Secundaria,,0,67.15540320764629
2021/2022,Aguascalientes,Secundaria,,1,71.61803713527851
2020/2021,Aguascalientes,Secundaria,,1,91.12903225806448
2019/2020,Aguascalientes,Secundaria,,1,85.55858310626697
2018/2019,Aguascalientes,Secundaria,,1,87.22826086956523
2021/2022,Baja California,Secundaria,,2,80.9239940387481
2020/2021,Baja California,Secundaria,,2,86.63663663663662
2019/2020,Baja California,Secundaria,,2,85.50074738415553
2018/2019,Baja California,Secundaria,,2,83.7349397590361
2021/2022,Baja California Sur,Secundaria,,3,81.4432989690722
2020/2021,Baja California Sur,Secundaria,,3,84.53608247422679
2019/2020,Baja California Sur,Secundaria,,3,87.0466321243523
2018/2019,Baja California Sur,Secundaria,,3,86.45833333333327
2021/2022,Campeche,Secundaria,,4,62.29050279329611
2020/2021,Campeche,Secundaria,,4,70.53824362606227
2019/2020,Campeche,Secundaria,,4,71.59090909090911
2018/2019,Campeche,Secundaria,,4,73.35243553008601
2021/2022,Coahuila de Zaragoza,Secundaria,,5,76.5793528505393
2020/2021,Coahuila de Zaragoza,Secundaria,,5,79.56656346749233
2019/2020,Coahuila de Zaragoza,Secundaria,,5,80.09331259720058
2018/2019,Coahuila de Zaragoza,Secundaria,,5,80.09404388714731
2021/2022,Colima,Secundaria,,6,74.71910112359548
2020/2021,Colima,Secundaria,,6,80.22598870056501
2019/2020,Colima,Secundaria,,6,78.6885245901639
2018/2019,Colima,Secundaria,,6,79.32960893854752
2021/2022,Chiapas,Secundaria,,7,39.627659574468105
2020/2021,Chiapas,Secundaria,,7,42.9296875
2019/2020,Chiapas,Secundaria,,7,38.44942935852031
2018/2019,Chiapas,Secundaria,,7,42.453625632377694
2021/2022,Chihuahua,Secundaria,,8,53.14009661835749
2020/2021,Chihuahua,Secundaria,,8,64.13721413721409
2019/2020,Chihuahua,Secundaria,,8,59.55882352941182
2018/2019,Chihuahua,Secundaria,,8,70.01034126163391
2021/2022,Ciudad de México,Secundaria,,9,86.2490450725745
2020/2021,Ciudad de México,Secundaria,,9,89.09916729750192
2019/2020,Ciudad de México,Secundaria,,9,86.92712246431253
2018/2019,Ciudad de México,Secundaria,,9,90.69247952345494
2021/2022,Durango,Secundaria,,10,67.72591857000988
2020/2021,Durango,Secundaria,,10,76.07802874743331
2019/2020,Durango,Secundaria,,10,73.3673469387755
2018/2019,Durango,Secundaria,,10,71.85877466251301
2021/2022,Guanajuato,Secundaria,,11,83.4670947030498
2020/2021,Guanajuato,Secundaria,,11,86.51262761955942
2019/2020,Guanajuato,Secundaria,,11,81.0133333333333
2018/2019,Guanajuato,Secundaria,,11,80.34371643394203
2021/2022,Guerrero,Secundaria,,12,50.5606523955148
2020/2021,Guerrero,Secundaria,,12,56.23069001029872
2019/2020,Guerrero,Secundaria,,12,59.100310237849015
2018/2019,Guerrero,Secundaria,,12,60.22187004754358
2021/2022,Hidalgo,Secundaria,,13,65.11965192168239
2020/2021,Hidalgo,Secundaria,,13,69.0423162583519
2019/2020,Hidalgo,Secundaria,,13,64.1947565543071
2018/2019,Hidalgo,Secundaria,,13,62.745098039215705
2021/2022,Jalisco,Secundaria,,14,77.87037037037041
2020/2021,Jalisco,Secundaria,,14,79.43622920517558
2019/2020,Jalisco,Secundaria,,14,76.0223048327138
2018/2019,Jalisco,Secundaria,,14,76.9086651053864
2021/2022,México,Secundaria,,15,83.3459500378501
2020/2021,México,Secundaria,,15,87.0779385630871
2019/2020,México,Secundaria,,15,86.22892181911087
2018/2019,México,Secundaria,,15,85.7878475798146
2021/2022,Michoacán de Ocampo,Secundaria,,16,53.00546448087428
2020/2021,Michoacán de Ocampo,Secundaria,,16,48.4148307361634
2019/2020,Michoacán de Ocampo,Secundaria,,16,48.025613660619
2018/2019,Michoacán de Ocampo,Secundaria,,16,38.7114239306984
2021/2022,Morelos,Secundaria,,17,79.16666666666671
2020/2021,Morelos,Secundaria,,17,83.30275229357798
2019/2020,Morelos,Secundaria,,17,82.9090909090909
2018/2019,Morelos,Secundaria,,17,82.7137546468401
2021/2022,Nayarit,Secundaria,,18,62.37942122186499
2020/2021,Nayarit,Secundaria,,18,69.8387096774194
2019/2020,Nayarit,Secundaria,,18,70.0980392156863
2018/2019,Nayarit,Secundaria,,18,67.59868421052627
2021/2022,Nuevo León,Secundaria,,19,59.37762825904121
2020/2021,Nuevo León,Secundaria,,19,1.1925042589437802
2019/2020,Nuevo León,Secundaria,,19,65.92274678111588
2018/2019,Nuevo León,Secundaria,,19,67.63157894736841
2021/2022,Oaxaca,Secundaria,,20,42.01966717095309
2020/2021,Oaxaca,Secundaria,,20,40.24160060400151
2019/2020,Oaxaca,Secundaria,,20,30.995475113122204
2018/2019,Oaxaca,Secundaria,,20,30.60606060606061
2021/2022,Puebla,Secundaria,,21,73.40899878394814
2020/2021,Puebla,Secundaria,,21,76.71568627450982
2019/2020,Puebla,Secundaria,,21,75.88916459884197
2018/2019,Puebla,Secundaria,,21,76.2103505843072
2021/2022,Querétaro,Secundaria,,22,79.073756432247
2020/2021,Querétaro,Secundaria,,22,81.7375886524823
2019/2020,Querétaro,Secundaria,,22,78.93772893772892
2018/2019,Querétaro,Secundaria,,22,82.50460405156538
2021/2022,Quintana Roo,Secundaria,,23,64.13934426229511
2020/2021,Quintana Roo,Secundaria,,23,72.03389830508469
2019/2020,Quintana Roo,Secundaria,,23,67.8723404255319
2018/2019,Quintana Roo,Secundaria,,23,66.08315098468269
2021/2022,San Luis Potosí,Secundaria,,24,75.05910165484627
2020/2021,San Luis Potosí,Secundaria,,24,76.31578947368419
2019/2020,San Luis Potosí,Secundaria,,24,75.8169934640523
2018/2019,San Luis Potosí,Secundaria,,24,78.1527531083481
2021/2022,Sinaloa,Secundaria,,25,56.5260058881256
2020/2021,Sinaloa,Secundaria,,25,62.438057482656085
2019/2020,Sinaloa,Secundaria,,25,62.72015655577299
2018/2019,Sinaloa,Secundaria,,25,64.39999999999999
2021/2022,Sonora,Secundaria,,26,74.63479415670648
2020/2021,Sonora,Secundaria,,26,79.67914438502672
2019/2020,Sonora,Secundaria,,26,80.10680907877169
2018/2019,Sonora,Secundaria,,26,79.20656634746919
2021/2022,Tabasco,Secundaria,,27,39.9755501222494
2020/2021,Tabasco,Secundaria,,27,45.1414514145141
2019/2020,Tabasco,Secundaria,,27,48.43161856963612
2018/2019,Tabasco,Secundaria,,27,49.36386768447839
2021/2022,Tamaulipas,Secundaria,,28,80.47858942065491
2020/2021,Tamaulipas,Secundaria,,28,84.0561224489796
2019/2020,Tamaulipas,Secundaria,,28,86.02564102564102
2018/2019,Tamaulipas,Secundaria,,28,86.30490956072347
2021/2022,Tlaxcala,Secundaria,,29,83.71501272264632
2020/2021,Tlaxcala,Secundaria,,29,81.4432989690722
2019/2020,Tlaxcala,Secundaria,,29,79.8429319371728
2018/2019,Tlaxcala,Secundaria,,29,80.95238095238093
2021/2022,Veracruz de Ignacio de la Llave,Secundaria,,30,48.14919468776489
2020/2021,Veracruz de Ignacio de la Llave,Secundaria,,30,52.50637213254039
2019/2020,Veracruz de Ignacio de la Llave,Secundaria,,30,52.8696635566865
2018/2019,Veracruz de Ignacio de la Llave,Secundaria,,30,55.26315789473679
2021/2022,Yucatán,Secundaria,,31,56.45161290322582
2020/2021,Yucatán,Secundaria,,31,71.3850837138508
2019/2020,Yucatán,Secundaria,,31,65.30920060331822
2018/2019,Yucatán,Secundaria,,31,65.6394453004623
2021/2022,Zacatecas,Secundaria,,32,70.82251082251081
2020/2021,Zacatecas,Secundaria,,32,73.30472103004288
2019/2020,Zacatecas,Secundaria,,32,75.1076658053402
2018/2019,Zacatecas,Secundaria,,32,74.3965517241379
2021/2022,Estados Unidos Mexicanos,,Media superior,0,68.87867471033232
2020/2021,Estados Unidos Mexicanos,,Media superior,0,70.27168982476243
2019/2020,Estados Unidos Mexicanos,,Media superior,0,73.1505677768803
2018/2019,Estados Unidos Mexicanos,,Media superior,0,68.7720133269871
2021/2022,Aguascalientes,,Media superior,1,68.91891891891893
2020/2021,Aguascalientes,,Media superior,1,68.62745098039218
2019/2020,Aguascalientes,,Media superior,1,80.19801980198017
2018/2019,Aguascalientes,,Media superior,1,76.47058823529412
2021/2022,Baja California,,Media superior,2,72.42206235011989
2020/2021,Baja California,,Media superior,2,70.79439252336451
2019/2020,Baja California,,Media superior,2,83.6448598130841
2018/2019,Baja California,,Media superior,2,82.51748251748248
2021/2022,Baja California Sur,,Media superior,3,56.05095541401271
2020/2021,Baja California Sur,,Media superior,3,60.75949367088609
2019/2020,Baja California Sur,,Media superior,3,66.66666666666671
2018/2019,Baja California Sur,,Media superior,3,60.0
2021/2022,Campeche,,Media superior,4,72.18543046357618
2020/2021,Campeche,,Media superior,4,77.7027027027027
2019/2020,Campeche,,Media superior,4,72.2972972972973
2018/2019,Campeche,,Media superior,4,70.1388888888889
2021/2022,Coahuila de Zaragoza,,Media superior,5,70.48458149779741
2020/2021,Coahuila de Zaragoza,,Media superior,5,71.93732193732191
2019/2020,Coahuila de Zaragoza,,Media superior,5,81.16147308781868
2018/2019,Coahuila de Zaragoza,,Media superior,5,78.2792665726375
2021/2022,Colima,,Media superior,6,67.20430107526883
2020/2021,Colima,,Media superior,6,71.73913043478261
2019/2020,Colima,,Media superior,6,77.3684210526316
2018/2019,Colima,,Media superior,6,77.72020725388599
2021/2022,Chiapas,,Media superior,7,67.1428571428571
2020/2021,Chiapas,,Media superior,7,67.87072243346009
2019/2020,Chiapas,,Media superior,7,65.72769953051639
2018/2019,Chiapas,,Media superior,7,56.63217309501409
2021/2022,Chihuahua,,Media superior,8,68.95424836601309
2020/2021,Chihuahua,,Media superior,8,70.0
2019/2020,Chihuahua,,Media superior,8,73.6928104575163
2018/2019,Chihuahua,,Media superior,8,69.1813804173355
2021/2022,Ciudad de México,,Media superior,9,75.1219512195122
2020/2021,Ciudad de México,,Media superior,9,74.7795414462081
2019/2020,Ciudad de México,,Media superior,9,86.00628930817608
2018/2019,Ciudad de México,,Media superior,9,86.76923076923079
2021/2022,Durango,,Media superior,10,62.0
2020/2021,Durango,,Media superior,10,64.48863636363639
2019/2020,Durango,,Media superior,10,59.43661971830989
2018/2019,Durango,,Media superior,10,57.50708215297448
2021/2022,Guanajuato,,Media superior,11,77.2141706924316
2020/2021,Guanajuato,,Media superior,11,76.67984189723322
2019/2020,Guanajuato,,Media superior,11,74.4462025316456
2018/2019,Guanajuato,,Media superior,11,72.96442687747039
2021/2022,Guerrero,,Media superior,12,67.89099526066352
2020/2021,Guerrero,,Media superior,12,70.71428571428568
2019/2020,Guerrero,,Media superior,12,70.7784431137725
2018/2019,Guerrero,,Media superior,12,62.78511404561831
2021/2022,Hidalgo,,Media superior,13,83.1521739130435
2020/2021,Hidalgo,,Media superior,13,82.78985507246378
2019/2020,Hidalgo,,Media superior,13,77.0758122743682
2018/2019,Hidalgo,,Media superior,13,69.18918918918918
2021/2022,Jalisco,,Media superior,14,59.650655021834126
2020/2021,Jalisco,,Media superior,14,60.01727115716747
2019/2020,Jalisco,,Media superior,14,86.75721561969438
2018/2019,Jalisco,,Media superior,14,65.05513146734519
2021/2022,México,,Media superior,15,59.77777777777782
2020/2021,México,,Media superior,15,60.51350154935811
2019/2020,México,,Media superior,15,70.2033598585323
2018/2019,México,,Media superior,15,67.77229941730171
2021/2022,Michoacán de Ocampo,,Media superior,16,72.03608247422679
2020/2021,Michoacán de Ocampo,,Media superior,16,73.42569269521411
2019/2020,Michoacán de Ocampo,,Media superior,16,70.4041720990873
2018/2019,Michoacán de Ocampo,,Media superior,16,64.4243208279431
2021/2022,Morelos,,Media superior,17,77.710843373494
2020/2021,Morelos,,Media superior,17,77.7448071216617
2019/2020,Morelos,,Media superior,17,74.9279538904899
2018/2019,Morelos,,Media superior,17,74.5152354570637
2021/2022,Nayarit,,Media superior,18,50.96153846153849
2020/2021,Nayarit,,Media superior,18,51.73501577287072
2019/2020,Nayarit,,Media superior,18,54.294478527607424
2018/2019,Nayarit,,Media superior,18,52.46913580246908
2021/2022,Nuevo León,,Media superior,19,59.58549222797932
2020/2021,Nuevo León,,Media superior,19,59.463986599664985
2019/2020,Nuevo León,,Media superior,19,80.59701492537309
2018/2019,Nuevo León,,Media superior,19,80.51529790660229
2021/2022,Oaxaca,,Media superior,20,87.17310087173102
2020/2021,Oaxaca,,Media superior,20,88.8888888888889
2019/2020,Oaxaca,,Media superior,20,79.2713567839196
2018/2019,Oaxaca,,Media superior,20,76.0403530895334
2021/2022,Puebla,,Media superior,21,77.6923076923077
2020/2021,Puebla,,Media superior,21,79.35022026431719
2019/2020,Puebla,,Media superior,21,75.47788093937741
2018/2019,Puebla,,Media superior,21,70.8470847084708
2021/2022,Querétaro,,Media superior,22,76.3578274760383
2020/2021,Querétaro,,Media superior,22,75.6493506493507
2019/2020,Querétaro,,Media superior,22,78.8590604026846
2018/2019,Querétaro,,Media superior,22,76.79180887372011
2021/2022,Quintana Roo,,Media superior,23,58.8850174216028
2020/2021,Quintana Roo,,Media superior,23,62.36559139784948
2019/2020,Quintana Roo,,Media superior,23,68.6411149825784
2018/2019,Quintana Roo,,Media superior,23,64.85507246376811
2021/2022,San Luis Potosí,,Media superior,24,59.96055226824458
2020/2021,San Luis Potosí,,Media superior,24,59.6039603960396
2019/2020,San Luis Potosí,,Media superior,24,58.18540433925048
2018/2019,San Luis Potosí,,Media superior,24,56.5815324165029
2021/2022,Sinaloa,,Media superior,25,65.18650088809952
2020/2021,Sinaloa,,Media superior,25,65.7754010695187
2019/2020,Sinaloa,,Media superior,25,77.9569892473118
2018/2019,Sinaloa,,Media superior,25,75.3108348134991
2021/2022,Sonora,,Media superior,26,65.0
2020/2021,Sonora,,Media superior,26,65.21739130434779
2019/2020,Sonora,,Media superior,26,77.8666666666667
2018/2019,Sonora,,Media superior,26,79.9450549450549
2021/2022,Tabasco,,Media superior,27,63.95663956639569
2020/2021,Tabasco,,Media superior,27,67.65498652291102
2019/2020,Tabasco,,Media superior,27,73.56948228882831
2018/2019,Tabasco,,Media superior,27,71.195652173913
2021/2022,Tamaulipas,,Media superior,28,70.29702970297032
2020/2021,Tamaulipas,,Media superior,28,73.06930693069309
2019/2020,Tamaulipas,,Media superior,28,83.8842975206612
2018/2019,Tamaulipas,,Media superior,28,81.01265822784809
2021/2022,Tlaxcala,,Media superior,29,76.58536585365849
2020/2021,Tlaxcala,,Media superior,29,77.8325123152709
2019/2020,Tlaxcala,,Media superior,29,83.41463414634151
2018/2019,Tlaxcala,,Media superior,29,82.6923076923077
2021/2022,Veracruz de Ignacio de la Llave,,Media superior,30,67.15766503000552
2020/2021,Veracruz de Ignacio de la Llave,,Media superior,30,68.8888888888889
2019/2020,Veracruz de Ignacio de la Llave,,Media superior,30,64.10810810810811
2018/2019,Veracruz de Ignacio de la Llave,,Media superior,30,59.846827133479216
2021/2022,Yucatán,,Media superior,31,59.16114790286977
2020/2021,Yucatán,,Media superior,31,75.44247787610621
2019/2020,Yucatán,,Media superior,31,45.5947136563877
2018/2019,Yucatán,,Media superior,31,44.3708609271523
2021/2022,Zacatecas,,Media superior,32,81.3953488372093
2020/2021,Zacatecas,,Media superior,32,84.81848184818479
2019/2020,Zacatecas,,Media superior,32,72.0
2018/2019,Zacatecas,,Media superior,32,69.25675675675679
