Year,Entidad federativa,Sexo,GeoCode,Value
2021/2022,Estados Unidos Mexicanos,Total,0,84.69808393012667
2020/2021,Estados Unidos Mexicanos,Total,0,83.70448948102423
2019/2020,Estados Unidos Mexicanos,Total,0,82.65893822408057
2018/2019,Estados Unidos Mexicanos,Total,0,81.35607411274516
2017/2018,Estados Unidos Mexicanos,Total,0,79.54186972346902
2016/2017,Estados Unidos Mexicanos,Total,0,78.26946382845637
2015/2016,Estados Unidos Mexicanos,Total,0,76.5992701498126
2014/2015,Estados Unidos Mexicanos,Total,0,74.83123169023041
2013/2014,Estados Unidos Mexicanos,Total,0,72.64961102256531
2012/2013,Estados Unidos Mexicanos,Total,0,70.77962359506456
2021/2022,Estados Unidos Mexicanos,Hombres,0,81.3995421957328
2020/2021,Estados Unidos Mexicanos,Hombres,0,81.17794499812831
2019/2020,Estados Unidos Mexicanos,Hombres,0,79.97479494189994
2018/2019,Estados Unidos Mexicanos,Hombres,0,78.61361221112506
2017/2018,Estados Unidos Mexicanos,Hombres,0,76.42918188174978
2016/2017,Estados Unidos Mexicanos,Hombres,0,75.36966689924274
2015/2016,Estados Unidos Mexicanos,Hombres,0,73.70613280467578
2014/2015,Estados Unidos Mexicanos,Hombres,0,71.930655503099
2013/2014,Estados Unidos Mexicanos,Hombres,0,69.97124067125714
2012/2013,Estados Unidos Mexicanos,Hombres,0,68.25013405244432
2021/2022,Estados Unidos Mexicanos,Mujeres,0,87.47370859814018
2020/2021,Estados Unidos Mexicanos,Mujeres,0,85.82041064832266
2019/2020,Estados Unidos Mexicanos,Mujeres,0,84.94841604226907
2018/2019,Estados Unidos Mexicanos,Mujeres,0,83.74703265804712
2017/2018,Estados Unidos Mexicanos,Mujeres,0,82.30964794311079
2016/2017,Estados Unidos Mexicanos,Mujeres,0,80.86956118765254
2015/2016,Estados Unidos Mexicanos,Mujeres,0,79.2331790339924
2014/2015,Estados Unidos Mexicanos,Mujeres,0,77.51900669658667
2013/2014,Estados Unidos Mexicanos,Mujeres,0,75.16131059115816
2012/2013,Estados Unidos Mexicanos,Mujeres,0,73.17483165564066
2021/2022,Aguascalientes,Total,1,91.79652516568174
2020/2021,Aguascalientes,Total,1,90.64949608062688
2019/2020,Aguascalientes,Total,1,89.6108732079685
2018/2019,Aguascalientes,Total,1,88.92422825070155
2017/2018,Aguascalientes,Total,1,88.39985080193951
2016/2017,Aguascalientes,Total,1,88.1509137355079
2015/2016,Aguascalientes,Total,1,86.10046012269954
2014/2015,Aguascalientes,Total,1,85.06857253235468
2013/2014,Aguascalientes,Total,1,82.47403898706507
2012/2013,Aguascalientes,Total,1,80.53442197068095
2021/2022,Aguascalientes,Hombres,1,90.0
2020/2021,Aguascalientes,Hombres,1,88.709024686362
2019/2020,Aguascalientes,Hombres,1,88.16521048451135
2018/2019,Aguascalientes,Hombres,1,88.08208366219401
2017/2018,Aguascalientes,Hombres,1,86.37243515292303
2016/2017,Aguascalientes,Hombres,1,85.98700243704302
2015/2016,Aguascalientes,Hombres,1,83.20373250388798
2014/2015,Aguascalientes,Hombres,1,82.61689291101052
2013/2014,Aguascalientes,Hombres,1,79.78300180831847
2012/2013,Aguascalientes,Hombres,1,78.31938886867948
2021/2022,Aguascalientes,Mujeres,1,93.32890806505152
2020/2021,Aguascalientes,Mujeres,1,92.31035677173531
2019/2020,Aguascalientes,Mujeres,1,90.8867858394673
2018/2019,Aguascalientes,Mujeres,1,89.68338669512623
2017/2018,Aguascalientes,Mujeres,1,90.2842749190355
2016/2017,Aguascalientes,Mujeres,1,90.17891130567178
2015/2016,Aguascalientes,Mujeres,1,88.91830559757923
2014/2015,Aguascalientes,Mujeres,1,87.64356435643572
2013/2014,Aguascalientes,Mujeres,1,85.20558002936865
2012/2013,Aguascalientes,Mujeres,1,82.84090909090921
2021/2022,Baja California,Total,2,88.67010974822485
2020/2021,Baja California,Total,2,88.37528234914497
2019/2020,Baja California,Total,2,86.45717020258415
2018/2019,Baja California,Total,2,85.50521563132496
2017/2018,Baja California,Total,2,84.35847060601486
2016/2017,Baja California,Total,2,83.88329536268084
2015/2016,Baja California,Total,2,82.27093065037731
2014/2015,Baja California,Total,2,81.71869261843555
2013/2014,Baja California,Total,2,80.0
2012/2013,Baja California,Total,2,77.47683535281539
2021/2022,Baja California,Hombres,2,86.44842025123744
2020/2021,Baja California,Hombres,2,86.54708520179352
2019/2020,Baja California,Hombres,2,84.65236686390548
2018/2019,Baja California,Hombres,2,83.52748452857666
2017/2018,Baja California,Hombres,2,82.59888965995852
2016/2017,Baja California,Hombres,2,81.13777479442858
2015/2016,Baja California,Hombres,2,80.12483574244412
2014/2015,Baja California,Hombres,2,80.3080490228551
2013/2014,Baja California,Hombres,2,78.42309640384943
2012/2013,Baja California,Hombres,2,76.03115595680646
2021/2022,Baja California,Mujeres,2,90.3054076772205
2020/2021,Baja California,Mujeres,2,89.76433844406584
2019/2020,Baja California,Mujeres,2,87.82608695652185
2018/2019,Baja California,Mujeres,2,86.98313384113152
2017/2018,Baja California,Mujeres,2,85.71619812583661
2016/2017,Baja California,Mujeres,2,86.02248953974902
2015/2016,Baja California,Mujeres,2,83.94020697585269
2014/2015,Baja California,Mujeres,2,82.8428137785402
2013/2014,Baja California,Mujeres,2,81.26352813852823
2012/2013,Baja California,Mujeres,2,78.6471768415019
2021/2022,Baja California Sur,Total,3,87.00400436840205
2020/2021,Baja California Sur,Total,3,85.16624040920742
2019/2020,Baja California Sur,Total,3,84.31793770139647
2018/2019,Baja California Sur,Total,3,82.72214386459802
2017/2018,Baja California Sur,Total,3,81.63643095149932
2016/2017,Baja California Sur,Total,3,79.95610826627667
2015/2016,Baja California Sur,Total,3,78.27225130890048
2014/2015,Baja California Sur,Total,3,72.81141534901671
2013/2014,Baja California Sur,Total,3,70.77294685990343
2012/2013,Baja California Sur,Total,3,67.24872231686548
2021/2022,Baja California Sur,Hombres,3,82.97709923664117
2020/2021,Baja California Sur,Hombres,3,81.18657298985163
2019/2020,Baja California Sur,Hombres,3,81.46194423511696
2018/2019,Baja California Sur,Hombres,3,80.34682080924884
2017/2018,Baja California Sur,Hombres,3,78.76712328767104
2016/2017,Baja California Sur,Hombres,3,77.3782771535581
2015/2016,Baja California Sur,Hombres,3,74.82732156561786
2014/2015,Baja California Sur,Hombres,3,70.44753086419763
2013/2014,Baja California Sur,Hombres,3,67.40858505564391
2012/2013,Baja California Sur,Hombres,3,65.26054590570699
2021/2022,Baja California Sur,Mujeres,3,90.67501739735582
2020/2021,Baja California Sur,Mujeres,3,88.66758241758235
2019/2020,Baja California Sur,Mujeres,3,86.90313778990456
2018/2019,Baja California Sur,Mujeres,3,84.98622589531679
2017/2018,Baja California Sur,Mujeres,3,84.35472242249475
2016/2017,Baja California Sur,Mujeres,3,82.4160114367405
2015/2016,Baja California Sur,Mujeres,3,81.54631655725754
2014/2015,Baja California Sur,Mujeres,3,75.17347725520443
2013/2014,Baja California Sur,Mujeres,3,74.22512234910288
2012/2013,Baja California Sur,Mujeres,3,69.35908691834926
2021/2022,Campeche,Total,4,89.43089430894308
2020/2021,Campeche,Total,4,88.77415056628892
2019/2020,Campeche,Total,4,87.42261322906472
2018/2019,Campeche,Total,4,87.45970341715
2017/2018,Campeche,Total,4,86.39924788467575
2016/2017,Campeche,Total,4,87.67166042446956
2015/2016,Campeche,Total,4,88.18755635707862
2014/2015,Campeche,Total,4,83.42457420924565
2013/2014,Campeche,Total,4,83.65233762158768
2012/2013,Campeche,Total,4,80.70903864580028
2021/2022,Campeche,Hombres,4,86.95364238410602
2020/2021,Campeche,Hombres,4,87.27984344422676
2019/2020,Campeche,Hombres,4,85.55979643765917
2018/2019,Campeche,Hombres,4,84.95630461922589
2017/2018,Campeche,Hombres,4,83.85020479812742
2016/2017,Campeche,Hombres,4,85.63734290843799
2015/2016,Campeche,Hombres,4,86.25646923519275
2014/2015,Campeche,Hombres,4,81.3781321184508
2013/2014,Campeche,Hombres,4,81.8713450292398
2012/2013,Campeche,Hombres,4,79.18128654970755
2021/2022,Campeche,Mujeres,4,92.02496532593617
2020/2021,Campeche,Mujeres,4,90.33356024506446
2019/2020,Campeche,Mujeres,4,89.37875751503024
2018/2019,Campeche,Mujeres,4,90.13333333333324
2017/2018,Campeche,Mujeres,4,89.3387314439946
2016/2017,Campeche,Mujeres,4,89.88910632746233
2015/2016,Campeche,Mujeres,4,90.30226700251892
2014/2015,Campeche,Mujeres,4,85.77023498694511
2013/2014,Campeche,Mujeres,4,85.71428571428568
2012/2013,Campeche,Mujeres,4,82.54750175932423
2021/2022,Coahuila de Zaragoza,Total,5,82.05840200644907
2020/2021,Coahuila de Zaragoza,Total,5,80.87717715007672
2019/2020,Coahuila de Zaragoza,Total,5,79.16405620692765
2018/2019,Coahuila de Zaragoza,Total,5,77.5556328233658
2017/2018,Coahuila de Zaragoza,Total,5,76.87478500172
2016/2017,Coahuila de Zaragoza,Total,5,74.56637758505691
2015/2016,Coahuila de Zaragoza,Total,5,72.12282599650479
2014/2015,Coahuila de Zaragoza,Total,5,72.07927387792485
2013/2014,Coahuila de Zaragoza,Total,5,67.89583902394594
2012/2013,Coahuila de Zaragoza,Total,5,66.30584350059617
2021/2022,Coahuila de Zaragoza,Hombres,5,77.42195367573005
2020/2021,Coahuila de Zaragoza,Hombres,5,76.7925671581499
2019/2020,Coahuila de Zaragoza,Hombres,5,74.60717749757528
2018/2019,Coahuila de Zaragoza,Hombres,5,73.63891487371372
2017/2018,Coahuila de Zaragoza,Hombres,5,72.03079178885652
2016/2017,Coahuila de Zaragoza,Hombres,5,69.87305560522074
2015/2016,Coahuila de Zaragoza,Hombres,5,67.86473087818717
2014/2015,Coahuila de Zaragoza,Hombres,5,67.84078901021508
2013/2014,Coahuila de Zaragoza,Hombres,5,63.72835181941997
2012/2013,Coahuila de Zaragoza,Hombres,5,62.06762534006994
2021/2022,Coahuila de Zaragoza,Mujeres,5,85.77189869333775
2020/2021,Coahuila de Zaragoza,Mujeres,5,84.17618270799356
2019/2020,Coahuila de Zaragoza,Mujeres,5,83.067464273845
2018/2019,Coahuila de Zaragoza,Mujeres,5,80.95470043838284
2017/2018,Coahuila de Zaragoza,Mujeres,5,81.15683732987674
2016/2017,Coahuila de Zaragoza,Mujeres,5,78.66854195968136
2015/2016,Coahuila de Zaragoza,Mujeres,5,75.89888522531025
2014/2015,Coahuila de Zaragoza,Mujeres,5,75.88058758489953
2013/2014,Coahuila de Zaragoza,Mujeres,5,71.56057494866518
2012/2013,Coahuila de Zaragoza,Mujeres,5,70.09556907037381
2021/2022,Colima,Total,6,83.38249754178958
2020/2021,Colima,Total,6,82.76779773785766
2019/2020,Colima,Total,6,81.74757281553393
2018/2019,Colima,Total,6,79.84471044969283
2017/2018,Colima,Total,6,78.83096366508671
2016/2017,Colima,Total,6,77.90262172284639
2015/2016,Colima,Total,6,78.3229813664596
2014/2015,Colima,Total,6,76.31074168797936
2013/2014,Colima,Total,6,77.09604882749768
2012/2013,Colima,Total,6,77.19184729860898
2021/2022,Colima,Hombres,6,82.43440233236124
2020/2021,Colima,Hombres,6,81.38222849083225
2019/2020,Colima,Hombres,6,79.44636678200712
2018/2019,Colima,Hombres,6,78.00546448087438
2017/2018,Colima,Hombres,6,76.48234510326442
2016/2017,Colima,Hombres,6,74.88524590163918
2015/2016,Colima,Hombres,6,75.06527415143601
2014/2015,Colima,Hombres,6,73.7120211360634
2013/2014,Colima,Hombres,6,74.14473684210515
2012/2013,Colima,Hombres,6,74.16331994645242
2021/2022,Colima,Mujeres,6,84.15723645026809
2020/2021,Colima,Mujeres,6,84.0050377833753
2019/2020,Colima,Mujeres,6,83.76899696048642
2018/2019,Colima,Mujeres,6,81.49969268592506
2017/2018,Colima,Mujeres,6,80.94951923076937
2016/2017,Colima,Mujeres,6,80.64324002382381
2015/2016,Colima,Mujeres,6,81.2796208530806
2014/2015,Colima,Mujeres,6,78.74845105328376
2013/2014,Colima,Mujeres,6,79.91211550533568
2012/2013,Colima,Mujeres,6,80.02504696305554
2021/2022,Chiapas,Total,7,84.35143288084454
2020/2021,Chiapas,Total,7,84.29893509127774
2019/2020,Chiapas,Total,7,82.80551533085674
2018/2019,Chiapas,Total,7,83.45801625177351
2017/2018,Chiapas,Total,7,81.57761137200153
2016/2017,Chiapas,Total,7,80.7128559436949
2015/2016,Chiapas,Total,7,80.62631302521005
2014/2015,Chiapas,Total,7,78.05318011758408
2013/2014,Chiapas,Total,7,76.41496690530872
2012/2013,Chiapas,Total,7,75.19763525125461
2021/2022,Chiapas,Hombres,7,82.21049007230594
2020/2021,Chiapas,Hombres,7,82.96193129062215
2019/2020,Chiapas,Hombres,7,80.65543923532094
2018/2019,Chiapas,Hombres,7,81.56289561514556
2017/2018,Chiapas,Hombres,7,79.16946496530109
2016/2017,Chiapas,Hombres,7,77.93213391027102
2015/2016,Chiapas,Hombres,7,78.0128794848206
2014/2015,Chiapas,Hombres,7,75.15513675017245
2013/2014,Chiapas,Hombres,7,73.57944682328426
2012/2013,Chiapas,Hombres,7,72.65450264861667
2021/2022,Chiapas,Mujeres,7,86.94263092096118
2020/2021,Chiapas,Mujeres,7,85.90782122905024
2019/2020,Chiapas,Mujeres,7,85.46863988724432
2018/2019,Chiapas,Mujeres,7,85.87355141557852
2017/2018,Chiapas,Mujeres,7,84.73036342321213
2016/2017,Chiapas,Mujeres,7,84.35495898583154
2015/2016,Chiapas,Mujeres,7,84.10342717258264
2014/2015,Chiapas,Mujeres,7,82.0778806255985
2013/2014,Chiapas,Mujeres,7,80.38929440389275
2012/2013,Chiapas,Mujeres,7,78.76734963648396
2021/2022,Chihuahua,Total,8,77.37959802806218
2020/2021,Chihuahua,Total,8,75.53656404778104
2019/2020,Chihuahua,Total,8,73.68623306753763
2018/2019,Chihuahua,Total,8,72.773561341147
2017/2018,Chihuahua,Total,8,70.64011379800837
2016/2017,Chihuahua,Total,8,69.50455580865591
2015/2016,Chihuahua,Total,8,66.84592886121318
2014/2015,Chihuahua,Total,8,65.17511564240527
2013/2014,Chihuahua,Total,8,62.55506607929512
2012/2013,Chihuahua,Total,8,60.79495879786732
2021/2022,Chihuahua,Hombres,8,74.46265162800593
2020/2021,Chihuahua,Hombres,8,74.0393013100438
2019/2020,Chihuahua,Hombres,8,72.19376867264167
2018/2019,Chihuahua,Hombres,8,71.64397905759148
2017/2018,Chihuahua,Hombres,8,69.18032786885239
2016/2017,Chihuahua,Hombres,8,68.0374592833877
2015/2016,Chihuahua,Hombres,8,66.03849238171624
2014/2015,Chihuahua,Hombres,8,64.2109421291725
2013/2014,Chihuahua,Hombres,8,61.61557740505118
2012/2013,Chihuahua,Hombres,8,59.808230123851246
2021/2022,Chihuahua,Mujeres,8,79.72302957770565
2020/2021,Chihuahua,Mujeres,8,76.73605037607133
2019/2020,Chihuahua,Mujeres,8,74.90826489603367
2018/2019,Chihuahua,Mujeres,8,73.73091941782046
2017/2018,Chihuahua,Mujeres,8,71.89761694616045
2016/2017,Chihuahua,Mujeres,8,70.78591749644394
2015/2016,Chihuahua,Mujeres,8,67.56371413295325
2014/2015,Chihuahua,Mujeres,8,66.0578661844484
2013/2014,Chihuahua,Mujeres,8,63.44399854067869
2012/2013,Chihuahua,Mujeres,8,61.72537200979489
2021/2022,Ciudad de México,Total,9,83.05586016681626
2020/2021,Ciudad de México,Total,9,82.11149417810451
2019/2020,Ciudad de México,Total,9,80.48417854487874
2018/2019,Ciudad de México,Total,9,78.56759910435534
2017/2018,Ciudad de México,Total,9,75.21259551392646
2016/2017,Ciudad de México,Total,9,74.0612769080235
2015/2016,Ciudad de México,Total,9,70.59230722927826
2014/2015,Ciudad de México,Total,9,66.71098265895945
2013/2014,Ciudad de México,Total,9,60.93612786136625
2012/2013,Ciudad de México,Total,9,58.70997842188151
2021/2022,Ciudad de México,Hombres,9,80.89870170255759
2020/2021,Ciudad de México,Hombres,9,79.91443196577286
2019/2020,Ciudad de México,Hombres,9,78.3324562063002
2018/2019,Ciudad de México,Hombres,9,75.91789534547569
2017/2018,Ciudad de México,Hombres,9,72.62427418212712
2016/2017,Ciudad de México,Hombres,9,71.24956247812402
2015/2016,Ciudad de México,Hombres,9,67.58833619210968
2014/2015,Ciudad de México,Hombres,9,64.14041994750647
2013/2014,Ciudad de México,Hombres,9,59.41684807704975
2012/2013,Ciudad de México,Hombres,9,57.14847590953806
2021/2022,Ciudad de México,Mujeres,9,84.66627974463152
2020/2021,Ciudad de México,Mujeres,9,83.74015971003006
2019/2020,Ciudad de México,Mujeres,9,82.10681483161353
2018/2019,Ciudad de México,Mujeres,9,80.6188104962792
2017/2018,Ciudad de México,Mujeres,9,77.20628340787619
2016/2017,Ciudad de México,Mujeres,9,76.24192410011408
2015/2016,Ciudad de México,Mujeres,9,72.93978875127328
2014/2015,Ciudad de México,Mujeres,9,68.73450413223144
2013/2014,Ciudad de México,Mujeres,9,62.14808188180813
2012/2013,Ciudad de México,Mujeres,9,59.96113241241645
2021/2022,Durango,Total,10,83.50613915416093
2020/2021,Durango,Total,10,83.23968754282579
2019/2020,Durango,Total,10,81.80949781659379
2018/2019,Durango,Total,10,80.87740546359841
2017/2018,Durango,Total,10,79.33216641981944
2016/2017,Durango,Total,10,78.20115793725583
2015/2016,Durango,Total,10,76.73915980008115
2014/2015,Durango,Total,10,73.36186146028359
2013/2014,Durango,Total,10,72.32251934301617
2012/2013,Durango,Total,10,71.15009746588676
2021/2022,Durango,Hombres,10,81.39179199592148
2020/2021,Durango,Hombres,10,81.82976554536192
2019/2020,Durango,Hombres,10,80.28450212128772
2018/2019,Durango,Hombres,10,79.36969696969695
2017/2018,Durango,Hombres,10,77.17210188050454
2016/2017,Durango,Hombres,10,76.85537583254046
2015/2016,Durango,Hombres,10,75.26731752673182
2014/2015,Durango,Hombres,10,72.06117324811682
2013/2014,Durango,Hombres,10,71.7239776951673
2012/2013,Durango,Hombres,10,70.17502365184485
2021/2022,Durango,Mujeres,10,85.94071030231864
2020/2021,Durango,Mujeres,10,84.87992884672403
2019/2020,Durango,Mujeres,10,83.64950316169835
2018/2019,Durango,Mujeres,10,82.75862068965522
2017/2018,Durango,Mujeres,10,82.14507129572233
2016/2017,Durango,Mujeres,10,79.95656220912191
2015/2016,Durango,Mujeres,10,78.78103837471768
2014/2015,Durango,Mujeres,10,75.20180820148545
2013/2014,Durango,Mujeres,10,73.16356513222314
2012/2013,Durango,Mujeres,10,72.545700744753
2021/2022,Guanajuato,Total,11,90.12467732190936
2020/2021,Guanajuato,Total,11,89.03072502210433
2019/2020,Guanajuato,Total,11,87.09040452556293
2018/2019,Guanajuato,Total,11,84.15952890792309
2017/2018,Guanajuato,Total,11,82.76850886339945
2016/2017,Guanajuato,Total,11,80.3788760715421
2015/2016,Guanajuato,Total,11,77.83786678089545
2014/2015,Guanajuato,Total,11,74.5536686261702
2013/2014,Guanajuato,Total,11,73.2525575812997
2012/2013,Guanajuato,Total,11,69.85586333709013
2021/2022,Guanajuato,Hombres,11,87.88239495298163
2020/2021,Guanajuato,Hombres,11,87.41777299366117
2019/2020,Guanajuato,Hombres,11,85.01941082438915
2018/2019,Guanajuato,Hombres,11,81.75607570836598
2017/2018,Guanajuato,Hombres,11,79.7118717504333
2016/2017,Guanajuato,Hombres,11,77.8286961265686
2015/2016,Guanajuato,Hombres,11,74.5373877286008
2014/2015,Guanajuato,Hombres,11,71.88279978296283
2013/2014,Guanajuato,Hombres,11,70.0614474283112
2012/2013,Guanajuato,Hombres,11,67.20018557179333
2021/2022,Guanajuato,Mujeres,11,92.0456863145011
2020/2021,Guanajuato,Mujeres,11,90.41602465331265
2019/2020,Guanajuato,Mujeres,11,88.90781563126255
2018/2019,Guanajuato,Mujeres,11,86.36037329504684
2017/2018,Guanajuato,Mujeres,11,85.60514676316846
2016/2017,Guanajuato,Mujeres,11,82.7802321997331
2015/2016,Guanajuato,Mujeres,11,81.07048224695264
2014/2015,Guanajuato,Mujeres,11,77.24145462487724
2013/2014,Guanajuato,Mujeres,11,76.472614536686
2012/2013,Guanajuato,Mujeres,11,72.63566832584667
2021/2022,Guerrero,Total,12,86.2356299668238
2020/2021,Guerrero,Total,12,85.40577928066398
2019/2020,Guerrero,Total,12,85.11918537375627
2018/2019,Guerrero,Total,12,84.54460386774794
2017/2018,Guerrero,Total,12,82.47239595398055
2016/2017,Guerrero,Total,12,81.47155654237815
2015/2016,Guerrero,Total,12,78.58393604872455
2014/2015,Guerrero,Total,12,77.93971766501335
2013/2014,Guerrero,Total,12,75.34278410411328
2012/2013,Guerrero,Total,12,74.17146413567754
2021/2022,Guerrero,Hombres,12,82.85895003162548
2020/2021,Guerrero,Hombres,12,84.08910103420857
2019/2020,Guerrero,Hombres,12,82.97637795275591
2018/2019,Guerrero,Hombres,12,82.98206983328073
2017/2018,Guerrero,Hombres,12,80.1462579741716
2016/2017,Guerrero,Hombres,12,79.35365293306786
2015/2016,Guerrero,Hombres,12,76.31419021573977
2014/2015,Guerrero,Hombres,12,74.27385892116197
2013/2014,Guerrero,Hombres,12,73.45119371411305
2012/2013,Guerrero,Hombres,12,72.46768860835601
2021/2022,Guerrero,Mujeres,12,89.4530661443423
2020/2021,Guerrero,Mujeres,12,86.63594470046088
2019/2020,Guerrero,Mujeres,12,87.17677302283369
2018/2019,Guerrero,Mujeres,12,86.08103928240048
2017/2018,Guerrero,Mujeres,12,84.76394849785412
2016/2017,Guerrero,Mujeres,12,83.58848744641742
2015/2016,Guerrero,Mujeres,12,80.86372653746368
2014/2015,Guerrero,Mujeres,12,81.83105238319949
2013/2014,Guerrero,Mujeres,12,77.33269750437117
2012/2013,Guerrero,Mujeres,12,76.0
2021/2022,Hidalgo,Total,13,83.84630089848974
2020/2021,Hidalgo,Total,13,82.31279438623461
2019/2020,Hidalgo,Total,13,81.6566904807878
2018/2019,Hidalgo,Total,13,81.0653188180404
2017/2018,Hidalgo,Total,13,78.67098547310545
2016/2017,Hidalgo,Total,13,78.79293424926418
2015/2016,Hidalgo,Total,13,78.28063440751606
2014/2015,Hidalgo,Total,13,76.97622434464554
2013/2014,Hidalgo,Total,13,75.79980994615124
2012/2013,Hidalgo,Total,13,74.245864417775
2021/2022,Hidalgo,Hombres,13,78.16469557599643
2020/2021,Hidalgo,Hombres,13,78.72245715557541
2019/2020,Hidalgo,Hombres,13,77.52733764784652
2018/2019,Hidalgo,Hombres,13,76.81668496158085
2017/2018,Hidalgo,Hombres,13,73.74670184696579
2016/2017,Hidalgo,Hombres,13,74.8956731825171
2015/2016,Hidalgo,Hombres,13,74.2505592841163
2014/2015,Hidalgo,Hombres,13,72.75597654488048
2013/2014,Hidalgo,Hombres,13,71.97319778188546
2012/2013,Hidalgo,Hombres,13,70.98360655737716
2021/2022,Hidalgo,Mujeres,13,88.24626865671617
2020/2021,Hidalgo,Mujeres,13,85.042301184433
2019/2020,Hidalgo,Mujeres,13,84.80517270716341
2018/2019,Hidalgo,Mujeres,13,84.44095586952731
2017/2018,Hidalgo,Mujeres,13,82.64184397163099
2016/2017,Hidalgo,Mujeres,13,81.940748625155
2015/2016,Hidalgo,Mujeres,13,81.59882114569886
2014/2015,Hidalgo,Mujeres,13,80.43639053254445
2013/2014,Hidalgo,Mujeres,13,79.0200272214661
2012/2013,Hidalgo,Mujeres,13,77.04358304880509
2021/2022,Jalisco,Total,14,91.79851937871962
2020/2021,Jalisco,Total,14,90.8947676974937
2019/2020,Jalisco,Total,14,90.04020467836253
2018/2019,Jalisco,Total,14,89.32787190467324
2017/2018,Jalisco,Total,14,86.95384615384626
2016/2017,Jalisco,Total,14,85.92589856303799
2015/2016,Jalisco,Total,14,84.6268157669874
2014/2015,Jalisco,Total,14,82.61834319526622
2013/2014,Jalisco,Total,14,80.2913131616489
2012/2013,Jalisco,Total,14,79.13564767651424
2021/2022,Jalisco,Hombres,14,89.34823091247681
2020/2021,Jalisco,Hombres,14,89.47408363056824
2019/2020,Jalisco,Hombres,14,88.80282749285634
2018/2019,Jalisco,Hombres,14,88.05017103762837
2017/2018,Jalisco,Hombres,14,84.45911257792436
2016/2017,Jalisco,Hombres,14,84.31035770293478
2015/2016,Jalisco,Hombres,14,82.87185610866455
2014/2015,Jalisco,Hombres,14,80.31669232460976
2013/2014,Jalisco,Hombres,14,78.4084173088322
2012/2013,Jalisco,Hombres,14,77.28782145339396
2021/2022,Jalisco,Mujeres,14,94.12638879060238
2020/2021,Jalisco,Mujeres,14,92.2210414452711
2019/2020,Jalisco,Mujeres,14,91.2103541459254
2018/2019,Jalisco,Mujeres,14,90.55474452554716
2017/2018,Jalisco,Mujeres,14,89.38527519656908
2016/2017,Jalisco,Mujeres,14,87.5073099415204
2015/2016,Jalisco,Mujeres,14,86.36632637964195
2014/2015,Jalisco,Mujeres,14,84.96156429584316
2013/2014,Jalisco,Mujeres,14,82.22492771267693
2012/2013,Jalisco,Mujeres,14,81.03873379463944
2021/2022,México,Total,15,87.01055352142993
2020/2021,México,Total,15,85.42352329811185
2019/2020,México,Total,15,84.53833034692683
2018/2019,México,Total,15,83.14843236132415
2017/2018,México,Total,15,81.26794205947428
2016/2017,México,Total,15,78.68548333664617
2015/2016,México,Total,15,76.61459495648282
2014/2015,México,Total,15,74.61225584409775
2013/2014,México,Total,15,71.99096555618303
2012/2013,México,Total,15,69.0723049757778
2021/2022,México,Hombres,15,83.41541755888649
2020/2021,México,Hombres,15,81.87613843351559
2019/2020,México,Hombres,15,80.71950831832147
2018/2019,México,Hombres,15,79.13465642338878
2017/2018,México,Hombres,15,77.1603311013866
2016/2017,México,Hombres,15,74.62199041146413
2015/2016,México,Hombres,15,72.33975701717644
2014/2015,México,Hombres,15,70.5406533764744
2013/2014,México,Hombres,15,67.83671346853865
2012/2013,México,Hombres,15,65.1136480510131
2021/2022,México,Mujeres,15,89.43063063063046
2020/2021,México,Mujeres,15,87.82978414128944
2019/2020,México,Mujeres,15,87.1643531169162
2018/2019,México,Mujeres,15,85.94878284820949
2017/2018,México,Mujeres,15,84.18960474011861
2016/2017,México,Mujeres,15,81.61837402083803
2015/2016,México,Mujeres,15,79.78921988022084
2014/2015,México,Mujeres,15,77.66181988742943
2013/2014,México,Mujeres,15,75.18067478538619
2012/2013,México,Mujeres,15,72.18537690067934
2021/2022,Michoacán de Ocampo,Total,16,73.65530176167175
2020/2021,Michoacán de Ocampo,Total,16,72.95000987947058
2019/2020,Michoacán de Ocampo,Total,16,71.97904231330422
2018/2019,Michoacán de Ocampo,Total,16,70.22468208473336
2017/2018,Michoacán de Ocampo,Total,16,69.1754142734535
2016/2017,Michoacán de Ocampo,Total,16,67.96291355389533
2015/2016,Michoacán de Ocampo,Total,16,66.24949805916202
2014/2015,Michoacán de Ocampo,Total,16,63.6224046999132
2013/2014,Michoacán de Ocampo,Total,16,63.15286406772708
2012/2013,Michoacán de Ocampo,Total,16,60.793105864219086
2021/2022,Michoacán de Ocampo,Hombres,16,70.85151477371897
2020/2021,Michoacán de Ocampo,Hombres,16,70.93541202672614
2019/2020,Michoacán de Ocampo,Hombres,16,69.73080262994681
2018/2019,Michoacán de Ocampo,Hombres,16,67.81215604745013
2017/2018,Michoacán de Ocampo,Hombres,16,65.99709583736693
2016/2017,Michoacán de Ocampo,Hombres,16,65.41885135959019
2015/2016,Michoacán de Ocampo,Hombres,16,63.593179049939
2014/2015,Michoacán de Ocampo,Hombres,16,60.76118677042809
2013/2014,Michoacán de Ocampo,Hombres,16,60.65817147098843
2012/2013,Michoacán de Ocampo,Hombres,16,58.93816364772012
2021/2022,Michoacán de Ocampo,Mujeres,16,76.9108280254776
2020/2021,Michoacán de Ocampo,Mujeres,16,75.24292353189695
2019/2020,Michoacán de Ocampo,Mujeres,16,74.5617785378365
2018/2019,Michoacán de Ocampo,Mujeres,16,73.04285714285719
2017/2018,Michoacán de Ocampo,Mujeres,16,72.99142815632712
2016/2017,Michoacán de Ocampo,Mujeres,16,71.03519363863956
2015/2016,Michoacán de Ocampo,Mujeres,16,69.48900772430171
2014/2015,Michoacán de Ocampo,Mujeres,16,67.10584752035537
2013/2014,Michoacán de Ocampo,Mujeres,16,66.22486288848266
2012/2013,Michoacán de Ocampo,Mujeres,16,63.162093171665454
2021/2022,Morelos,Total,17,88.81108888253779
2020/2021,Morelos,Total,17,87.62546601663303
2019/2020,Morelos,Total,17,87.24851232643792
2018/2019,Morelos,Total,17,86.62790697674426
2017/2018,Morelos,Total,17,84.73814014217336
2016/2017,Morelos,Total,17,85.65525383707227
2015/2016,Morelos,Total,17,86.3362458571859
2014/2015,Morelos,Total,17,84.60494571773229
2013/2014,Morelos,Total,17,81.77887584928975
2012/2013,Morelos,Total,17,80.13193026543121
2021/2022,Morelos,Hombres,17,87.73519163763068
2020/2021,Morelos,Hombres,17,85.88399720475176
2019/2020,Morelos,Hombres,17,85.86810228802152
2018/2019,Morelos,Hombres,17,85.08919555705144
2017/2018,Morelos,Hombres,17,82.2054276880797
2016/2017,Morelos,Hombres,17,83.64845938375346
2015/2016,Morelos,Hombres,17,84.18972332015802
2014/2015,Morelos,Hombres,17,80.95238095238093
2013/2014,Morelos,Hombres,17,78.3234859675037
2012/2013,Morelos,Hombres,17,76.69230769230775
2021/2022,Morelos,Mujeres,17,89.5591085271317
2020/2021,Morelos,Mujeres,17,88.83754863813209
2019/2020,Morelos,Mujeres,17,88.25256975036724
2018/2019,Morelos,Mujeres,17,87.74810095564808
2017/2018,Morelos,Mujeres,17,86.58965344048205
2016/2017,Morelos,Mujeres,17,87.11734693877571
2015/2016,Morelos,Mujeres,17,87.88586251621265
2014/2015,Morelos,Mujeres,17,87.26230789268065
2013/2014,Morelos,Mujeres,17,84.26220806794058
2012/2013,Morelos,Mujeres,17,82.50597292275037
2021/2022,Nayarit,Total,18,84.868169659916
2020/2021,Nayarit,Total,18,83.3237712755783
2019/2020,Nayarit,Total,18,82.50591016548442
2018/2019,Nayarit,Total,18,80.5993084902037
2017/2018,Nayarit,Total,18,78.89769724424328
2016/2017,Nayarit,Total,18,77.36986301369869
2015/2016,Nayarit,Total,18,75.30708092485551
2014/2015,Nayarit,Total,18,74.44173063503148
2013/2014,Nayarit,Total,18,73.77511455763126
2012/2013,Nayarit,Total,18,73.3966320315301
2021/2022,Nayarit,Hombres,18,82.99578059071733
2020/2021,Nayarit,Hombres,18,82.73858921161813
2019/2020,Nayarit,Hombres,18,80.59389376829787
2018/2019,Nayarit,Hombres,18,78.01131770412286
2017/2018,Nayarit,Hombres,18,77.1696637998436
2016/2017,Nayarit,Hombres,18,75.30910453353319
2015/2016,Nayarit,Hombres,18,73.72693726937277
2014/2015,Nayarit,Hombres,18,72.1828490432318
2013/2014,Nayarit,Hombres,18,71.35306553911222
2012/2013,Nayarit,Hombres,18,71.71969967822672
2021/2022,Nayarit,Mujeres,18,86.4175977653631
2020/2021,Nayarit,Mujeres,18,83.82405108194385
2019/2020,Nayarit,Mujeres,18,84.2085661080073
2018/2019,Nayarit,Mujeres,18,82.94289897510984
2017/2018,Nayarit,Mujeres,18,80.51094890510952
2016/2017,Nayarit,Mujeres,18,79.33000712758367
2015/2016,Nayarit,Mujeres,18,76.82236376503896
2014/2015,Nayarit,Mujeres,18,76.63230240549821
2013/2014,Nayarit,Mujeres,18,76.19887165021164
2012/2013,Nayarit,Mujeres,18,75.08078994613987
2021/2022,Nuevo León,Total,19,79.6584126233673
2020/2021,Nuevo León,Total,19,78.86188500296359
2019/2020,Nuevo León,Total,19,77.72692147654999
2018/2019,Nuevo León,Total,19,76.58527696793013
2017/2018,Nuevo León,Total,19,75.34537081919548
2016/2017,Nuevo León,Total,19,74.1442398489142
2015/2016,Nuevo León,Total,19,73.96689293795397
2014/2015,Nuevo León,Total,19,73.45727136431762
2013/2014,Nuevo León,Total,19,73.08328736900154
2012/2013,Nuevo León,Total,19,72.58611128227246
2021/2022,Nuevo León,Hombres,19,76.91794529686454
2020/2021,Nuevo León,Hombres,19,76.11622017859534
2019/2020,Nuevo León,Hombres,19,74.87859299120629
2018/2019,Nuevo León,Hombres,19,73.8050483351235
2017/2018,Nuevo León,Hombres,19,72.44303126656081
2016/2017,Nuevo León,Hombres,19,70.59353675807893
2015/2016,Nuevo León,Hombres,19,70.30427525998212
2014/2015,Nuevo León,Hombres,19,69.89083523737
2013/2014,Nuevo León,Hombres,19,69.47205369820584
2012/2013,Nuevo León,Hombres,19,68.98305084745769
2021/2022,Nuevo León,Mujeres,19,81.83747082537654
2020/2021,Nuevo León,Mujeres,19,81.06117220027768
2019/2020,Nuevo León,Mujeres,19,80.08474576271166
2018/2019,Nuevo León,Mujeres,19,78.8819875776397
2017/2018,Nuevo León,Mujeres,19,77.79142474318901
2016/2017,Nuevo León,Mujeres,19,77.14939522719838
2015/2016,Nuevo León,Mujeres,19,77.1349250416435
2014/2015,Nuevo León,Mujeres,19,76.65113106740928
2013/2014,Nuevo León,Mujeres,19,76.3477246207701
2012/2013,Nuevo León,Mujeres,19,75.81493165089361
2021/2022,Oaxaca,Total,20,66.42031068226902
2020/2021,Oaxaca,Total,20,65.44734545942697
2019/2020,Oaxaca,Total,20,64.63942632931952
2018/2019,Oaxaca,Total,20,63.00976066319048
2017/2018,Oaxaca,Total,20,60.720515228766985
2016/2017,Oaxaca,Total,20,62.04933586337757
2015/2016,Oaxaca,Total,20,59.86877343331545
2014/2015,Oaxaca,Total,20,58.79365521079742
2013/2014,Oaxaca,Total,20,56.65335753176052
2012/2013,Oaxaca,Total,20,54.44928882853247
2021/2022,Oaxaca,Hombres,20,61.99496622069162
2020/2021,Oaxaca,Hombres,20,62.20598006644536
2019/2020,Oaxaca,Hombres,20,61.50259757559615
2018/2019,Oaxaca,Hombres,20,59.7180524735675
2017/2018,Oaxaca,Hombres,20,56.49550706033372
2016/2017,Oaxaca,Hombres,20,58.82737861536432
2015/2016,Oaxaca,Hombres,20,57.05943420711147
2014/2015,Oaxaca,Hombres,20,55.58358783694069
2013/2014,Oaxaca,Hombres,20,54.0335903083699
2012/2013,Oaxaca,Hombres,20,52.64374065515852
2021/2022,Oaxaca,Mujeres,20,71.14949037372577
2020/2021,Oaxaca,Mujeres,20,68.75508543531325
2019/2020,Oaxaca,Mujeres,20,67.876288659794
2018/2019,Oaxaca,Mujeres,20,66.46567082362616
2017/2018,Oaxaca,Mujeres,20,65.3456998313659
2016/2017,Oaxaca,Mujeres,20,65.50948699929724
2015/2016,Oaxaca,Mujeres,20,62.86307053941897
2014/2015,Oaxaca,Mujeres,20,62.32646500073061
2013/2014,Oaxaca,Mujeres,20,59.57610198126257
2012/2013,Oaxaca,Mujeres,20,56.45161290322567
2021/2022,Puebla,Total,21,85.5701159813227
2020/2021,Puebla,Total,21,84.3683517374126
2019/2020,Puebla,Total,21,82.84178264583228
2018/2019,Puebla,Total,21,81.49618167202588
2017/2018,Puebla,Total,21,79.9701343952214
2016/2017,Puebla,Total,21,78.75487563953179
2015/2016,Puebla,Total,21,76.90576076946677
2014/2015,Puebla,Total,21,75.6456222395427
2013/2014,Puebla,Total,21,73.93266587124543
2012/2013,Puebla,Total,21,72.33502538071052
2021/2022,Puebla,Hombres,21,79.79663478997703
2020/2021,Puebla,Hombres,21,79.66932026944251
2019/2020,Puebla,Hombres,21,77.76575276575278
2018/2019,Puebla,Hombres,21,76.70120084765708
2017/2018,Puebla,Hombres,21,74.41352345906145
2016/2017,Puebla,Hombres,21,73.08590102707765
2015/2016,Puebla,Hombres,21,71.28283302063777
2014/2015,Puebla,Hombres,21,70.40094339622642
2013/2014,Puebla,Hombres,21,68.61152998492065
2012/2013,Puebla,Hombres,21,67.24378340692529
2021/2022,Puebla,Mujeres,21,89.66197666437868
2020/2021,Puebla,Mujeres,21,87.68247387060548
2019/2020,Puebla,Mujeres,21,86.48485371537045
2018/2019,Puebla,Mujeres,21,85.06573181419826
2017/2018,Puebla,Mujeres,21,84.21098823942447
2016/2017,Puebla,Mujeres,21,83.10212118499963
2015/2016,Puebla,Mujeres,21,81.25794155019068
2014/2015,Puebla,Mujeres,21,79.77705527171385
2013/2014,Puebla,Mujeres,21,78.23761261261274
2012/2013,Puebla,Mujeres,21,76.42990654205624
2021/2022,Querétaro,Total,22,87.93985428615701
2020/2021,Querétaro,Total,22,86.24457657078582
2019/2020,Querétaro,Total,22,84.40723828851692
2018/2019,Querétaro,Total,22,84.18079096045217
2017/2018,Querétaro,Total,22,83.08885516776245
2016/2017,Querétaro,Total,22,81.4165497896212
2015/2016,Querétaro,Total,22,79.93351994401685
2014/2015,Querétaro,Total,22,78.57142857142863
2013/2014,Querétaro,Total,22,74.86986178423996
2012/2013,Querétaro,Total,22,72.9699248120303
2021/2022,Querétaro,Hombres,22,84.38661710037191
2020/2021,Querétaro,Hombres,22,83.0847723704866
2019/2020,Querétaro,Hombres,22,80.9290953545231
2018/2019,Querétaro,Hombres,22,80.54207119741109
2017/2018,Querétaro,Hombres,22,80.34155597722943
2016/2017,Querétaro,Hombres,22,78.37055417700577
2015/2016,Querétaro,Hombres,22,76.09139126887001
2014/2015,Querétaro,Hombres,22,74.43181818181807
2013/2014,Querétaro,Hombres,22,70.51124744376283
2012/2013,Querétaro,Hombres,22,68.32013338891198
2021/2022,Querétaro,Mujeres,22,90.48125498537604
2020/2021,Querétaro,Mujeres,22,88.43537414965981
2019/2020,Querétaro,Mujeres,22,86.87481931193975
2018/2019,Querétaro,Mujeres,22,86.85069753636097
2017/2018,Querétaro,Mujeres,22,85.28519417475745
2016/2017,Querétaro,Mujeres,22,83.65794278758389
2015/2016,Querétaro,Mujeres,22,82.81776416539049
2014/2015,Querétaro,Mujeres,22,81.75296319401119
2013/2014,Querétaro,Mujeres,22,78.2789507357647
2012/2013,Querétaro,Mujeres,22,76.78877096884634
2021/2022,Quintana Roo,Total,23,89.1837368094349
2020/2021,Quintana Roo,Total,23,86.56716417910448
2019/2020,Quintana Roo,Total,23,87.0658876987993
2018/2019,Quintana Roo,Total,23,86.238374095763
2017/2018,Quintana Roo,Total,23,84.42694663167096
2016/2017,Quintana Roo,Total,23,81.48214929679054
2015/2016,Quintana Roo,Total,23,80.36763312488148
2014/2015,Quintana Roo,Total,23,80.54094665664893
2013/2014,Quintana Roo,Total,23,79.5761078998074
2012/2013,Quintana Roo,Total,23,79.00424546507139
2021/2022,Quintana Roo,Hombres,23,86.89503456945329
2020/2021,Quintana Roo,Hombres,23,85.10911424903698
2019/2020,Quintana Roo,Hombres,23,85.48804137039419
2018/2019,Quintana Roo,Hombres,23,84.61016949152523
2017/2018,Quintana Roo,Hombres,23,82.28845495032525
2016/2017,Quintana Roo,Hombres,23,78.10344827586226
2015/2016,Quintana Roo,Hombres,23,77.2939906441168
2014/2015,Quintana Roo,Hombres,23,77.44011440829473
2013/2014,Quintana Roo,Hombres,23,76.48532569792407
2012/2013,Quintana Roo,Hombres,23,75.59112404510718
2021/2022,Quintana Roo,Mujeres,23,91.4163090128755
2020/2021,Quintana Roo,Mujeres,23,88.02568218298555
2019/2020,Quintana Roo,Mujeres,23,88.65710560625831
2018/2019,Quintana Roo,Mujeres,23,87.92016806722681
2017/2018,Quintana Roo,Mujeres,23,86.65951359084411
2016/2017,Quintana Roo,Mujeres,23,85.18518518518502
2015/2016,Quintana Roo,Mujeres,23,83.78702962369903
2014/2015,Quintana Roo,Mujeres,23,83.97309062128993
2013/2014,Quintana Roo,Mujeres,23,83.18030050083489
2012/2013,Quintana Roo,Mujeres,23,82.86066584463627
2021/2022,San Luis Potosí,Total,24,79.68070953436822
2020/2021,San Luis Potosí,Total,24,78.59462384990076
2019/2020,San Luis Potosí,Total,24,77.790844943007
2018/2019,San Luis Potosí,Total,24,75.26648599819337
2017/2018,San Luis Potosí,Total,24,73.84858320905352
2016/2017,San Luis Potosí,Total,24,72.72252220867448
2015/2016,San Luis Potosí,Total,24,73.26221911340393
2014/2015,San Luis Potosí,Total,24,72.2837155760206
2013/2014,San Luis Potosí,Total,24,71.09940162543536
2012/2013,San Luis Potosí,Total,24,71.36851520572436
2021/2022,San Luis Potosí,Hombres,24,74.98615469817217
2020/2021,San Luis Potosí,Hombres,24,75.58451513990055
2019/2020,San Luis Potosí,Hombres,24,74.90902126029503
2018/2019,San Luis Potosí,Hombres,24,72.1264911948494
2017/2018,San Luis Potosí,Hombres,24,71.94495412844036
2016/2017,San Luis Potosí,Hombres,24,69.80127750177421
2015/2016,San Luis Potosí,Hombres,24,70.73384831460679
2014/2015,San Luis Potosí,Hombres,24,69.70015781167803
2013/2014,San Luis Potosí,Hombres,24,68.03235449270255
2012/2013,San Luis Potosí,Hombres,24,67.91150442477897
2021/2022,San Luis Potosí,Mujeres,24,84.02185046090813
2020/2021,San Luis Potosí,Mujeres,24,81.27130197682347
2019/2020,San Luis Potosí,Mujeres,24,80.37030687467832
2018/2019,San Luis Potosí,Mujeres,24,78.13093798583517
2017/2018,San Luis Potosí,Mujeres,24,75.59253656076649
2016/2017,San Luis Potosí,Mujeres,24,75.53882996920953
2015/2016,San Luis Potosí,Mujeres,24,75.77077164257102
2014/2015,San Luis Potosí,Mujeres,24,74.91949910554568
2013/2014,San Luis Potosí,Mujeres,24,74.2649727767694
2012/2013,San Luis Potosí,Mujeres,24,74.90054249547933
2021/2022,Sinaloa,Total,25,84.62237709264447
2020/2021,Sinaloa,Total,25,84.50746718962164
2019/2020,Sinaloa,Total,25,83.15387552500944
2018/2019,Sinaloa,Total,25,80.72400276688967
2017/2018,Sinaloa,Total,25,78.96469867524318
2016/2017,Sinaloa,Total,25,75.9906934854399
2015/2016,Sinaloa,Total,25,73.5291861624608
2014/2015,Sinaloa,Total,25,72.64323911382718
2013/2014,Sinaloa,Total,25,70.62621548035783
2012/2013,Sinaloa,Total,25,69.26740217477594
2021/2022,Sinaloa,Hombres,25,82.45116572148727
2020/2021,Sinaloa,Hombres,25,83.58208955223871
2019/2020,Sinaloa,Hombres,25,82.25245175577345
2018/2019,Sinaloa,Hombres,25,79.53379953379952
2017/2018,Sinaloa,Hombres,25,77.45593869731788
2016/2017,Sinaloa,Hombres,25,75.05188259709459
2015/2016,Sinaloa,Hombres,25,72.60765550239213
2014/2015,Sinaloa,Hombres,25,72.09989655681983
2013/2014,Sinaloa,Hombres,25,70.2099151406876
2012/2013,Sinaloa,Hombres,25,68.26211686546873
2021/2022,Sinaloa,Mujeres,25,86.63359112797302
2020/2021,Sinaloa,Mujeres,25,85.36196141012623
2019/2020,Sinaloa,Mujeres,25,83.99527535803938
2018/2019,Sinaloa,Mujeres,25,81.88868613138695
2017/2018,Sinaloa,Mujeres,25,80.47138047138047
2016/2017,Sinaloa,Mujeres,25,76.95348130130716
2015/2016,Sinaloa,Mujeres,25,74.4999212474405
2014/2015,Sinaloa,Mujeres,25,73.2247350941009
2013/2014,Sinaloa,Mujeres,25,71.08178559791469
2012/2013,Sinaloa,Mujeres,25,70.38152610441762
2021/2022,Sonora,Total,26,89.91935483870968
2020/2021,Sonora,Total,26,88.88761991777046
2019/2020,Sonora,Total,26,87.27702557489812
2018/2019,Sonora,Total,26,86.95315952275749
2017/2018,Sonora,Total,26,86.22722400857474
2016/2017,Sonora,Total,26,85.41779854395294
2015/2016,Sonora,Total,26,83.12857445456463
2014/2015,Sonora,Total,26,80.92405735528408
2013/2014,Sonora,Total,26,78.59546293281227
2012/2013,Sonora,Total,26,75.98513848232385
2021/2022,Sonora,Hombres,26,87.3656618610748
2020/2021,Sonora,Hombres,26,86.82291666666663
2019/2020,Sonora,Hombres,26,85.35001202790465
2018/2019,Sonora,Hombres,26,84.31606588684664
2017/2018,Sonora,Hombres,26,83.39416058394158
2016/2017,Sonora,Hombres,26,83.41595313204142
2015/2016,Sonora,Hombres,26,80.76592082616177
2014/2015,Sonora,Hombres,26,78.58358145470011
2013/2014,Sonora,Hombres,26,76.3396715643905
2012/2013,Sonora,Hombres,26,74.06994876364462
2021/2022,Sonora,Mujeres,26,91.9218910585818
2020/2021,Sonora,Mujeres,26,90.500406834825
2019/2020,Sonora,Mujeres,26,88.83278306467274
2018/2019,Sonora,Mujeres,26,89.22475837960137
2017/2018,Sonora,Mujeres,26,88.73837444399523
2016/2017,Sonora,Mujeres,26,87.28226652675765
2015/2016,Sonora,Mujeres,26,85.41927409261565
2014/2015,Sonora,Mujeres,26,83.25907065563315
2013/2014,Sonora,Mujeres,26,80.87241003271555
2012/2013,Sonora,Mujeres,26,77.94218074208953
2021/2022,Tabasco,Total,27,92.57191927866025
2020/2021,Tabasco,Total,27,92.61744966442944
2019/2020,Tabasco,Total,27,92.40766073871416
2018/2019,Tabasco,Total,27,91.66441866738582
2017/2018,Tabasco,Total,27,90.93195657929571
2016/2017,Tabasco,Total,27,89.9815934788325
2015/2016,Tabasco,Total,27,89.7432486364239
2014/2015,Tabasco,Total,27,89.3813361060566
2013/2014,Tabasco,Total,27,86.72753738255942
2012/2013,Tabasco,Total,27,85.85096348201056
2021/2022,Tabasco,Hombres,27,88.73323397913556
2020/2021,Tabasco,Hombres,27,90.38573933372322
2019/2020,Tabasco,Hombres,27,90.30233884768978
2018/2019,Tabasco,Hombres,27,89.41078376876054
2017/2018,Tabasco,Hombres,27,88.36772983114444
2016/2017,Tabasco,Hombres,27,87.81380753138066
2015/2016,Tabasco,Hombres,27,87.41073790002645
2014/2015,Tabasco,Hombres,27,86.7457452294997
2013/2014,Tabasco,Hombres,27,84.2606903657907
2012/2013,Tabasco,Hombres,27,83.82923673997412
2021/2022,Tabasco,Mujeres,27,96.11784140969162
2020/2021,Tabasco,Mujeres,27,94.66487935656852
2019/2020,Tabasco,Mujeres,27,94.34805467928514
2018/2019,Tabasco,Mujeres,27,93.78930817610072
2017/2018,Tabasco,Mujeres,27,93.43447554276764
2016/2017,Tabasco,Mujeres,27,92.17345319936553
2015/2016,Tabasco,Mujeres,27,92.10385438972132
2014/2015,Tabasco,Mujeres,27,92.05974842767314
2013/2014,Tabasco,Mujeres,27,89.33333333333339
2012/2013,Tabasco,Mujeres,27,88.04836895388087
2021/2022,Tamaulipas,Total,28,84.24171679985625
2020/2021,Tamaulipas,Total,28,83.3452657955968
2019/2020,Tamaulipas,Total,28,83.98378997445141
2018/2019,Tamaulipas,Total,28,82.83235474542126
2017/2018,Tamaulipas,Total,28,81.16006003354798
2016/2017,Tamaulipas,Total,28,81.36319888004198
2015/2016,Tamaulipas,Total,28,80.09446114212115
2014/2015,Tamaulipas,Total,28,78.08427821966502
2013/2014,Tamaulipas,Total,28,78.10723344703915
2012/2013,Tamaulipas,Total,28,74.49629306585281
2021/2022,Tamaulipas,Hombres,28,81.47926634768739
2020/2021,Tamaulipas,Hombres,28,80.7608046205934
2019/2020,Tamaulipas,Hombres,28,81.20300751879698
2018/2019,Tamaulipas,Hombres,28,80.56672410492064
2017/2018,Tamaulipas,Hombres,28,78.4861325115562
2016/2017,Tamaulipas,Hombres,28,79.43571293315655
2015/2016,Tamaulipas,Hombres,28,77.50279121697059
2014/2015,Tamaulipas,Hombres,28,75.28914999082069
2013/2014,Tamaulipas,Hombres,28,74.84454494064447
2012/2013,Tamaulipas,Hombres,28,71.11742424242408
2021/2022,Tamaulipas,Mujeres,28,86.50547296193442
2020/2021,Tamaulipas,Mujeres,28,85.45424995936938
2019/2020,Tamaulipas,Mujeres,28,86.32381570408852
2018/2019,Tamaulipas,Mujeres,28,84.74466709760836
2017/2018,Tamaulipas,Mujeres,28,83.42298288508569
2016/2017,Tamaulipas,Mujeres,28,83.01886792452821
2015/2016,Tamaulipas,Mujeres,28,82.31542018816785
2014/2015,Tamaulipas,Mujeres,28,80.47402291633985
2013/2014,Tamaulipas,Mujeres,28,80.93372510610499
2012/2013,Tamaulipas,Mujeres,28,77.38075990299129
2021/2022,Tlaxcala,Total,29,80.59382883757029
2020/2021,Tlaxcala,Total,29,79.02139461172739
2019/2020,Tlaxcala,Total,29,78.34912043301769
2018/2019,Tlaxcala,Total,29,76.20146097654754
2017/2018,Tlaxcala,Total,29,76.13055446323234
2016/2017,Tlaxcala,Total,29,74.68452727625683
2015/2016,Tlaxcala,Total,29,73.11124330755494
2014/2015,Tlaxcala,Total,29,71.51104917380047
2013/2014,Tlaxcala,Total,29,69.51491779987823
2012/2013,Tlaxcala,Total,29,66.20820990266589
2021/2022,Tlaxcala,Hombres,29,76.02710715798392
2020/2021,Tlaxcala,Hombres,29,74.80245829675167
2019/2020,Tlaxcala,Hombres,29,73.65750528541237
2018/2019,Tlaxcala,Hombres,29,70.97315436241595
2017/2018,Tlaxcala,Hombres,29,71.5012722646309
2016/2017,Tlaxcala,Hombres,29,70.02518891687663
2015/2016,Tlaxcala,Hombres,29,68.38517256071574
2014/2015,Tlaxcala,Hombres,29,66.90924657534266
2013/2014,Tlaxcala,Hombres,29,64.3623872906828
2012/2013,Tlaxcala,Hombres,29,61.84738955823287
2021/2022,Tlaxcala,Mujeres,29,84.45558739254992
2020/2021,Tlaxcala,Mujeres,29,82.49097472924208
2019/2020,Tlaxcala,Mujeres,29,82.30056980056976
2018/2019,Tlaxcala,Mujeres,29,80.62455642299503
2017/2018,Tlaxcala,Mujeres,29,80.13196480938423
2016/2017,Tlaxcala,Mujeres,29,78.69266883351398
2015/2016,Tlaxcala,Mujeres,29,77.22551928783389
2014/2015,Tlaxcala,Mujeres,29,75.51172311127635
2013/2014,Tlaxcala,Mujeres,29,74.133949191686
2012/2013,Tlaxcala,Mujeres,29,70.1408450704223
2021/2022,Veracruz de Ignacio de la Llave,Total,30,83.39513642218664
2020/2021,Veracruz de Ignacio de la Llave,Total,30,82.97471336579235
2019/2020,Veracruz de Ignacio de la Llave,Total,30,81.9887649215887
2018/2019,Veracruz de Ignacio de la Llave,Total,30,80.80263668088428
2017/2018,Veracruz de Ignacio de la Llave,Total,30,78.03377052963577
2016/2017,Veracruz de Ignacio de la Llave,Total,30,76.21080409810627
2015/2016,Veracruz de Ignacio de la Llave,Total,30,74.56551190245779
2014/2015,Veracruz de Ignacio de la Llave,Total,30,73.40218238503518
2013/2014,Veracruz de Ignacio de la Llave,Total,30,71.09211099236023
2012/2013,Veracruz de Ignacio de la Llave,Total,30,70.05321722302864
2021/2022,Veracruz de Ignacio de la Llave,Hombres,30,79.21104892579913
2020/2021,Veracruz de Ignacio de la Llave,Hombres,30,79.56190999908357
2019/2020,Veracruz de Ignacio de la Llave,Hombres,30,78.4800943139568
2018/2019,Veracruz de Ignacio de la Llave,Hombres,30,77.20483641536265
2017/2018,Veracruz de Ignacio de la Llave,Hombres,30,73.93626335142716
2016/2017,Veracruz de Ignacio de la Llave,Hombres,30,72.54094770955614
2015/2016,Veracruz de Ignacio de la Llave,Hombres,30,71.3665189818437
2014/2015,Veracruz de Ignacio de la Llave,Hombres,30,70.30137949213612
2013/2014,Veracruz de Ignacio de la Llave,Hombres,30,67.94917362715479
2012/2013,Veracruz de Ignacio de la Llave,Hombres,30,66.99919115664585
2021/2022,Veracruz de Ignacio de la Llave,Mujeres,30,86.58276597207875
2020/2021,Veracruz de Ignacio de la Llave,Mujeres,30,85.53273339286916
2019/2020,Veracruz de Ignacio de la Llave,Mujeres,30,84.63750256726233
2018/2019,Veracruz de Ignacio de la Llave,Mujeres,30,83.58547655068091
2017/2018,Veracruz de Ignacio de la Llave,Mujeres,30,81.24442615078554
2016/2017,Veracruz de Ignacio de la Llave,Mujeres,30,79.1303741899519
2015/2016,Veracruz de Ignacio de la Llave,Mujeres,30,77.13627478357999
2014/2015,Veracruz de Ignacio de la Llave,Mujeres,30,75.87366062049135
2013/2014,Veracruz de Ignacio de la Llave,Mujeres,30,73.61696052537633
2012/2013,Veracruz de Ignacio de la Llave,Mujeres,30,72.53783724500981
2021/2022,Yucatán,Total,31,93.161231884058
2020/2021,Yucatán,Total,31,92.76654096674665
2019/2020,Yucatán,Total,31,91.87811634349042
2018/2019,Yucatán,Total,31,91.48296593186384
2017/2018,Yucatán,Total,31,89.12346634243413
2016/2017,Yucatán,Total,31,87.96286061677897
2015/2016,Yucatán,Total,31,88.13009947468413
2014/2015,Yucatán,Total,31,87.40286746196766
2013/2014,Yucatán,Total,31,86.73021313055575
2012/2013,Yucatán,Total,31,85.61002178649254
2021/2022,Yucatán,Hombres,31,91.24050632911366
2020/2021,Yucatán,Hombres,31,92.16531440162244
2019/2020,Yucatán,Hombres,31,91.14785992217908
2018/2019,Yucatán,Hombres,31,90.4402821697883
2017/2018,Yucatán,Hombres,31,88.42527109853837
2016/2017,Yucatán,Hombres,31,87.5796930342385
2015/2016,Yucatán,Hombres,31,88.71277617675328
2014/2015,Yucatán,Hombres,31,86.98551391124415
2013/2014,Yucatán,Hombres,31,86.52674339878116
2012/2013,Yucatán,Hombres,31,84.96583143507983
2021/2022,Yucatán,Mujeres,31,94.71528062269552
2020/2021,Yucatán,Mujeres,31,93.25982941543587
2019/2020,Yucatán,Mujeres,31,92.48931406472607
2018/2019,Yucatán,Mujeres,31,92.36296448367882
2017/2018,Yucatán,Mujeres,31,89.73985431841838
2016/2017,Yucatán,Mujeres,31,88.30008312551946
2015/2016,Yucatán,Mujeres,31,87.62283085929323
2014/2015,Yucatán,Mujeres,31,87.78195488721776
2013/2014,Yucatán,Mujeres,31,86.91398287810821
2012/2013,Yucatán,Mujeres,31,86.20041753653454
2021/2022,Zacatecas,Total,32,87.3522035112862
2020/2021,Zacatecas,Total,32,86.50835532102046
2019/2020,Zacatecas,Total,32,86.25501482644354
2018/2019,Zacatecas,Total,32,84.39032936229869
2017/2018,Zacatecas,Total,32,82.32081911262807
2016/2017,Zacatecas,Total,32,82.48075278015385
2015/2016,Zacatecas,Total,32,80.75709779179832
2014/2015,Zacatecas,Total,32,79.33299646285995
2013/2014,Zacatecas,Total,32,75.73944263976767
2012/2013,Zacatecas,Total,32,74.06412623803936
2021/2022,Zacatecas,Hombres,32,83.74435567905508
2020/2021,Zacatecas,Hombres,32,83.69938229238146
2019/2020,Zacatecas,Hombres,32,83.9195979899498
2018/2019,Zacatecas,Hombres,32,81.90507580751485
2017/2018,Zacatecas,Hombres,32,78.71802968108626
2016/2017,Zacatecas,Hombres,32,79.61380183602412
2015/2016,Zacatecas,Hombres,32,77.62005436424059
2014/2015,Zacatecas,Hombres,32,76.56202377324003
2013/2014,Zacatecas,Hombres,32,73.81321749922428
2012/2013,Zacatecas,Hombres,32,71.59869008633535
2021/2022,Zacatecas,Mujeres,32,91.19496855345888
2020/2021,Zacatecas,Mujeres,32,89.46228798267775
2019/2020,Zacatecas,Mujeres,32,88.79184861717606
2018/2019,Zacatecas,Mujeres,32,87.21017202692582
2017/2018,Zacatecas,Mujeres,32,86.5577422948385
2016/2017,Zacatecas,Mujeres,32,85.85256887565141
2015/2016,Zacatecas,Mujeres,32,84.58702064896734
2014/2015,Zacatecas,Mujeres,32,82.75602409638546
2013/2014,Zacatecas,Mujeres,32,78.1035795887281
2012/2013,Zacatecas,Mujeres,32,77.25173210161664
