Year,Entidad federativa,Violencia en mujeres por edad,GeoCode,Value
2021,Estados Unidos Mexicanos,Total,0,20.1902889740508
2016,Estados Unidos Mexicanos,Total,0,17.4033411142911
2021,Estados Unidos Mexicanos,De 15 a 24 años,0,21.9967959464459
2016,Estados Unidos Mexicanos,De 15 a 24 años,0,19.9443155485773
2021,Estados Unidos Mexicanos,De 25 a 64 años,0,12.8857303021607
2016,Estados Unidos Mexicanos,De 25 a 64 años,0,10.4268474960273
2021,Estados Unidos Mexicanos,De 65 años y más,0,7.30784476235091
2016,Estados Unidos Mexicanos,De 65 años y más,0,5.602541536083801
2021,Estados Unidos Mexicanos,Edad no especificada en mujeres de 15 años y más,0,81.1894420314066
2016,Estados Unidos Mexicanos,Edad no especificada en mujeres de 15 años y más,0,13.7555753791258
2021,Aguascalientes,Total,1,21.0779009297683
2016,Aguascalientes,Total,1,20.0102885950923
2021,Aguascalientes,De 15 a 24 años,1,23.1105510839098
2016,Aguascalientes,De 15 a 24 años,1,24.714419734010296
2021,Aguascalientes,De 25 a 64 años,1,12.2421472105016
2016,Aguascalientes,De 25 a 64 años,1,6.5405428437513295
2021,Aguascalientes,De 65 años y más,1,0.0
2016,Aguascalientes,De 65 años y más,1,0.0
2021,Aguascalientes,Edad no especificada en mujeres de 15 años y más,1,
2016,Aguascalientes,Edad no especificada en mujeres de 15 años y más,1,
2021,Baja California,Total,2,12.970225338834402
2016,Baja California,Total,2,13.3080412651126
2021,Baja California,De 15 a 24 años,2,13.4654113382338
2016,Baja California,De 15 a 24 años,2,15.807288916556
2021,Baja California,De 25 a 64 años,2,11.2919395089905
2016,Baja California,De 25 a 64 años,2,5.35701181477948
2021,Baja California,De 65 años y más,2,
2016,Baja California,De 65 años y más,2,0.0
2021,Baja California,Edad no especificada en mujeres de 15 años y más,2,
2016,Baja California,Edad no especificada en mujeres de 15 años y más,2,
2021,Baja California Sur,Total,3,17.518998180456
2016,Baja California Sur,Total,3,14.0394595459637
2021,Baja California Sur,De 15 a 24 años,3,18.2201925450506
2016,Baja California Sur,De 15 a 24 años,3,14.8233231569084
2021,Baja California Sur,De 25 a 64 años,3,13.401201602136204
2016,Baja California Sur,De 25 a 64 años,3,11.166715729565302
2021,Baja California Sur,De 65 años y más,3,0.0
2016,Baja California Sur,De 65 años y más,3,21.1991434689507
2021,Baja California Sur,Edad no especificada en mujeres de 15 años y más,3,
2016,Baja California Sur,Edad no especificada en mujeres de 15 años y más,3,
2021,Campeche,Total,4,17.2661427662761
2016,Campeche,Total,4,14.8918341171441
2021,Campeche,De 15 a 24 años,4,20.1849658543961
2016,Campeche,De 15 a 24 años,4,14.775786639744204
2021,Campeche,De 25 a 64 años,4,4.56440888087456
2016,Campeche,De 25 a 64 años,4,15.494384091327598
2021,Campeche,De 65 años y más,4,0.0
2016,Campeche,De 65 años y más,4,0.0
2021,Campeche,Edad no especificada en mujeres de 15 años y más,4,
2016,Campeche,Edad no especificada en mujeres de 15 años y más,4,
2021,Coahuila de Zaragoza,Total,5,23.4410587873192
2016,Coahuila de Zaragoza,Total,5,18.8709985990854
2021,Coahuila de Zaragoza,De 15 a 24 años,5,24.3941567137293
2016,Coahuila de Zaragoza,De 15 a 24 años,5,21.2993414947401
2021,Coahuila de Zaragoza,De 25 a 64 años,5,19.0020895333376
2016,Coahuila de Zaragoza,De 25 a 64 años,5,7.08974840405558
2021,Coahuila de Zaragoza,De 65 años y más,5,
2016,Coahuila de Zaragoza,De 65 años y más,5,0.0
2021,Coahuila de Zaragoza,Edad no especificada en mujeres de 15 años y más,5,
2016,Coahuila de Zaragoza,Edad no especificada en mujeres de 15 años y más,5,
2021,Colima,Total,6,20.7340257349263
2016,Colima,Total,6,10.4372439183706
2021,Colima,De 15 a 24 años,6,23.0594499535929
2016,Colima,De 15 a 24 años,6,11.5542538834812
2021,Colima,De 25 a 64 años,6,10.2632753235163
2016,Colima,De 25 a 64 años,6,8.15806662312214
2021,Colima,De 65 años y más,6,0.0
2016,Colima,De 65 años y más,6,0.0
2021,Colima,Edad no especificada en mujeres de 15 años y más,6,
2016,Colima,Edad no especificada en mujeres de 15 años y más,6,
2021,Chiapas,Total,7,21.7519959537326
2016,Chiapas,Total,7,13.571675512984802
2021,Chiapas,De 15 a 24 años,7,22.5353556056569
2016,Chiapas,De 15 a 24 años,7,15.8458908553407
2021,Chiapas,De 25 a 64 años,7,13.6932892249527
2016,Chiapas,De 25 a 64 años,7,7.732743725656721
2021,Chiapas,De 65 años y más,7,100.0
2016,Chiapas,De 65 años y más,7,0.0
2021,Chiapas,Edad no especificada en mujeres de 15 años y más,7,
2016,Chiapas,Edad no especificada en mujeres de 15 años y más,7,
2021,Chihuahua,Total,8,21.0830567763925
2016,Chihuahua,Total,8,16.6127234667314
2021,Chihuahua,De 15 a 24 años,8,24.4518359665631
2016,Chihuahua,De 15 a 24 años,8,18.8458810586218
2021,Chihuahua,De 25 a 64 años,8,5.86848509430136
2016,Chihuahua,De 25 a 64 años,8,10.5280658696857
2021,Chihuahua,De 65 años y más,8,0.0
2016,Chihuahua,De 65 años y más,8,0.0
2021,Chihuahua,Edad no especificada en mujeres de 15 años y más,8,
2016,Chihuahua,Edad no especificada en mujeres de 15 años y más,8,
2021,Ciudad de México,Total,9,25.382674337307105
2016,Ciudad de México,Total,9,19.6526343777016
2021,Ciudad de México,De 15 a 24 años,9,25.7469807917355
2016,Ciudad de México,De 15 a 24 años,9,23.9196452724557
2021,Ciudad de México,De 25 a 64 años,9,24.9040202825063
2016,Ciudad de México,De 25 a 64 años,9,11.044539675447302
2021,Ciudad de México,De 65 años y más,9,0.0
2016,Ciudad de México,De 65 años y más,9,0.0
2021,Ciudad de México,Edad no especificada en mujeres de 15 años y más,9,
2016,Ciudad de México,Edad no especificada en mujeres de 15 años y más,9,
2021,Durango,Total,10,23.586968244164
2016,Durango,Total,10,17.0620993027282
2021,Durango,De 15 a 24 años,10,26.7551879440892
2016,Durango,De 15 a 24 años,10,18.6180489280976
2021,Durango,De 25 a 64 años,10,11.4744926504247
2016,Durango,De 25 a 64 años,10,8.78751248226205
2021,Durango,De 65 años y más,10,0.0
2016,Durango,De 65 años y más,10,29.5886075949367
2021,Durango,Edad no especificada en mujeres de 15 años y más,10,
2016,Durango,Edad no especificada en mujeres de 15 años y más,10,
2021,Guanajuato,Total,11,19.7375900257975
2016,Guanajuato,Total,11,18.0069587604825
2021,Guanajuato,De 15 a 24 años,11,20.4225101092712
2016,Guanajuato,De 15 a 24 años,11,20.4973904345511
2021,Guanajuato,De 25 a 64 años,11,15.2000988523856
2016,Guanajuato,De 25 a 64 años,11,9.90931828026101
2021,Guanajuato,De 65 años y más,11,0.0
2016,Guanajuato,De 65 años y más,11,0.0
2021,Guanajuato,Edad no especificada en mujeres de 15 años y más,11,100.0
2016,Guanajuato,Edad no especificada en mujeres de 15 años y más,11,0.0
2021,Guerrero,Total,12,20.0471616526181
2016,Guerrero,Total,12,14.869113324054
2021,Guerrero,De 15 a 24 años,12,22.965334011673104
2016,Guerrero,De 15 a 24 años,12,15.9708291681482
2021,Guerrero,De 25 a 64 años,12,7.161335100006309
2016,Guerrero,De 25 a 64 años,12,10.8343850792315
2021,Guerrero,De 65 años y más,12,0.0
2016,Guerrero,De 65 años y más,12,0.0
2021,Guerrero,Edad no especificada en mujeres de 15 años y más,12,
2016,Guerrero,Edad no especificada en mujeres de 15 años y más,12,
2021,Hidalgo,Total,13,19.3144751617561
2016,Hidalgo,Total,13,16.3104035059092
2021,Hidalgo,De 15 a 24 años,13,20.4930227785758
2016,Hidalgo,De 15 a 24 años,13,18.1938804229826
2021,Hidalgo,De 25 a 64 años,13,13.8224066390042
2016,Hidalgo,De 25 a 64 años,13,12.0962648863226
2021,Hidalgo,De 65 años y más,13,0.0
2016,Hidalgo,De 65 años y más,13,0.0
2021,Hidalgo,Edad no especificada en mujeres de 15 años y más,13,
2016,Hidalgo,Edad no especificada en mujeres de 15 años y más,13,
2021,Jalisco,Total,14,21.1815126976257
2016,Jalisco,Total,14,20.5295488316123
2021,Jalisco,De 15 a 24 años,14,22.8940077160359
2016,Jalisco,De 15 a 24 años,14,22.3939132480979
2021,Jalisco,De 25 a 64 años,14,15.4011847065159
2016,Jalisco,De 25 a 64 años,14,16.173893864948
2021,Jalisco,De 65 años y más,14,26.8608414239482
2016,Jalisco,De 65 años y más,14,0.0
2021,Jalisco,Edad no especificada en mujeres de 15 años y más,14,
2016,Jalisco,Edad no especificada en mujeres de 15 años y más,14,0.0
2021,México,Total,15,18.3962788595259
2016,México,Total,15,17.3844853865861
2021,México,De 15 a 24 años,15,21.5730352791461
2016,México,De 15 a 24 años,15,19.8827515873277
2021,México,De 25 a 64 años,15,7.13008227018004
2016,México,De 25 a 64 años,15,12.0790339631631
2021,México,De 65 años y más,15,0.0
2016,México,De 65 años y más,15,9.23602397880942
2021,México,Edad no especificada en mujeres de 15 años y más,15,
2016,México,Edad no especificada en mujeres de 15 años y más,15,
2021,Michoacán de Ocampo,Total,16,23.8567538100201
2016,Michoacán de Ocampo,Total,16,20.4808400060186
2021,Michoacán de Ocampo,De 15 a 24 años,16,26.3486555828068
2016,Michoacán de Ocampo,De 15 a 24 años,16,27.55305485903
2021,Michoacán de Ocampo,De 25 a 64 años,16,9.87130028852076
2016,Michoacán de Ocampo,De 25 a 64 años,16,5.97600672021841
2021,Michoacán de Ocampo,De 65 años y más,16,
2016,Michoacán de Ocampo,De 65 años y más,16,21.8506774286538
2021,Michoacán de Ocampo,Edad no especificada en mujeres de 15 años y más,16,0.0
2016,Michoacán de Ocampo,Edad no especificada en mujeres de 15 años y más,16,0.0
2021,Morelos,Total,17,19.2724066281364
2016,Morelos,Total,17,18.4075395594167
2021,Morelos,De 15 a 24 años,17,19.8619078698774
2016,Morelos,De 15 a 24 años,17,20.3225969050859
2021,Morelos,De 25 a 64 años,17,17.531047265987
2016,Morelos,De 25 a 64 años,17,12.6581381338814
2021,Morelos,De 65 años y más,17,0.0
2016,Morelos,De 65 años y más,17,0.0
2021,Morelos,Edad no especificada en mujeres de 15 años y más,17,
2016,Morelos,Edad no especificada en mujeres de 15 años y más,17,
2021,Nayarit,Total,18,20.7127378513967
2016,Nayarit,Total,18,14.058147632312
2021,Nayarit,De 15 a 24 años,18,22.8522687236923
2016,Nayarit,De 15 a 24 años,18,15.2773246329527
2021,Nayarit,De 25 a 64 años,18,10.8713692946058
2016,Nayarit,De 25 a 64 años,18,10.2945078270098
2021,Nayarit,De 65 años y más,18,100.0
2016,Nayarit,De 65 años y más,18,0.0
2021,Nayarit,Edad no especificada en mujeres de 15 años y más,18,
2016,Nayarit,Edad no especificada en mujeres de 15 años y más,18,
2021,Nuevo León,Total,19,19.0842712229863
2016,Nuevo León,Total,19,17.3430959063044
2021,Nuevo León,De 15 a 24 años,19,21.0765391741085
2016,Nuevo León,De 15 a 24 años,19,19.6334848496952
2021,Nuevo León,De 25 a 64 años,19,10.1531905090993
2016,Nuevo León,De 25 a 64 años,19,9.23275422330243
2021,Nuevo León,De 65 años y más,19,0.0
2016,Nuevo León,De 65 años y más,19,0.0
2021,Nuevo León,Edad no especificada en mujeres de 15 años y más,19,
2016,Nuevo León,Edad no especificada en mujeres de 15 años y más,19,0.0
2021,Oaxaca,Total,20,15.4593562434143
2016,Oaxaca,Total,20,17.8460371634433
2021,Oaxaca,De 15 a 24 años,20,16.7507801109638
2016,Oaxaca,De 15 a 24 años,20,22.4987908862638
2021,Oaxaca,De 25 a 64 años,20,5.76465927099841
2016,Oaxaca,De 25 a 64 años,20,6.4844436632097
2021,Oaxaca,De 65 años y más,20,
2016,Oaxaca,De 65 años y más,20,0.0
2021,Oaxaca,Edad no especificada en mujeres de 15 años y más,20,
2016,Oaxaca,Edad no especificada en mujeres de 15 años y más,20,
2021,Puebla,Total,21,15.7801874559879
2016,Puebla,Total,21,17.469243832562
2021,Puebla,De 15 a 24 años,21,17.1305627185142
2016,Puebla,De 15 a 24 años,21,19.7328262681796
2021,Puebla,De 25 a 64 años,21,10.0293907137527
2016,Puebla,De 25 a 64 años,21,10.8398930400885
2021,Puebla,De 65 años y más,21,0.0
2016,Puebla,De 65 años y más,21,0.0
2021,Puebla,Edad no especificada en mujeres de 15 años y más,21,
2016,Puebla,Edad no especificada en mujeres de 15 años y más,21,
2021,Querétaro,Total,22,29.4292760517752
2016,Querétaro,Total,22,18.7657439980024
2021,Querétaro,De 15 a 24 años,22,34.1192384769539
2016,Querétaro,De 15 a 24 años,22,22.466597208705892
2021,Querétaro,De 25 a 64 años,22,15.7324041811847
2016,Querétaro,De 25 a 64 años,22,11.1001119049669
2021,Querétaro,De 65 años y más,22,0.0
2016,Querétaro,De 65 años y más,22,0.0
2021,Querétaro,Edad no especificada en mujeres de 15 años y más,22,100.0
2016,Querétaro,Edad no especificada en mujeres de 15 años y más,22,100.0
2021,Quintana Roo,Total,23,20.4993280264654
2016,Quintana Roo,Total,23,18.2360126536024
2021,Quintana Roo,De 15 a 24 años,23,23.4104158822078
2016,Quintana Roo,De 15 a 24 años,23,19.87401403766
2021,Quintana Roo,De 25 a 64 años,23,9.30774006622517
2016,Quintana Roo,De 25 a 64 años,23,13.0178604308599
2021,Quintana Roo,De 65 años y más,23,0.0
2016,Quintana Roo,De 65 años y más,23,0.0
2021,Quintana Roo,Edad no especificada en mujeres de 15 años y más,23,
2016,Quintana Roo,Edad no especificada en mujeres de 15 años y más,23,
2021,San Luis Potosí,Total,24,13.2228658932983
2016,San Luis Potosí,Total,24,13.0496741491673
2021,San Luis Potosí,De 15 a 24 años,24,14.2208309206717
2016,San Luis Potosí,De 15 a 24 años,24,15.206469288262404
2021,San Luis Potosí,De 25 a 64 años,24,9.57490103222465
2016,San Luis Potosí,De 25 a 64 años,24,8.71324917166464
2021,San Luis Potosí,De 65 años y más,24,0.0
2016,San Luis Potosí,De 65 años y más,24,0.0
2021,San Luis Potosí,Edad no especificada en mujeres de 15 años y más,24,
2016,San Luis Potosí,Edad no especificada en mujeres de 15 años y más,24,
2021,Sinaloa,Total,25,14.369311519347798
2016,Sinaloa,Total,25,16.3413502884365
2021,Sinaloa,De 15 a 24 años,25,14.8843979099732
2016,Sinaloa,De 15 a 24 años,25,17.9058866347475
2021,Sinaloa,De 25 a 64 años,25,12.097517669956
2016,Sinaloa,De 25 a 64 años,25,10.2372822375432
2021,Sinaloa,De 65 años y más,25,0.0
2016,Sinaloa,De 65 años y más,25,35.4700854700855
2021,Sinaloa,Edad no especificada en mujeres de 15 años y más,25,
2016,Sinaloa,Edad no especificada en mujeres de 15 años y más,25,
2021,Sonora,Total,26,18.0803795142485
2016,Sonora,Total,26,14.2799764512988
2021,Sonora,De 15 a 24 años,26,20.0572327555809
2016,Sonora,De 15 a 24 años,26,15.0255895698049
2021,Sonora,De 25 a 64 años,26,9.18322015612109
2016,Sonora,De 25 a 64 años,26,9.20645826176572
2021,Sonora,De 65 años y más,26,0.0
2016,Sonora,De 65 años y más,26,
2021,Sonora,Edad no especificada en mujeres de 15 años y más,26,
2016,Sonora,Edad no especificada en mujeres de 15 años y más,26,
2021,Tabasco,Total,27,21.0630282984197
2016,Tabasco,Total,27,13.8228973367855
2021,Tabasco,De 15 a 24 años,27,22.5803922934885
2016,Tabasco,De 15 a 24 años,27,15.3082752291842
2021,Tabasco,De 25 a 64 años,27,10.1452985982206
2016,Tabasco,De 25 a 64 años,27,8.78667985492911
2021,Tabasco,De 65 años y más,27,0.0
2016,Tabasco,De 65 años y más,27,0.0
2021,Tabasco,Edad no especificada en mujeres de 15 años y más,27,
2016,Tabasco,Edad no especificada en mujeres de 15 años y más,27,
2021,Tamaulipas,Total,28,18.5579503159353
2016,Tamaulipas,Total,28,17.0865628175765
2021,Tamaulipas,De 15 a 24 años,28,19.4593710432733
2016,Tamaulipas,De 15 a 24 años,28,18.3694335049985
2021,Tamaulipas,De 25 a 64 años,28,11.3774951790275
2016,Tamaulipas,De 25 a 64 años,28,12.928752619389
2021,Tamaulipas,De 65 años y más,28,0.0
2016,Tamaulipas,De 65 años y más,28,0.0
2021,Tamaulipas,Edad no especificada en mujeres de 15 años y más,28,
2016,Tamaulipas,Edad no especificada en mujeres de 15 años y más,28,
2021,Tlaxcala,Total,29,22.986427550484404
2016,Tlaxcala,Total,29,15.906333860235998
2021,Tlaxcala,De 15 a 24 años,29,24.940095563527095
2016,Tlaxcala,De 15 a 24 años,29,17.0730987246103
2021,Tlaxcala,De 25 a 64 años,29,11.6043539990535
2016,Tlaxcala,De 25 a 64 años,29,10.8762490392006
2021,Tlaxcala,De 65 años y más,29,0.0
2016,Tlaxcala,De 65 años y más,29,0.0
2021,Tlaxcala,Edad no especificada en mujeres de 15 años y más,29,0.0
2016,Tlaxcala,Edad no especificada en mujeres de 15 años y más,29,
2021,Veracruz de Ignacio de la Llave,Total,30,24.0602717910311
2016,Veracruz de Ignacio de la Llave,Total,30,18.4809267859938
2021,Veracruz de Ignacio de la Llave,De 15 a 24 años,30,26.2531089978054
2016,Veracruz de Ignacio de la Llave,De 15 a 24 años,30,21.846175999232
2021,Veracruz de Ignacio de la Llave,De 25 a 64 años,30,10.988798015427
2016,Veracruz de Ignacio de la Llave,De 25 a 64 años,30,8.21442377904729
2021,Veracruz de Ignacio de la Llave,De 65 años y más,30,
2016,Veracruz de Ignacio de la Llave,De 65 años y más,30,8.66568914956012
2021,Veracruz de Ignacio de la Llave,Edad no especificada en mujeres de 15 años y más,30,
2016,Veracruz de Ignacio de la Llave,Edad no especificada en mujeres de 15 años y más,30,
2021,Yucatán,Total,31,24.817770275454603
2016,Yucatán,Total,31,17.1427930084999
2021,Yucatán,De 15 a 24 años,31,27.830284141504094
2016,Yucatán,De 15 a 24 años,31,19.7908129051486
2021,Yucatán,De 25 a 64 años,31,15.918729657757202
2016,Yucatán,De 25 a 64 años,31,6.56994900581097
2021,Yucatán,De 65 años y más,31,0.0
2016,Yucatán,De 65 años y más,31,0.0
2021,Yucatán,Edad no especificada en mujeres de 15 años y más,31,
2016,Yucatán,Edad no especificada en mujeres de 15 años y más,31,
2021,Zacatecas,Total,32,24.0243393187377
2016,Zacatecas,Total,32,20.2387707644892
2021,Zacatecas,De 15 a 24 años,32,27.2687334338893
2016,Zacatecas,De 15 a 24 años,32,26.2176571583481
2021,Zacatecas,De 25 a 64 años,32,10.0892381459776
2016,Zacatecas,De 25 a 64 años,32,3.65164604249358
2021,Zacatecas,De 65 años y más,32,0.0
2016,Zacatecas,De 65 años y más,32,0.0
2021,Zacatecas,Edad no especificada en mujeres de 15 años y más,32,
2016,Zacatecas,Edad no especificada en mujeres de 15 años y más,32,
